order_id,customer_id,order_date,sales_rep
1,1,2024-02-21,S. Wong
2,1,2024-03-27,M. Fernandez
3,1,2024-05-16,M. Fernandez
4,1,2024-07-20,L. Novak
5,1,2024-07-05,A. Patel
6,1,2024-07-23,S. Wong
7,1,2024-08-14,R. Khan
8,2,2022-04-17,A. Patel
9,2,2022-04-30,R. Khan
10,2,2022-06-24,L. Novak
11,2,2022-06-28,L. Novak
12,2,2022-07-19,J. Thompson
13,2,2022-07-18,M. Fernandez
14,2,2022-09-04,J. Thompson
15,2,2022-08-21,J. Thompson
16,2,2022-09-29,A. Patel
17,2,2022-10-17,L. Novak
18,2,2022-12-07,A. Patel
19,2,2023-01-30,R. Khan
20,2,2023-02-22,R. Khan
21,2,2023-03-31,R. Khan
22,2,2023-04-17,L. Novak
23,2,2023-05-11,J. Thompson
24,2,2023-05-20,R. Khan
25,2,2023-06-19,L. Novak
26,2,2023-06-25,R. Khan
27,2,2023-06-16,S. Wong
28,2,2023-06-23,J. Thompson
29,2,2023-08-17,S. Wong
30,2,2023-08-31,M. Fernandez
31,2,2023-10-23,S. Wong
32,2,2023-11-18,R. Khan
33,2,2023-11-07,A. Patel
34,2,2023-11-27,S. Wong
35,2,2023-12-19,J. Thompson
36,2,2024-01-16,A. Patel
37,2,2024-01-16,R. Khan
38,2,2024-01-19,R. Khan
39,2,2024-02-07,J. Thompson
40,2,2024-03-16,M. Fernandez
41,2,2024-03-17,R. Khan
42,2,2024-03-06,J. Thompson
43,2,2024-05-08,R. Khan
44,2,2024-06-15,R. Khan
45,3,2022-02-19,S. Wong
46,3,2022-02-23,A. Patel
47,3,2022-03-24,A. Patel
48,3,2022-03-11,L. Novak
49,3,2022-04-18,J. Thompson
50,3,2022-04-29,L. Novak
51,3,2022-04-25,A. Patel
52,3,2022-04-13,S. Wong
53,3,2022-07-08,S. Wong
54,3,2022-07-24,J. Thompson
55,3,2022-07-18,S. Wong
56,3,2022-07-12,R. Khan
57,3,2022-08-21,L. Novak
58,3,2022-10-07,M. Fernandez
59,3,2022-11-05,L. Novak
60,3,2023-02-22,L. Novak
61,4,2023-09-26,S. Wong
62,4,2023-09-18,L. Novak
63,4,2023-09-23,L. Novak
64,4,2023-09-15,R. Khan
65,4,2023-09-13,A. Patel
66,4,2023-10-30,R. Khan
67,4,2023-10-10,A. Patel
68,4,2023-10-30,J. Thompson
69,4,2023-11-13,S. Wong
70,4,2023-12-18,M. Fernandez
71,4,2023-12-28,R. Khan
72,4,2023-12-31,A. Patel
73,4,2024-01-08,S. Wong
74,4,2024-01-07,M. Fernandez
75,4,2024-02-26,R. Khan
76,4,2024-02-12,A. Patel
77,4,2024-03-27,M. Fernandez
78,4,2024-03-17,M. Fernandez
79,4,2024-04-18,S. Wong
80,4,2024-04-11,J. Thompson
81,4,2024-04-18,J. Thompson
82,4,2024-05-29,R. Khan
83,4,2024-06-25,M. Fernandez
84,4,2024-06-08,S. Wong
85,4,2024-08-20,L. Novak
86,4,2024-08-13,M. Fernandez
87,4,2024-08-18,L. Novak
88,4,2024-09-27,R. Khan
89,4,2024-09-27,R. Khan
90,4,2024-10-17,R. Khan
91,4,2024-11-03,R. Khan
92,4,2024-12-12,R. Khan
93,4,2024-12-20,S. Wong
94,4,2024-12-16,A. Patel
95,5,2022-08-15,R. Khan
96,5,2022-08-26,M. Fernandez
97,5,2022-09-19,R. Khan
98,5,2022-09-26,M. Fernandez
99,5,2022-09-14,A. Patel
100,5,2022-11-06,J. Thompson
101,5,2022-11-24,A. Patel
102,5,2022-11-29,S. Wong
103,5,2022-11-21,S. Wong
104,5,2022-12-26,M. Fernandez
105,5,2023-01-04,A. Patel
106,5,2022-12-25,R. Khan
107,5,2022-12-18,A. Patel
108,5,2022-12-13,S. Wong
109,5,2023-01-12,S. Wong
110,5,2023-01-15,R. Khan
111,5,2023-02-20,R. Khan
112,5,2023-04-02,R. Khan
113,5,2023-03-20,A. Patel
114,5,2023-03-25,R. Khan
115,5,2023-03-24,R. Khan
116,5,2023-04-15,M. Fernandez
117,5,2023-05-08,J. Thompson
118,5,2023-05-12,R. Khan
119,5,2023-05-23,J. Thompson
120,5,2023-05-13,S. Wong
121,5,2023-07-06,J. Thompson
122,5,2023-06-22,L. Novak
123,5,2023-07-03,L. Novak
124,5,2023-07-10,J. Thompson
125,5,2023-08-02,S. Wong
126,5,2023-08-31,J. Thompson
127,5,2023-08-21,S. Wong
128,5,2023-09-24,S. Wong
129,5,2023-09-14,M. Fernandez
130,5,2023-10-05,J. Thompson
131,5,2023-10-25,R. Khan
132,5,2023-11-17,J. Thompson
133,5,2023-12-27,L. Novak
134,5,2023-12-27,L. Novak
135,5,2024-01-11,J. Thompson
136,5,2024-01-22,A. Patel
137,5,2024-01-07,A. Patel
138,5,2024-02-27,J. Thompson
139,5,2024-02-21,S. Wong
140,5,2024-05-26,R. Khan
141,5,2024-07-21,R. Khan
142,5,2024-07-12,R. Khan
143,5,2024-08-24,S. Wong
144,5,2024-08-19,J. Thompson
145,5,2024-08-19,M. Fernandez
146,5,2024-08-14,S. Wong
147,5,2024-09-11,L. Novak
148,5,2024-09-29,L. Novak
149,5,2024-10-14,S. Wong
150,6,2024-04-27,J. Thompson
151,6,2024-05-02,S. Wong
152,6,2024-06-05,J. Thompson
153,6,2024-06-19,M. Fernandez
154,6,2024-07-25,M. Fernandez
155,6,2024-07-04,J. Thompson
156,6,2024-07-09,R. Khan
157,6,2024-08-24,R. Khan
158,6,2024-09-27,L. Novak
159,6,2024-09-25,M. Fernandez
160,6,2024-10-15,J. Thompson
161,6,2024-10-21,R. Khan
162,6,2024-11-26,S. Wong
163,6,2024-11-14,J. Thompson
164,6,2024-11-26,J. Thompson
165,6,2024-12-09,J. Thompson
166,6,2024-12-13,M. Fernandez
167,7,2022-08-17,A. Patel
168,7,2022-09-21,S. Wong
169,7,2022-09-10,M. Fernandez
170,7,2022-10-08,M. Fernandez
171,7,2022-10-15,R. Khan
172,7,2022-11-15,M. Fernandez
173,7,2022-12-12,S. Wong
174,7,2023-01-01,A. Patel
175,7,2023-01-26,S. Wong
176,7,2023-01-15,A. Patel
177,7,2023-02-19,M. Fernandez
178,7,2023-02-15,R. Khan
179,7,2023-02-10,S. Wong
180,7,2023-03-27,S. Wong
181,7,2023-04-17,A. Patel
182,7,2023-04-30,R. Khan
183,7,2023-07-19,L. Novak
184,7,2023-07-31,L. Novak
185,7,2023-07-26,S. Wong
186,7,2023-09-10,M. Fernandez
187,7,2023-09-28,S. Wong
188,7,2023-09-22,S. Wong
189,7,2023-09-20,A. Patel
190,7,2023-09-23,A. Patel
191,7,2023-09-24,L. Novak
192,7,2023-10-04,R. Khan
193,7,2023-10-06,M. Fernandez
194,7,2023-10-19,R. Khan
195,7,2023-10-15,S. Wong
196,7,2023-11-17,A. Patel
197,7,2023-11-28,L. Novak
198,7,2024-01-11,S. Wong
199,7,2024-01-12,S. Wong
200,7,2024-01-24,L. Novak
201,7,2024-03-26,L. Novak
202,7,2024-03-28,M. Fernandez
203,7,2024-04-25,J. Thompson
204,7,2024-05-17,J. Thompson
205,7,2024-06-06,S. Wong
206,7,2024-07-20,S. Wong
207,7,2024-09-11,R. Khan
208,7,2024-09-03,M. Fernandez
209,7,2024-09-30,R. Khan
210,7,2024-11-02,S. Wong
211,8,2022-04-26,L. Novak
212,8,2022-04-22,R. Khan
213,8,2022-05-21,S. Wong
214,8,2022-05-28,A. Patel
215,8,2022-05-17,M. Fernandez
216,8,2022-05-21,L. Novak
217,8,2022-05-23,R. Khan
218,8,2022-06-22,J. Thompson
219,8,2022-06-14,R. Khan
220,8,2022-07-13,J. Thompson
221,8,2022-08-05,M. Fernandez
222,8,2022-07-13,J. Thompson
223,8,2022-08-21,L. Novak
224,8,2022-08-13,A. Patel
225,8,2022-08-15,R. Khan
226,8,2022-08-31,S. Wong
227,8,2022-10-01,R. Khan
228,8,2022-10-21,R. Khan
229,8,2022-10-30,L. Novak
230,8,2022-10-21,M. Fernandez
231,8,2022-11-30,J. Thompson
232,8,2022-11-28,M. Fernandez
233,8,2022-12-31,J. Thompson
234,8,2022-12-17,R. Khan
235,8,2023-01-15,L. Novak
236,8,2023-03-03,R. Khan
237,8,2023-03-30,S. Wong
238,8,2023-04-02,L. Novak
239,8,2023-04-12,J. Thompson
240,8,2023-04-20,J. Thompson
241,8,2023-04-19,A. Patel
242,8,2023-04-21,L. Novak
243,8,2023-04-20,M. Fernandez
244,8,2023-04-25,L. Novak
245,8,2023-04-11,S. Wong
246,8,2023-05-15,M. Fernandez
247,8,2023-05-23,S. Wong
248,8,2023-06-07,L. Novak
249,8,2023-06-18,A. Patel
250,8,2023-06-13,J. Thompson
251,8,2023-06-12,A. Patel
252,8,2023-07-05,S. Wong
253,8,2023-07-17,L. Novak
254,8,2023-07-07,A. Patel
255,8,2023-07-08,R. Khan
256,8,2023-07-18,A. Patel
257,8,2023-09-12,A. Patel
258,8,2023-09-09,S. Wong
259,8,2023-09-27,A. Patel
260,8,2023-10-13,M. Fernandez
261,8,2023-10-22,L. Novak
262,8,2023-11-19,A. Patel
263,8,2023-11-07,L. Novak
264,8,2024-02-20,S. Wong
265,8,2024-02-03,A. Patel
266,8,2024-03-25,J. Thompson
267,8,2024-03-02,J. Thompson
268,8,2024-03-24,L. Novak
269,8,2024-04-08,J. Thompson
270,8,2024-04-08,L. Novak
271,8,2024-04-14,S. Wong
272,8,2024-04-14,L. Novak
273,8,2024-04-03,S. Wong
274,8,2024-04-23,S. Wong
275,9,2022-02-14,M. Fernandez
276,9,2022-03-11,S. Wong
277,9,2022-04-28,L. Novak
278,9,2022-06-03,J. Thompson
279,9,2022-07-30,J. Thompson
280,9,2022-07-26,R. Khan
281,9,2022-08-05,S. Wong
282,11,2024-06-04,S. Wong
283,11,2024-06-22,L. Novak
284,11,2024-07-23,J. Thompson
285,11,2024-08-15,M. Fernandez
286,11,2024-09-03,L. Novak
287,11,2024-09-09,S. Wong
288,11,2024-09-21,R. Khan
289,11,2024-10-13,R. Khan
290,11,2024-11-03,M. Fernandez
291,11,2024-11-16,L. Novak
292,11,2024-11-21,R. Khan
293,11,2024-12-25,A. Patel
294,11,2024-12-09,S. Wong
295,11,2024-12-15,L. Novak
296,11,2024-12-21,M. Fernandez
297,11,2024-12-31,R. Khan
298,12,2023-12-04,R. Khan
299,12,2023-11-11,S. Wong
300,12,2023-11-26,S. Wong
301,12,2024-01-14,M. Fernandez
302,12,2024-01-19,R. Khan
303,12,2024-02-11,A. Patel
304,12,2024-03-28,L. Novak
305,12,2024-03-08,L. Novak
306,12,2024-03-14,R. Khan
307,13,2022-04-18,L. Novak
308,13,2022-05-11,R. Khan
309,13,2022-04-16,R. Khan
310,13,2022-04-18,L. Novak
311,13,2022-04-27,L. Novak
312,13,2022-05-22,M. Fernandez
313,13,2022-06-27,M. Fernandez
314,13,2022-07-17,R. Khan
315,13,2022-07-16,J. Thompson
316,13,2022-08-29,M. Fernandez
317,13,2022-09-25,M. Fernandez
318,13,2022-09-16,L. Novak
319,13,2022-09-12,J. Thompson
320,13,2022-09-18,M. Fernandez
321,13,2022-10-19,J. Thompson
322,13,2022-11-07,S. Wong
323,13,2022-10-14,J. Thompson
324,13,2022-11-11,J. Thompson
325,13,2022-11-21,L. Novak
326,13,2022-12-28,M. Fernandez
327,13,2023-01-11,J. Thompson
328,13,2023-01-10,S. Wong
329,13,2023-03-28,S. Wong
330,13,2023-04-22,J. Thompson
331,13,2023-06-16,S. Wong
332,13,2023-06-27,R. Khan
333,13,2023-06-23,S. Wong
334,13,2023-07-12,S. Wong
335,13,2023-07-15,L. Novak
336,13,2023-08-24,S. Wong
337,13,2023-09-18,M. Fernandez
338,13,2023-09-25,J. Thompson
339,13,2023-09-07,S. Wong
340,13,2023-09-13,L. Novak
341,14,2023-02-07,A. Patel
342,14,2023-01-26,J. Thompson
343,14,2023-01-25,L. Novak
344,14,2023-03-08,M. Fernandez
345,14,2023-04-02,M. Fernandez
346,14,2023-03-18,A. Patel
347,14,2023-04-15,R. Khan
348,14,2023-06-09,J. Thompson
349,14,2023-05-16,A. Patel
350,14,2023-05-19,A. Patel
351,14,2023-05-27,R. Khan
352,14,2023-09-21,M. Fernandez
353,14,2023-11-24,L. Novak
354,14,2023-12-28,L. Novak
355,14,2023-12-23,M. Fernandez
356,14,2024-03-10,L. Novak
357,14,2024-04-19,R. Khan
358,14,2024-04-12,S. Wong
359,14,2024-06-10,J. Thompson
360,14,2024-07-10,L. Novak
361,14,2024-07-14,J. Thompson
362,14,2024-07-16,A. Patel
363,14,2024-08-19,S. Wong
364,14,2024-08-18,R. Khan
365,14,2024-08-31,L. Novak
366,14,2024-09-08,A. Patel
367,14,2024-11-08,A. Patel
368,14,2024-11-28,A. Patel
369,14,2024-11-27,A. Patel
370,15,2023-12-02,A. Patel
371,15,2024-01-22,R. Khan
372,15,2024-01-03,A. Patel
373,15,2024-01-01,M. Fernandez
374,15,2024-02-01,M. Fernandez
375,15,2024-03-05,L. Novak
376,15,2024-03-09,S. Wong
377,15,2024-04-19,R. Khan
378,15,2024-04-04,S. Wong
379,16,2024-01-31,M. Fernandez
380,16,2024-01-18,J. Thompson
381,16,2024-03-08,M. Fernandez
382,16,2024-03-13,S. Wong
383,16,2024-02-23,S. Wong
384,16,2024-03-18,R. Khan
385,16,2024-03-20,S. Wong
386,16,2024-04-11,J. Thompson
387,16,2024-04-18,L. Novak
388,16,2024-05-24,M. Fernandez
389,16,2024-05-28,R. Khan
390,16,2024-05-30,A. Patel
391,16,2024-06-19,J. Thompson
392,16,2024-09-07,A. Patel
393,16,2024-08-22,S. Wong
394,16,2024-08-19,M. Fernandez
395,16,2024-10-05,S. Wong
396,16,2024-09-23,L. Novak
397,16,2024-09-28,M. Fernandez
398,16,2024-11-21,M. Fernandez
399,16,2024-12-16,M. Fernandez
400,16,2024-12-31,L. Novak
401,17,2023-11-23,S. Wong
402,17,2024-01-11,J. Thompson
403,17,2024-01-08,R. Khan
404,17,2023-12-22,J. Thompson
405,17,2023-12-18,S. Wong
406,17,2024-01-08,J. Thompson
407,17,2023-12-29,L. Novak
408,17,2023-12-17,J. Thompson
409,17,2024-01-21,S. Wong
410,17,2024-03-09,L. Novak
411,17,2024-02-15,S. Wong
412,17,2024-03-13,R. Khan
413,17,2024-03-23,L. Novak
414,17,2024-04-28,R. Khan
415,17,2024-04-15,S. Wong
416,17,2024-05-04,A. Patel
417,17,2024-06-09,M. Fernandez
418,17,2024-05-29,M. Fernandez
419,17,2024-08-04,R. Khan
420,17,2024-09-03,M. Fernandez
421,17,2024-10-03,A. Patel
422,17,2024-09-22,M. Fernandez
423,17,2024-10-21,J. Thompson
424,17,2024-12-12,R. Khan
425,18,2024-03-17,S. Wong
426,18,2024-05-08,L. Novak
427,19,2022-11-30,L. Novak
428,19,2023-02-08,S. Wong
429,19,2023-04-15,L. Novak
430,19,2023-04-12,M. Fernandez
431,19,2023-06-25,M. Fernandez
432,20,2023-08-29,M. Fernandez
433,20,2023-08-18,A. Patel
434,20,2023-09-22,A. Patel
435,20,2023-10-15,R. Khan
436,20,2023-11-06,J. Thompson
437,20,2023-11-06,M. Fernandez
438,20,2023-11-12,L. Novak
439,20,2023-11-03,A. Patel
440,20,2023-12-26,J. Thompson
441,20,2024-01-21,S. Wong
442,20,2024-03-02,R. Khan
443,20,2024-03-01,M. Fernandez
444,20,2024-03-24,J. Thompson
445,20,2024-04-09,J. Thompson
446,20,2024-04-16,R. Khan
447,20,2024-04-09,M. Fernandez
448,20,2024-06-09,S. Wong
449,20,2024-06-10,J. Thompson
450,20,2024-06-06,J. Thompson
451,20,2024-07-29,R. Khan
452,20,2024-08-23,A. Patel
453,20,2024-07-30,R. Khan
454,20,2024-08-31,L. Novak
455,20,2024-09-19,A. Patel
456,20,2024-09-05,S. Wong
457,20,2024-10-18,L. Novak
458,20,2024-10-10,L. Novak
459,20,2024-10-13,M. Fernandez
460,20,2024-12-12,L. Novak
461,20,2024-12-02,R. Khan
462,20,2024-12-02,M. Fernandez
463,20,2024-12-11,J. Thompson
464,21,2024-06-26,A. Patel
465,21,2024-06-26,L. Novak
466,21,2024-09-12,J. Thompson
467,21,2024-08-26,J. Thompson
468,21,2024-10-03,L. Novak
469,21,2024-09-25,A. Patel
470,21,2024-11-12,L. Novak
471,21,2024-11-05,R. Khan
472,21,2024-12-17,M. Fernandez
473,22,2022-09-18,S. Wong
474,22,2022-09-14,L. Novak
475,22,2022-10-13,S. Wong
476,22,2022-10-29,S. Wong
477,22,2022-11-05,L. Novak
478,22,2022-11-12,S. Wong
479,22,2022-12-19,A. Patel
480,22,2023-01-29,M. Fernandez
481,22,2023-02-20,L. Novak
482,22,2023-02-28,L. Novak
483,22,2023-02-07,L. Novak
484,22,2023-03-06,S. Wong
485,22,2023-03-19,J. Thompson
486,22,2023-03-16,R. Khan
487,22,2023-03-23,R. Khan
488,22,2023-03-12,S. Wong
489,22,2023-03-21,S. Wong
490,22,2023-03-26,A. Patel
491,22,2023-04-27,L. Novak
492,22,2023-04-28,L. Novak
493,22,2023-06-04,S. Wong
494,22,2023-05-23,L. Novak
495,22,2023-06-10,L. Novak
496,22,2023-06-18,L. Novak
497,22,2023-07-29,A. Patel
498,22,2023-08-21,J. Thompson
499,22,2023-08-12,A. Patel
500,22,2023-08-16,A. Patel
501,22,2023-09-08,S. Wong
502,22,2023-09-20,A. Patel
503,22,2023-09-20,R. Khan
504,22,2023-09-10,L. Novak
505,22,2023-10-26,R. Khan
506,22,2023-10-27,J. Thompson
507,22,2023-11-18,J. Thompson
508,22,2023-11-26,L. Novak
509,22,2023-12-27,R. Khan
510,22,2023-12-23,L. Novak
511,22,2023-12-08,L. Novak
512,22,2023-12-26,L. Novak
513,22,2024-01-20,S. Wong
514,22,2024-02-25,R. Khan
515,22,2024-03-06,A. Patel
516,22,2024-04-08,M. Fernandez
517,22,2024-04-10,J. Thompson
518,22,2024-04-27,M. Fernandez
519,22,2024-04-13,S. Wong
520,22,2024-04-29,L. Novak
521,22,2024-05-09,R. Khan
522,22,2024-05-14,S. Wong
523,22,2024-05-02,L. Novak
524,22,2024-05-28,J. Thompson
525,22,2024-05-21,J. Thompson
526,22,2024-06-06,L. Novak
527,22,2024-06-06,L. Novak
528,22,2024-07-18,M. Fernandez
529,22,2024-08-27,M. Fernandez
530,22,2024-09-13,L. Novak
531,22,2024-09-09,R. Khan
532,22,2024-09-18,L. Novak
533,22,2024-09-10,A. Patel
534,22,2024-09-15,A. Patel
535,22,2024-09-01,M. Fernandez
536,23,2023-10-01,M. Fernandez
537,23,2023-11-05,R. Khan
538,23,2023-11-11,M. Fernandez
539,23,2023-10-28,A. Patel
540,23,2023-10-29,R. Khan
541,23,2024-02-04,R. Khan
542,23,2024-01-25,M. Fernandez
543,23,2024-02-18,L. Novak
544,23,2024-06-08,L. Novak
545,24,2022-06-27,R. Khan
546,24,2022-07-25,A. Patel
547,24,2022-09-21,A. Patel
548,25,2022-07-10,J. Thompson
549,25,2022-08-11,S. Wong
550,25,2022-09-23,R. Khan
551,25,2022-11-12,R. Khan
552,26,2022-03-29,A. Patel
553,26,2022-04-01,L. Novak
554,26,2022-04-30,S. Wong
555,26,2022-04-11,R. Khan
556,26,2022-04-18,R. Khan
557,26,2022-05-27,L. Novak
558,26,2022-08-08,A. Patel
559,27,2022-10-04,S. Wong
560,27,2022-10-08,L. Novak
561,27,2022-10-12,R. Khan
562,27,2022-11-21,R. Khan
563,27,2023-01-04,R. Khan
564,27,2023-01-27,L. Novak
565,27,2023-04-16,J. Thompson
566,27,2023-05-03,J. Thompson
567,27,2023-07-31,A. Patel
568,27,2023-08-25,M. Fernandez
569,27,2023-09-28,R. Khan
570,27,2023-09-10,M. Fernandez
571,27,2023-10-03,L. Novak
572,27,2023-11-02,M. Fernandez
573,27,2023-11-24,R. Khan
574,27,2023-12-29,R. Khan
575,27,2024-02-04,J. Thompson
576,27,2024-03-01,A. Patel
577,27,2024-03-28,A. Patel
578,27,2024-03-25,M. Fernandez
579,27,2024-05-19,J. Thompson
580,27,2024-06-22,A. Patel
581,27,2024-06-13,R. Khan
582,27,2024-07-20,J. Thompson
583,27,2024-08-26,J. Thompson
584,27,2024-08-12,A. Patel
585,27,2024-09-25,J. Thompson
586,27,2024-10-05,L. Novak
587,28,2024-07-21,M. Fernandez
588,28,2024-06-30,S. Wong
589,28,2024-07-11,M. Fernandez
590,28,2024-08-20,M. Fernandez
591,28,2024-07-29,S. Wong
592,28,2024-09-09,L. Novak
593,28,2024-08-29,M. Fernandez
594,28,2024-09-18,M. Fernandez
595,28,2024-10-14,S. Wong
596,28,2024-10-19,S. Wong
597,28,2024-09-24,J. Thompson
598,28,2024-10-24,R. Khan
599,28,2024-10-31,J. Thompson
600,28,2024-11-15,L. Novak
601,28,2024-11-11,S. Wong
602,28,2024-10-27,R. Khan
603,28,2024-12-08,M. Fernandez
604,28,2024-12-02,S. Wong
605,28,2024-12-26,A. Patel
606,29,2022-11-24,R. Khan
607,29,2022-12-12,R. Khan
608,29,2022-12-12,L. Novak
609,29,2023-01-22,A. Patel
610,29,2023-02-17,R. Khan
611,29,2023-03-15,L. Novak
612,29,2023-03-21,J. Thompson
613,29,2023-04-15,R. Khan
614,29,2023-04-19,A. Patel
615,29,2023-05-16,J. Thompson
616,29,2023-04-30,S. Wong
617,29,2023-05-07,R. Khan
618,29,2023-06-08,R. Khan
619,29,2023-06-10,M. Fernandez
620,29,2023-06-07,L. Novak
621,29,2023-07-18,J. Thompson
622,29,2023-07-11,S. Wong
623,29,2023-07-16,L. Novak
624,29,2023-08-06,L. Novak
625,29,2023-08-20,J. Thompson
626,29,2023-09-01,J. Thompson
627,29,2023-10-16,S. Wong
628,29,2023-10-15,R. Khan
629,29,2023-11-12,S. Wong
630,29,2023-11-01,J. Thompson
631,29,2023-11-08,R. Khan
632,29,2023-11-13,A. Patel
633,29,2023-10-28,A. Patel
634,29,2023-12-04,S. Wong
635,29,2023-11-24,A. Patel
636,29,2023-12-03,M. Fernandez
637,29,2023-12-06,S. Wong
638,29,2023-11-25,R. Khan
639,29,2023-12-31,M. Fernandez
640,29,2023-12-30,R. Khan
641,29,2024-01-06,J. Thompson
642,29,2024-02-08,A. Patel
643,29,2024-03-11,J. Thompson
644,29,2024-03-02,R. Khan
645,29,2024-02-22,S. Wong
646,29,2024-04-05,M. Fernandez
647,29,2024-04-25,L. Novak
648,29,2024-05-26,J. Thompson
649,29,2024-05-27,J. Thompson
650,29,2024-06-23,A. Patel
651,29,2024-07-10,L. Novak
652,29,2024-07-16,S. Wong
653,29,2024-07-07,M. Fernandez
654,29,2024-07-26,R. Khan
655,29,2024-08-13,S. Wong
656,29,2024-07-31,L. Novak
657,29,2024-08-10,R. Khan
658,29,2024-08-09,J. Thompson
659,29,2024-09-06,M. Fernandez
660,29,2024-08-25,M. Fernandez
661,29,2024-09-02,S. Wong
662,29,2024-09-11,M. Fernandez
663,29,2024-08-23,R. Khan
664,29,2024-09-24,A. Patel
665,29,2024-11-13,S. Wong
666,29,2024-10-21,S. Wong
667,29,2024-10-30,S. Wong
668,29,2024-11-03,L. Novak
669,29,2024-12-03,R. Khan
670,29,2024-11-19,L. Novak
671,29,2024-12-12,M. Fernandez
672,30,2024-06-23,M. Fernandez
673,30,2024-06-26,A. Patel
674,30,2024-07-21,R. Khan
675,30,2024-07-26,M. Fernandez
676,30,2024-10-02,M. Fernandez
677,30,2024-10-08,M. Fernandez
678,30,2024-12-09,A. Patel
679,30,2024-12-22,J. Thompson
680,31,2022-05-08,L. Novak
681,31,2022-05-07,R. Khan
682,31,2022-05-23,L. Novak
683,31,2022-07-11,L. Novak
684,32,2022-08-04,A. Patel
685,32,2022-08-07,R. Khan
686,32,2022-10-15,S. Wong
687,32,2022-11-22,L. Novak
688,33,2024-03-22,L. Novak
689,33,2024-04-03,J. Thompson
690,33,2024-03-29,M. Fernandez
691,33,2024-06-14,R. Khan
692,33,2024-06-24,R. Khan
693,33,2024-07-19,R. Khan
694,33,2024-08-30,A. Patel
695,33,2024-08-09,M. Fernandez
696,33,2024-09-20,J. Thompson
697,33,2024-10-04,L. Novak
698,33,2024-10-29,M. Fernandez
699,33,2024-10-17,R. Khan
700,33,2024-10-27,L. Novak
701,33,2024-10-17,L. Novak
702,33,2024-10-29,L. Novak
703,33,2024-10-21,M. Fernandez
704,33,2024-10-13,A. Patel
705,33,2024-11-22,S. Wong
706,33,2024-11-07,A. Patel
707,33,2024-12-07,L. Novak
708,34,2023-05-16,S. Wong
709,34,2023-06-24,S. Wong
710,34,2023-06-25,A. Patel
711,34,2023-07-09,S. Wong
712,34,2023-07-30,J. Thompson
713,34,2023-10-09,A. Patel
714,34,2023-09-20,S. Wong
715,34,2023-09-27,L. Novak
716,34,2023-10-04,J. Thompson
717,34,2023-10-18,L. Novak
718,34,2023-10-30,R. Khan
719,34,2023-10-28,L. Novak
720,34,2024-01-08,L. Novak
721,34,2024-01-31,S. Wong
722,34,2024-01-29,A. Patel
723,34,2024-02-05,L. Novak
724,34,2024-03-05,A. Patel
725,34,2024-02-12,L. Novak
726,34,2024-04-30,J. Thompson
727,34,2024-04-27,L. Novak
728,34,2024-04-10,L. Novak
729,34,2024-05-11,S. Wong
730,34,2024-06-24,J. Thompson
731,34,2024-07-23,M. Fernandez
732,34,2024-07-23,M. Fernandez
733,34,2024-07-09,L. Novak
734,34,2024-08-05,M. Fernandez
735,34,2024-07-26,S. Wong
736,34,2024-08-23,R. Khan
737,34,2024-08-18,S. Wong
738,34,2024-09-28,A. Patel
739,34,2024-10-12,A. Patel
740,34,2024-10-13,A. Patel
741,34,2024-10-27,S. Wong
742,34,2024-10-15,A. Patel
743,34,2024-11-08,A. Patel
744,34,2024-12-08,S. Wong
745,35,2022-03-24,S. Wong
746,35,2022-04-08,R. Khan
747,35,2022-04-02,M. Fernandez
748,35,2022-04-16,A. Patel
749,35,2022-04-07,R. Khan
750,35,2022-05-07,R. Khan
751,35,2022-07-16,S. Wong
752,35,2022-07-17,M. Fernandez
753,35,2022-08-03,J. Thompson
754,35,2022-08-15,R. Khan
755,35,2022-09-24,M. Fernandez
756,35,2022-10-16,J. Thompson
757,35,2022-11-04,M. Fernandez
758,35,2022-10-28,M. Fernandez
759,35,2022-12-05,J. Thompson
760,35,2022-12-20,L. Novak
761,35,2022-12-14,R. Khan
762,35,2022-12-10,M. Fernandez
763,35,2023-01-06,R. Khan
764,35,2023-01-20,M. Fernandez
765,35,2023-01-07,R. Khan
766,35,2023-01-18,M. Fernandez
767,35,2023-02-12,A. Patel
768,35,2023-02-06,A. Patel
769,35,2023-02-05,S. Wong
770,35,2023-04-22,R. Khan
771,35,2023-04-19,L. Novak
772,35,2023-07-04,R. Khan
773,35,2023-07-28,A. Patel
774,35,2023-09-24,J. Thompson
775,35,2023-10-02,A. Patel
776,35,2023-10-04,M. Fernandez
777,35,2023-10-08,S. Wong
778,36,2023-08-17,S. Wong
779,36,2023-09-29,L. Novak
780,36,2023-09-20,L. Novak
781,36,2023-10-21,M. Fernandez
782,36,2023-12-28,L. Novak
783,36,2024-01-13,M. Fernandez
784,36,2024-05-03,J. Thompson
785,36,2024-06-10,L. Novak
786,36,2024-09-27,A. Patel
787,36,2024-10-31,M. Fernandez
788,36,2024-10-26,A. Patel
789,36,2024-11-13,J. Thompson
790,36,2024-12-20,S. Wong
791,37,2022-05-21,R. Khan
792,37,2022-05-15,L. Novak
793,37,2022-05-11,S. Wong
794,37,2022-07-05,A. Patel
795,37,2022-07-05,L. Novak
796,37,2022-07-11,M. Fernandez
797,37,2022-08-13,R. Khan
798,37,2022-09-13,R. Khan
799,37,2022-10-29,J. Thompson
800,37,2022-10-27,M. Fernandez
801,37,2022-11-21,M. Fernandez
802,37,2023-01-12,S. Wong
803,37,2023-01-12,J. Thompson
804,37,2023-02-24,J. Thompson
805,37,2023-02-15,R. Khan
806,37,2023-04-22,J. Thompson
807,37,2023-04-21,J. Thompson
808,37,2023-05-22,R. Khan
809,37,2023-05-26,L. Novak
810,37,2023-06-08,M. Fernandez
811,37,2023-06-20,L. Novak
812,37,2023-06-13,J. Thompson
813,37,2023-06-16,S. Wong
814,37,2023-07-26,M. Fernandez
815,37,2023-07-07,J. Thompson
816,37,2023-08-21,M. Fernandez
817,37,2023-08-09,L. Novak
818,37,2023-10-03,L. Novak
819,37,2023-10-23,L. Novak
820,38,2023-06-29,J. Thompson
821,38,2023-07-08,A. Patel
822,38,2023-08-15,J. Thompson
823,38,2023-08-08,R. Khan
824,38,2023-09-06,S. Wong
825,38,2023-09-16,S. Wong
826,38,2023-10-11,R. Khan
827,38,2023-09-26,S. Wong
828,38,2023-10-05,L. Novak
829,38,2023-11-04,R. Khan
830,38,2023-11-01,S. Wong
831,38,2023-12-05,M. Fernandez
832,38,2023-12-18,L. Novak
833,38,2023-12-27,R. Khan
834,38,2024-01-21,J. Thompson
835,38,2024-03-23,M. Fernandez
836,39,2023-07-29,L. Novak
837,39,2023-10-08,L. Novak
838,39,2024-01-25,S. Wong
839,39,2024-01-04,J. Thompson
840,39,2024-02-07,J. Thompson
841,40,2023-11-28,M. Fernandez
842,40,2023-12-23,J. Thompson
843,40,2024-01-12,M. Fernandez
844,40,2024-01-03,S. Wong
845,40,2024-02-05,L. Novak
846,40,2024-03-07,R. Khan
847,40,2024-03-05,M. Fernandez
848,40,2024-03-22,A. Patel
849,40,2024-04-08,R. Khan
850,40,2024-04-30,J. Thompson
851,40,2024-05-06,L. Novak
852,40,2024-06-04,M. Fernandez
853,40,2024-06-10,M. Fernandez
854,40,2024-06-10,S. Wong
855,41,2022-05-14,R. Khan
856,41,2022-05-23,A. Patel
857,41,2022-05-27,L. Novak
858,41,2022-08-27,L. Novak
859,41,2022-08-10,R. Khan
860,41,2023-02-13,R. Khan
861,42,2023-09-04,J. Thompson
862,42,2023-08-26,S. Wong
863,42,2023-11-21,J. Thompson
864,42,2024-01-10,L. Novak
865,42,2023-12-30,L. Novak
866,42,2024-02-01,R. Khan
867,42,2024-03-03,S. Wong
868,42,2024-03-19,M. Fernandez
869,42,2024-03-08,J. Thompson
870,42,2024-03-16,A. Patel
871,42,2024-03-10,R. Khan
872,42,2024-03-11,L. Novak
873,42,2024-03-31,A. Patel
874,42,2024-04-18,J. Thompson
875,42,2024-05-19,M. Fernandez
876,42,2024-06-04,A. Patel
877,42,2024-05-28,R. Khan
878,42,2024-07-16,A. Patel
879,42,2024-09-05,A. Patel
880,42,2024-09-04,L. Novak
881,42,2024-10-10,J. Thompson
882,42,2024-11-02,S. Wong
883,42,2024-11-15,R. Khan
884,42,2024-11-02,A. Patel
885,42,2024-12-12,L. Novak
886,42,2024-12-08,J. Thompson
887,42,2024-11-26,R. Khan
888,42,2024-11-26,J. Thompson
889,42,2024-12-18,R. Khan
890,43,2022-03-24,M. Fernandez
891,43,2022-04-01,J. Thompson
892,43,2022-04-02,M. Fernandez
893,43,2022-05-04,A. Patel
894,43,2022-04-14,A. Patel
895,43,2022-05-31,L. Novak
896,43,2022-07-08,J. Thompson
897,43,2022-08-07,L. Novak
898,43,2022-08-01,L. Novak
899,43,2022-11-06,R. Khan
900,43,2022-11-01,L. Novak
901,43,2022-10-10,A. Patel
902,43,2023-01-05,J. Thompson
903,43,2023-04-12,R. Khan
904,44,2022-02-27,A. Patel
905,44,2022-02-27,M. Fernandez
906,44,2022-02-21,J. Thompson
907,44,2022-03-10,L. Novak
908,44,2022-04-25,J. Thompson
909,44,2022-04-05,L. Novak
910,44,2022-04-13,R. Khan
911,44,2022-06-07,M. Fernandez
912,44,2022-06-28,R. Khan
913,44,2022-07-03,A. Patel
914,44,2022-08-25,L. Novak
915,44,2022-08-22,J. Thompson
916,44,2022-08-19,S. Wong
917,44,2022-10-10,M. Fernandez
918,44,2022-11-01,R. Khan
919,44,2022-12-15,S. Wong
920,44,2022-12-10,R. Khan
921,44,2022-12-21,R. Khan
922,44,2022-12-06,S. Wong
923,44,2023-01-10,S. Wong
924,44,2023-02-12,J. Thompson
925,44,2023-02-23,M. Fernandez
926,44,2023-04-02,A. Patel
927,44,2023-03-29,J. Thompson
928,44,2023-04-02,L. Novak
929,44,2023-05-17,J. Thompson
930,44,2023-05-10,M. Fernandez
931,44,2023-06-16,A. Patel
932,44,2023-06-05,S. Wong
933,44,2023-09-10,L. Novak
934,44,2023-11-16,A. Patel
935,44,2023-11-10,M. Fernandez
936,44,2023-11-26,J. Thompson
937,44,2023-11-26,L. Novak
938,44,2023-12-11,A. Patel
939,44,2023-12-17,M. Fernandez
940,44,2023-11-25,L. Novak
941,45,2022-12-02,S. Wong
942,45,2022-12-07,L. Novak
943,45,2023-01-27,A. Patel
944,45,2023-01-19,M. Fernandez
945,45,2023-03-01,J. Thompson
946,45,2023-03-07,J. Thompson
947,45,2023-02-15,R. Khan
948,45,2023-03-14,J. Thompson
949,45,2023-05-02,S. Wong
950,45,2023-06-03,M. Fernandez
951,45,2023-05-19,A. Patel
952,45,2023-06-24,S. Wong
953,45,2023-06-17,S. Wong
954,45,2023-08-06,S. Wong
955,45,2023-08-04,S. Wong
956,45,2023-07-11,A. Patel
957,45,2023-09-05,M. Fernandez
958,45,2023-08-17,L. Novak
959,45,2023-10-01,L. Novak
960,45,2023-09-13,M. Fernandez
961,45,2023-11-20,A. Patel
962,45,2023-11-30,M. Fernandez
963,45,2023-11-26,A. Patel
964,45,2024-02-26,J. Thompson
965,45,2024-03-03,R. Khan
966,45,2024-02-29,L. Novak
967,45,2024-02-14,S. Wong
968,45,2024-02-19,M. Fernandez
969,45,2024-02-10,A. Patel
970,45,2024-02-15,A. Patel
971,45,2024-03-08,S. Wong
972,45,2024-03-11,L. Novak
973,45,2024-03-12,R. Khan
974,46,2024-01-19,A. Patel
975,46,2024-01-13,R. Khan
976,46,2024-01-15,L. Novak
977,46,2024-03-02,S. Wong
978,46,2024-03-23,R. Khan
979,46,2024-04-02,S. Wong
980,46,2024-04-27,J. Thompson
981,46,2024-05-02,S. Wong
982,46,2024-04-27,M. Fernandez
983,46,2024-04-11,L. Novak
984,46,2024-06-26,M. Fernandez
985,46,2024-07-03,M. Fernandez
986,46,2024-07-10,S. Wong
987,46,2024-09-19,A. Patel
988,46,2024-09-21,L. Novak
989,46,2024-09-13,A. Patel
990,46,2024-10-27,M. Fernandez
991,46,2024-10-17,A. Patel
992,46,2024-12-09,J. Thompson
993,47,2024-03-16,A. Patel
994,47,2024-04-13,S. Wong
995,47,2024-05-13,J. Thompson
996,47,2024-06-08,A. Patel
997,47,2024-07-08,A. Patel
998,47,2024-07-01,R. Khan
999,47,2024-07-25,M. Fernandez
1000,47,2024-07-29,J. Thompson
1001,47,2024-08-16,M. Fernandez
1002,47,2024-08-19,J. Thompson
1003,47,2024-09-15,S. Wong
1004,47,2024-10-14,A. Patel
1005,48,2023-12-06,J. Thompson
1006,48,2023-12-26,R. Khan
1007,48,2024-01-27,J. Thompson
1008,48,2024-01-13,R. Khan
1009,48,2024-02-26,A. Patel
1010,48,2024-02-24,M. Fernandez
1011,48,2024-03-12,J. Thompson
1012,48,2024-04-07,R. Khan
1013,48,2024-05-18,L. Novak
1014,48,2024-06-09,A. Patel
1015,48,2024-06-18,J. Thompson
1016,48,2024-08-03,L. Novak
1017,49,2024-06-13,R. Khan
1018,49,2024-07-20,J. Thompson
1019,49,2024-08-18,A. Patel
1020,49,2024-08-25,S. Wong
1021,49,2024-08-23,M. Fernandez
1022,49,2024-09-08,A. Patel
1023,49,2024-09-28,J. Thompson
1024,49,2024-09-16,A. Patel
1025,49,2024-09-06,S. Wong
1026,49,2024-10-07,L. Novak
1027,49,2024-10-05,A. Patel
1028,49,2024-12-14,S. Wong
1029,50,2023-03-14,L. Novak
1030,50,2023-03-02,R. Khan
1031,50,2023-03-27,A. Patel
1032,50,2023-04-01,R. Khan
1033,50,2023-04-06,A. Patel
1034,50,2023-06-11,R. Khan
1035,50,2023-06-03,S. Wong
1036,50,2023-05-25,A. Patel
1037,50,2023-05-22,M. Fernandez
1038,50,2023-06-17,S. Wong
1039,50,2023-07-14,R. Khan
1040,50,2023-07-29,J. Thompson
1041,50,2023-08-06,A. Patel
1042,50,2023-08-08,M. Fernandez
1043,50,2023-09-04,R. Khan
1044,50,2023-09-08,A. Patel
1045,50,2023-09-26,S. Wong
1046,50,2023-12-01,L. Novak
1047,50,2023-12-06,J. Thompson
1048,50,2023-12-01,A. Patel
1049,50,2023-12-08,L. Novak
1050,50,2023-11-22,R. Khan
1051,50,2023-12-25,S. Wong
1052,50,2024-02-04,R. Khan
1053,50,2024-02-04,A. Patel
1054,50,2024-01-15,S. Wong
1055,50,2024-01-16,J. Thompson
1056,50,2024-01-28,J. Thompson
1057,50,2024-02-12,M. Fernandez
1058,50,2024-02-23,S. Wong
1059,50,2024-03-19,A. Patel
1060,50,2024-04-08,R. Khan
1061,50,2024-04-02,L. Novak
1062,50,2024-04-04,R. Khan
1063,50,2024-04-07,M. Fernandez
1064,50,2024-03-28,M. Fernandez
1065,50,2024-03-22,S. Wong
1066,50,2024-04-04,R. Khan
1067,50,2024-05-04,L. Novak
1068,50,2024-05-15,A. Patel
1069,50,2024-05-20,M. Fernandez
1070,50,2024-08-02,A. Patel
1071,50,2024-07-25,R. Khan
1072,50,2024-08-13,A. Patel
1073,50,2024-09-13,A. Patel
1074,50,2024-09-24,M. Fernandez
1075,50,2024-10-19,L. Novak
1076,50,2024-11-23,A. Patel
1077,50,2024-12-11,M. Fernandez
1078,50,2024-12-27,J. Thompson
1079,50,2024-12-27,L. Novak
1080,51,2022-11-08,M. Fernandez
1081,51,2022-10-31,S. Wong
1082,51,2022-10-26,J. Thompson
1083,51,2022-12-14,L. Novak
1084,51,2023-01-09,S. Wong
1085,51,2022-12-22,M. Fernandez
1086,51,2023-01-14,J. Thompson
1087,51,2023-01-17,L. Novak
1088,51,2023-03-02,A. Patel
1089,51,2023-02-26,R. Khan
1090,51,2023-02-13,A. Patel
1091,51,2023-03-30,S. Wong
1092,51,2023-03-30,S. Wong
1093,51,2023-05-08,R. Khan
1094,51,2023-04-26,J. Thompson
1095,51,2023-04-16,M. Fernandez
1096,51,2023-05-15,L. Novak
1097,51,2023-06-03,L. Novak
1098,51,2023-07-05,M. Fernandez
1099,51,2023-07-29,S. Wong
1100,51,2023-08-02,A. Patel
1101,51,2023-09-09,M. Fernandez
1102,51,2023-09-13,M. Fernandez
1103,51,2023-09-10,M. Fernandez
1104,51,2023-10-10,M. Fernandez
1105,51,2023-11-24,J. Thompson
1106,51,2023-12-02,J. Thompson
1107,51,2023-12-29,L. Novak
1108,51,2023-12-19,J. Thompson
1109,51,2023-12-24,M. Fernandez
1110,51,2023-12-13,A. Patel
1111,51,2023-12-15,J. Thompson
1112,51,2023-12-25,L. Novak
1113,51,2023-12-22,A. Patel
1114,51,2023-12-08,S. Wong
1115,51,2024-02-10,S. Wong
1116,51,2024-02-06,L. Novak
1117,51,2024-02-10,L. Novak
1118,52,2022-07-11,J. Thompson
1119,52,2022-08-28,A. Patel
1120,52,2022-08-30,S. Wong
1121,52,2022-09-30,L. Novak
1122,52,2022-10-06,A. Patel
1123,52,2022-10-30,A. Patel
1124,52,2023-02-13,A. Patel
1125,52,2023-03-01,L. Novak
1126,52,2023-04-08,R. Khan
1127,53,2024-04-23,J. Thompson
1128,53,2024-06-30,R. Khan
1129,53,2024-06-09,J. Thompson
1130,53,2024-06-11,S. Wong
1131,53,2024-08-31,M. Fernandez
1132,53,2024-08-18,A. Patel
1133,53,2024-09-20,J. Thompson
1134,54,2023-07-09,A. Patel
1135,54,2023-08-16,S. Wong
1136,54,2023-08-24,S. Wong
1137,54,2023-09-02,S. Wong
1138,54,2023-08-22,L. Novak
1139,54,2023-08-21,R. Khan
1140,54,2023-09-10,S. Wong
1141,54,2023-09-11,A. Patel
1142,54,2023-10-25,S. Wong
1143,54,2023-11-01,S. Wong
1144,54,2023-11-13,L. Novak
1145,54,2023-11-17,S. Wong
1146,54,2023-12-13,S. Wong
1147,54,2024-02-06,L. Novak
1148,54,2024-02-18,L. Novak
1149,54,2024-03-16,R. Khan
1150,54,2024-04-22,A. Patel
1151,54,2024-04-27,R. Khan
1152,54,2024-04-18,S. Wong
1153,54,2024-06-02,A. Patel
1154,54,2024-07-29,S. Wong
1155,54,2024-07-19,L. Novak
1156,54,2024-07-15,J. Thompson
1157,54,2024-07-26,A. Patel
1158,54,2024-07-19,R. Khan
1159,54,2024-08-02,S. Wong
1160,54,2024-09-19,L. Novak
1161,54,2024-09-30,R. Khan
1162,54,2024-10-26,M. Fernandez
1163,54,2024-11-23,L. Novak
1164,54,2024-11-10,M. Fernandez
1165,54,2024-11-06,J. Thompson
1166,54,2024-12-01,M. Fernandez
1167,54,2024-12-04,A. Patel
1168,54,2024-12-17,R. Khan
1169,54,2024-12-17,A. Patel
1170,55,2023-03-08,A. Patel
1171,55,2023-05-08,L. Novak
1172,55,2023-05-03,S. Wong
1173,55,2023-07-18,A. Patel
1174,55,2023-07-09,S. Wong
1175,55,2023-06-23,L. Novak
1176,55,2023-07-09,R. Khan
1177,55,2023-08-10,M. Fernandez
1178,55,2023-11-24,S. Wong
1179,55,2024-02-07,R. Khan
1180,55,2024-03-09,R. Khan
1181,55,2024-08-20,L. Novak
1182,55,2024-09-10,S. Wong
1183,55,2024-10-24,S. Wong
1184,55,2024-12-05,L. Novak
1185,55,2024-12-09,A. Patel
1186,55,2024-12-08,M. Fernandez
1187,56,2022-03-09,S. Wong
1188,56,2022-03-08,A. Patel
1189,56,2022-04-16,R. Khan
1190,56,2022-04-06,M. Fernandez
1191,56,2022-04-26,M. Fernandez
1192,56,2022-04-26,A. Patel
1193,56,2022-04-11,R. Khan
1194,56,2022-05-22,L. Novak
1195,56,2022-05-27,L. Novak
1196,56,2022-05-19,L. Novak
1197,56,2022-05-09,S. Wong
1198,56,2022-06-19,A. Patel
1199,56,2022-06-12,L. Novak
1200,56,2022-07-04,A. Patel
1201,56,2022-07-14,S. Wong
1202,56,2022-07-17,M. Fernandez
1203,56,2022-07-17,S. Wong
1204,56,2022-08-10,S. Wong
1205,56,2022-08-18,A. Patel
1206,56,2022-08-24,L. Novak
1207,56,2022-09-10,M. Fernandez
1208,56,2022-10-25,J. Thompson
1209,56,2022-10-07,A. Patel
1210,56,2022-10-25,J. Thompson
1211,56,2022-11-22,A. Patel
1212,56,2022-11-20,S. Wong
1213,56,2022-12-23,J. Thompson
1214,56,2023-02-08,R. Khan
1215,56,2023-02-19,A. Patel
1216,56,2023-02-20,L. Novak
1217,56,2023-03-03,L. Novak
1218,56,2023-03-30,J. Thompson
1219,56,2023-05-20,L. Novak
1220,56,2023-05-09,M. Fernandez
1221,56,2023-05-31,L. Novak
1222,56,2023-06-06,J. Thompson
1223,56,2023-05-26,R. Khan
1224,56,2023-06-03,L. Novak
1225,56,2023-08-13,S. Wong
1226,56,2023-08-12,A. Patel
1227,56,2023-09-09,S. Wong
1228,56,2023-09-15,J. Thompson
1229,56,2023-10-16,S. Wong
1230,56,2023-09-29,M. Fernandez
1231,56,2023-11-05,J. Thompson
1232,56,2023-10-31,J. Thompson
1233,56,2023-11-12,S. Wong
1234,56,2023-11-07,J. Thompson
1235,56,2023-11-28,L. Novak
1236,56,2023-12-30,A. Patel
1237,56,2023-12-23,A. Patel
1238,56,2024-01-10,L. Novak
1239,56,2024-01-07,R. Khan
1240,56,2024-01-25,R. Khan
1241,56,2024-01-26,M. Fernandez
1242,56,2024-01-31,S. Wong
1243,56,2024-02-12,R. Khan
1244,56,2024-02-21,J. Thompson
1245,56,2024-03-30,M. Fernandez
1246,56,2024-03-31,L. Novak
1247,56,2024-05-15,S. Wong
1248,56,2024-04-24,A. Patel
1249,56,2024-05-05,M. Fernandez
1250,56,2024-05-03,A. Patel
1251,57,2024-04-26,S. Wong
1252,57,2024-05-09,J. Thompson
1253,57,2024-05-14,J. Thompson
1254,57,2024-05-28,M. Fernandez
1255,57,2024-05-28,R. Khan
1256,57,2024-06-18,S. Wong
1257,58,2024-01-28,L. Novak
1258,58,2024-01-30,R. Khan
1259,58,2024-02-22,A. Patel
1260,58,2024-04-14,L. Novak
1261,58,2024-04-09,A. Patel
1262,58,2024-05-02,M. Fernandez
1263,58,2024-04-28,A. Patel
1264,58,2024-08-05,S. Wong
1265,58,2024-09-23,J. Thompson
1266,58,2024-10-15,J. Thompson
1267,58,2024-11-23,L. Novak
1268,59,2022-08-08,S. Wong
1269,59,2022-07-25,L. Novak
1270,59,2022-07-30,J. Thompson
1271,59,2022-08-01,R. Khan
1272,59,2022-08-18,S. Wong
1273,59,2022-08-27,L. Novak
1274,59,2022-10-04,J. Thompson
1275,59,2022-10-14,M. Fernandez
1276,59,2022-10-16,J. Thompson
1277,59,2022-11-20,R. Khan
1278,59,2022-11-13,A. Patel
1279,59,2022-12-25,L. Novak
1280,59,2023-01-04,R. Khan
1281,59,2023-03-04,L. Novak
1282,59,2023-02-11,S. Wong
1283,59,2023-02-23,L. Novak
1284,59,2023-03-17,J. Thompson
1285,59,2023-03-30,M. Fernandez
1286,59,2023-03-28,A. Patel
1287,59,2023-03-14,A. Patel
1288,59,2023-04-24,L. Novak
1289,59,2023-04-25,M. Fernandez
1290,59,2023-05-31,S. Wong
1291,59,2023-05-10,J. Thompson
1292,59,2023-07-01,J. Thompson
1293,59,2023-06-24,L. Novak
1294,59,2023-06-22,L. Novak
1295,59,2023-07-24,S. Wong
1296,59,2023-07-14,J. Thompson
1297,59,2023-07-27,J. Thompson
1298,59,2023-09-03,S. Wong
1299,59,2023-10-07,A. Patel
1300,59,2023-11-25,L. Novak
1301,59,2023-12-22,R. Khan
1302,59,2024-01-21,A. Patel
1303,59,2024-01-13,L. Novak
1304,59,2024-02-24,M. Fernandez
1305,59,2024-02-13,L. Novak
1306,59,2024-02-18,J. Thompson
1307,59,2024-04-01,L. Novak
1308,59,2024-03-17,S. Wong
1309,59,2024-03-11,M. Fernandez
1310,59,2024-03-20,J. Thompson
1311,59,2024-03-24,S. Wong
1312,59,2024-04-19,M. Fernandez
1313,59,2024-04-05,A. Patel
1314,59,2024-05-09,J. Thompson
1315,59,2024-06-22,J. Thompson
1316,59,2024-07-10,S. Wong
1317,60,2023-07-18,J. Thompson
1318,60,2023-08-23,S. Wong
1319,60,2023-09-03,R. Khan
1320,60,2023-09-13,L. Novak
1321,60,2023-09-19,J. Thompson
1322,60,2023-09-23,L. Novak
1323,60,2023-10-28,M. Fernandez
1324,60,2024-01-20,S. Wong
1325,60,2024-05-31,S. Wong
1326,61,2023-05-12,M. Fernandez
1327,61,2023-05-08,R. Khan
1328,61,2023-06-16,S. Wong
1329,61,2023-07-27,A. Patel
1330,61,2023-07-27,J. Thompson
1331,61,2023-08-22,J. Thompson
1332,61,2023-09-10,S. Wong
1333,61,2023-09-24,L. Novak
1334,61,2023-09-17,R. Khan
1335,61,2023-10-15,L. Novak
1336,61,2023-10-26,R. Khan
1337,61,2023-11-24,J. Thompson
1338,61,2023-11-10,S. Wong
1339,61,2023-11-09,J. Thompson
1340,61,2023-12-17,M. Fernandez
1341,61,2023-12-25,R. Khan
1342,61,2023-12-16,A. Patel
1343,61,2023-12-08,L. Novak
1344,61,2024-01-13,M. Fernandez
1345,61,2024-02-23,L. Novak
1346,61,2024-02-25,R. Khan
1347,61,2024-02-07,L. Novak
1348,61,2024-03-22,J. Thompson
1349,61,2024-03-15,R. Khan
1350,61,2024-04-01,J. Thompson
1351,61,2024-04-11,J. Thompson
1352,61,2024-04-19,R. Khan
1353,61,2024-05-25,M. Fernandez
1354,61,2024-05-13,L. Novak
1355,61,2024-05-13,L. Novak
1356,61,2024-05-31,L. Novak
1357,61,2024-05-29,L. Novak
1358,61,2024-05-31,R. Khan
1359,61,2024-06-06,A. Patel
1360,61,2024-06-06,M. Fernandez
1361,61,2024-06-10,A. Patel
1362,61,2024-07-23,L. Novak
1363,61,2024-06-29,A. Patel
1364,61,2024-08-10,M. Fernandez
1365,61,2024-08-20,J. Thompson
1366,61,2024-08-30,L. Novak
1367,61,2024-09-14,S. Wong
1368,61,2024-08-27,L. Novak
1369,61,2024-10-22,J. Thompson
1370,61,2024-10-15,L. Novak
1371,61,2024-10-15,R. Khan
1372,61,2024-10-14,R. Khan
1373,61,2024-11-10,A. Patel
1374,61,2024-11-11,J. Thompson
1375,62,2022-03-30,J. Thompson
1376,62,2022-04-05,R. Khan
1377,62,2022-04-20,A. Patel
1378,62,2022-04-23,R. Khan
1379,62,2022-04-26,A. Patel
1380,62,2022-07-16,A. Patel
1381,62,2022-07-13,J. Thompson
1382,62,2022-08-01,J. Thompson
1383,62,2022-07-23,M. Fernandez
1384,62,2022-08-01,M. Fernandez
1385,62,2022-08-15,R. Khan
1386,62,2022-08-24,M. Fernandez
1387,62,2022-09-04,R. Khan
1388,62,2022-10-10,J. Thompson
1389,62,2022-10-07,R. Khan
1390,62,2022-11-13,R. Khan
1391,62,2022-11-02,S. Wong
1392,62,2022-11-05,J. Thompson
1393,62,2022-10-25,J. Thompson
1394,62,2022-12-15,S. Wong
1395,62,2022-12-04,M. Fernandez
1396,62,2022-11-25,R. Khan
1397,62,2023-01-06,A. Patel
1398,62,2022-12-22,J. Thompson
1399,62,2023-02-12,M. Fernandez
1400,62,2023-03-03,M. Fernandez
1401,62,2023-02-27,J. Thompson
1402,62,2023-02-21,L. Novak
1403,62,2023-04-03,A. Patel
1404,62,2023-03-24,S. Wong
1405,62,2023-03-21,L. Novak
1406,62,2023-04-18,L. Novak
1407,62,2023-06-13,R. Khan
1408,62,2023-05-18,A. Patel
1409,62,2023-06-24,L. Novak
1410,62,2023-07-08,L. Novak
1411,62,2023-09-05,M. Fernandez
1412,62,2023-08-27,A. Patel
1413,62,2023-11-03,J. Thompson
1414,62,2023-11-10,L. Novak
1415,62,2023-11-29,J. Thompson
1416,62,2023-12-05,R. Khan
1417,62,2023-12-16,J. Thompson
1418,62,2024-01-06,M. Fernandez
1419,62,2024-01-05,L. Novak
1420,62,2024-01-13,S. Wong
1421,62,2024-01-26,S. Wong
1422,62,2024-01-27,S. Wong
1423,62,2024-01-20,A. Patel
1424,62,2024-02-22,A. Patel
1425,62,2024-04-07,A. Patel
1426,62,2024-04-14,J. Thompson
1427,62,2024-04-21,A. Patel
1428,62,2024-06-26,S. Wong
1429,62,2024-07-06,L. Novak
1430,62,2024-06-26,J. Thompson
1431,62,2024-08-05,J. Thompson
1432,62,2024-08-29,S. Wong
1433,62,2024-08-24,R. Khan
1434,62,2024-08-11,A. Patel
1435,62,2024-08-11,S. Wong
1436,62,2024-08-29,L. Novak
1437,62,2024-08-27,A. Patel
1438,62,2024-08-29,S. Wong
1439,63,2023-12-07,S. Wong
1440,63,2023-12-03,L. Novak
1441,64,2023-08-17,R. Khan
1442,64,2023-09-06,R. Khan
1443,64,2023-10-31,J. Thompson
1444,64,2023-10-19,S. Wong
1445,64,2023-10-07,J. Thompson
1446,64,2023-10-26,M. Fernandez
1447,64,2023-11-09,S. Wong
1448,64,2024-01-15,A. Patel
1449,64,2024-02-10,R. Khan
1450,64,2024-02-23,J. Thompson
1451,64,2024-02-09,L. Novak
1452,64,2024-03-26,M. Fernandez
1453,64,2024-04-13,J. Thompson
1454,64,2024-05-28,A. Patel
1455,64,2024-07-24,J. Thompson
1456,64,2024-07-25,M. Fernandez
1457,64,2024-09-11,A. Patel
1458,64,2024-08-31,R. Khan
1459,64,2024-10-09,S. Wong
1460,64,2024-10-24,M. Fernandez
1461,64,2024-10-06,J. Thompson
1462,64,2024-11-22,J. Thompson
1463,64,2024-11-05,A. Patel
1464,64,2024-12-29,L. Novak
1465,65,2022-04-04,J. Thompson
1466,65,2022-04-19,M. Fernandez
1467,66,2022-10-17,A. Patel
1468,66,2022-09-29,J. Thompson
1469,66,2022-11-16,M. Fernandez
1470,67,2022-07-15,R. Khan
1471,67,2022-09-19,A. Patel
1472,67,2022-09-27,J. Thompson
1473,68,2024-03-01,R. Khan
1474,68,2024-02-25,S. Wong
1475,68,2024-03-20,L. Novak
1476,68,2024-04-01,S. Wong
1477,68,2024-04-04,R. Khan
1478,68,2024-04-16,J. Thompson
1479,68,2024-05-22,S. Wong
1480,68,2024-07-12,A. Patel
1481,68,2024-07-15,R. Khan
1482,68,2024-09-22,R. Khan
1483,68,2024-09-19,S. Wong
1484,68,2024-09-18,A. Patel
1485,68,2024-10-14,L. Novak
1486,68,2024-10-08,M. Fernandez
1487,68,2024-10-13,A. Patel
1488,68,2024-11-16,A. Patel
1489,68,2024-12-13,M. Fernandez
1490,68,2024-12-09,L. Novak
1491,68,2024-12-30,S. Wong
1492,68,2024-12-25,R. Khan
1493,69,2023-09-22,L. Novak
1494,69,2023-10-15,R. Khan
1495,69,2023-11-08,J. Thompson
1496,69,2023-12-12,R. Khan
1497,69,2024-01-01,R. Khan
1498,69,2023-12-28,S. Wong
1499,69,2024-02-09,L. Novak
1500,69,2024-04-14,A. Patel
1501,69,2024-04-16,R. Khan
1502,69,2024-04-28,R. Khan
1503,69,2024-05-14,S. Wong
1504,69,2024-06-16,R. Khan
1505,69,2024-06-14,S. Wong
1506,69,2024-07-31,A. Patel
1507,69,2024-08-15,R. Khan
1508,69,2024-08-25,M. Fernandez
1509,69,2024-09-28,A. Patel
1510,70,2022-10-22,A. Patel
1511,70,2022-11-11,L. Novak
1512,70,2022-11-16,J. Thompson
1513,70,2022-10-29,J. Thompson
1514,70,2022-12-14,M. Fernandez
1515,70,2022-12-21,A. Patel
1516,70,2023-01-19,L. Novak
1517,70,2023-01-10,J. Thompson
1518,70,2023-01-10,S. Wong
1519,70,2023-01-30,S. Wong
1520,70,2023-02-23,J. Thompson
1521,70,2023-03-19,A. Patel
1522,70,2023-04-21,R. Khan
1523,70,2023-03-30,A. Patel
1524,70,2023-05-03,R. Khan
1525,70,2023-05-27,A. Patel
1526,70,2023-06-23,J. Thompson
1527,70,2023-06-18,J. Thompson
1528,70,2023-07-11,S. Wong
1529,70,2023-07-13,L. Novak
1530,70,2023-06-30,S. Wong
1531,70,2023-07-15,A. Patel
1532,70,2023-08-12,L. Novak
1533,70,2023-08-16,M. Fernandez
1534,70,2023-07-31,J. Thompson
1535,70,2023-08-12,J. Thompson
1536,70,2023-09-14,L. Novak
1537,70,2023-09-16,M. Fernandez
1538,70,2023-10-18,S. Wong
1539,70,2023-10-01,J. Thompson
1540,70,2023-10-07,A. Patel
1541,70,2023-11-19,J. Thompson
1542,70,2023-10-27,L. Novak
1543,70,2023-11-24,S. Wong
1544,70,2023-11-29,R. Khan
1545,70,2023-12-06,A. Patel
1546,70,2024-01-03,M. Fernandez
1547,70,2024-01-12,M. Fernandez
1548,70,2023-12-29,S. Wong
1549,70,2024-02-17,M. Fernandez
1550,70,2024-01-31,R. Khan
1551,70,2024-02-26,M. Fernandez
1552,70,2024-03-02,L. Novak
1553,70,2024-03-27,L. Novak
1554,70,2024-04-01,A. Patel
1555,70,2024-04-14,J. Thompson
1556,70,2024-04-10,A. Patel
1557,70,2024-04-15,J. Thompson
1558,70,2024-04-30,J. Thompson
1559,70,2024-06-10,A. Patel
1560,70,2024-06-04,L. Novak
1561,70,2024-07-10,A. Patel
1562,70,2024-07-17,L. Novak
1563,70,2024-07-07,A. Patel
1564,70,2024-07-13,J. Thompson
1565,70,2024-08-09,A. Patel
1566,70,2024-08-21,J. Thompson
1567,70,2024-08-23,J. Thompson
1568,70,2024-09-06,R. Khan
1569,70,2024-08-21,S. Wong
1570,70,2024-09-25,S. Wong
1571,70,2024-09-27,M. Fernandez
1572,70,2024-09-20,M. Fernandez
1573,70,2024-10-01,R. Khan
1574,71,2022-11-01,A. Patel
1575,71,2022-12-05,L. Novak
1576,71,2023-01-31,M. Fernandez
1577,72,2022-11-08,M. Fernandez
1578,72,2022-11-12,J. Thompson
1579,72,2023-01-02,R. Khan
1580,72,2023-01-17,L. Novak
1581,72,2023-02-24,R. Khan
1582,72,2023-02-05,A. Patel
1583,73,2024-01-04,L. Novak
1584,73,2023-12-31,L. Novak
1585,73,2023-12-23,S. Wong
1586,73,2023-12-12,M. Fernandez
1587,73,2024-01-31,L. Novak
1588,73,2024-01-24,L. Novak
1589,74,2022-05-20,A. Patel
1590,75,2023-10-24,S. Wong
1591,75,2023-11-07,S. Wong
1592,75,2023-10-29,L. Novak
1593,75,2023-12-05,L. Novak
1594,75,2023-12-01,R. Khan
1595,75,2023-11-17,L. Novak
1596,75,2023-12-07,S. Wong
1597,75,2023-11-13,L. Novak
1598,75,2024-01-03,S. Wong
1599,75,2023-12-16,L. Novak
1600,75,2023-12-16,R. Khan
1601,75,2024-01-28,J. Thompson
1602,75,2024-03-03,J. Thompson
1603,75,2024-04-23,L. Novak
1604,75,2024-06-10,S. Wong
1605,75,2024-06-10,M. Fernandez
1606,75,2024-07-15,S. Wong
1607,75,2024-08-15,A. Patel
1608,75,2024-08-19,R. Khan
1609,75,2024-10-19,M. Fernandez
1610,75,2024-12-01,J. Thompson
1611,75,2024-12-24,A. Patel
1612,75,2024-12-19,L. Novak
1613,76,2023-06-12,R. Khan
1614,76,2023-06-29,R. Khan
1615,76,2023-07-15,L. Novak
1616,76,2023-09-10,A. Patel
1617,76,2023-10-02,S. Wong
1618,76,2023-11-25,S. Wong
1619,77,2022-10-20,R. Khan
1620,77,2022-11-07,R. Khan
1621,77,2022-12-05,A. Patel
1622,77,2022-11-15,S. Wong
1623,77,2022-12-31,R. Khan
1624,77,2023-01-14,L. Novak
1625,77,2023-01-22,L. Novak
1626,77,2023-01-19,S. Wong
1627,78,2022-12-16,A. Patel
1628,78,2023-01-17,S. Wong
1629,78,2023-01-04,J. Thompson
1630,79,2022-01-30,L. Novak
1631,79,2022-01-19,A. Patel
1632,79,2022-02-19,L. Novak
1633,79,2022-03-15,M. Fernandez
1634,79,2022-03-12,R. Khan
1635,79,2022-05-05,L. Novak
1636,80,2022-02-09,S. Wong
1637,81,2023-03-27,J. Thompson
1638,81,2023-03-31,J. Thompson
1639,81,2023-05-17,R. Khan
1640,81,2023-06-18,M. Fernandez
1641,81,2023-08-06,S. Wong
1642,81,2023-07-19,L. Novak
1643,81,2023-09-05,L. Novak
1644,81,2023-09-10,S. Wong
1645,81,2023-09-30,S. Wong
1646,81,2023-11-23,S. Wong
1647,81,2023-12-21,L. Novak
1648,81,2023-12-24,A. Patel
1649,81,2024-02-07,A. Patel
1650,82,2024-03-30,S. Wong
1651,82,2024-05-20,L. Novak
1652,82,2024-04-25,M. Fernandez
1653,82,2024-05-16,J. Thompson
1654,82,2024-06-05,S. Wong
1655,82,2024-06-10,L. Novak
1656,82,2024-06-14,L. Novak
1657,82,2024-06-06,S. Wong
1658,82,2024-06-14,L. Novak
1659,82,2024-07-18,S. Wong
1660,82,2024-09-03,A. Patel
1661,82,2024-08-25,A. Patel
1662,82,2024-08-23,R. Khan
1663,82,2024-09-25,R. Khan
1664,82,2024-10-12,L. Novak
1665,82,2024-10-02,A. Patel
1666,82,2024-12-08,R. Khan
1667,82,2024-12-13,L. Novak
1668,82,2024-12-24,J. Thompson
1669,83,2022-09-16,A. Patel
1670,83,2022-10-03,J. Thompson
1671,83,2022-10-21,A. Patel
1672,83,2022-10-29,M. Fernandez
1673,83,2023-01-02,A. Patel
1674,83,2022-12-28,M. Fernandez
1675,83,2022-12-22,R. Khan
1676,83,2023-01-17,L. Novak
1677,83,2023-02-06,A. Patel
1678,83,2023-02-14,M. Fernandez
1679,83,2023-02-27,J. Thompson
1680,83,2023-03-25,A. Patel
1681,83,2023-07-22,S. Wong
1682,84,2024-06-27,L. Novak
1683,84,2024-06-16,L. Novak
1684,84,2024-06-20,L. Novak
1685,84,2024-07-10,R. Khan
1686,84,2024-06-26,A. Patel
1687,84,2024-06-17,L. Novak
1688,84,2024-07-25,M. Fernandez
1689,84,2024-08-13,A. Patel
1690,84,2024-08-18,R. Khan
1691,84,2024-08-29,M. Fernandez
1692,84,2024-10-13,J. Thompson
1693,84,2024-11-06,L. Novak
1694,84,2024-11-15,M. Fernandez
1695,84,2024-11-27,L. Novak
1696,84,2024-11-15,S. Wong
1697,84,2024-12-22,L. Novak
1698,84,2024-12-24,L. Novak
1699,84,2024-12-27,M. Fernandez
1700,85,2022-09-09,L. Novak
1701,85,2022-09-13,M. Fernandez
1702,85,2022-10-02,A. Patel
1703,85,2022-10-18,A. Patel
1704,85,2022-10-09,R. Khan
1705,85,2022-10-23,J. Thompson
1706,85,2022-10-17,L. Novak
1707,85,2022-10-30,R. Khan
1708,85,2022-11-21,S. Wong
1709,85,2022-11-25,R. Khan
1710,85,2022-11-23,R. Khan
1711,85,2023-01-09,J. Thompson
1712,85,2023-01-03,M. Fernandez
1713,85,2023-01-19,J. Thompson
1714,85,2023-01-06,J. Thompson
1715,85,2023-02-17,R. Khan
1716,85,2023-02-23,A. Patel
1717,85,2023-01-28,R. Khan
1718,85,2023-01-28,M. Fernandez
1719,85,2023-01-28,A. Patel
1720,85,2023-02-13,J. Thompson
1721,85,2023-02-21,L. Novak
1722,85,2023-02-08,M. Fernandez
1723,85,2023-03-24,M. Fernandez
1724,85,2023-03-20,S. Wong
1725,85,2023-03-22,S. Wong
1726,85,2023-04-25,L. Novak
1727,85,2023-04-07,A. Patel
1728,85,2023-04-21,M. Fernandez
1729,85,2023-04-19,J. Thompson
1730,85,2023-05-13,R. Khan
1731,85,2023-06-21,S. Wong
1732,85,2023-05-31,A. Patel
1733,85,2023-06-13,A. Patel
1734,85,2023-07-23,M. Fernandez
1735,85,2023-08-11,M. Fernandez
1736,85,2023-08-03,R. Khan
1737,85,2023-08-31,J. Thompson
1738,85,2023-09-02,L. Novak
1739,85,2023-10-17,L. Novak
1740,85,2023-11-14,J. Thompson
1741,85,2023-11-06,A. Patel
1742,85,2023-11-24,R. Khan
1743,85,2023-12-06,S. Wong
1744,85,2023-12-04,S. Wong
1745,85,2023-11-25,M. Fernandez
1746,85,2024-01-04,M. Fernandez
1747,85,2024-02-02,A. Patel
1748,85,2024-01-24,L. Novak
1749,85,2024-03-01,R. Khan
1750,85,2024-02-27,M. Fernandez
1751,85,2024-03-26,L. Novak
1752,85,2024-04-09,J. Thompson
1753,85,2024-04-15,R. Khan
1754,85,2024-03-29,R. Khan
1755,85,2024-05-15,R. Khan
1756,86,2023-03-05,L. Novak
1757,86,2023-04-08,M. Fernandez
1758,86,2023-05-29,J. Thompson
1759,86,2023-06-19,M. Fernandez
1760,86,2023-05-31,S. Wong
1761,86,2023-08-09,R. Khan
1762,86,2023-09-29,M. Fernandez
1763,87,2023-03-23,L. Novak
1764,87,2023-03-13,L. Novak
1765,87,2023-04-09,R. Khan
1766,87,2023-05-02,A. Patel
1767,87,2023-05-15,L. Novak
1768,87,2023-06-10,R. Khan
1769,87,2023-06-04,R. Khan
1770,87,2023-07-03,A. Patel
1771,87,2023-08-03,J. Thompson
1772,87,2023-08-21,J. Thompson
1773,87,2023-10-13,M. Fernandez
1774,87,2023-10-02,L. Novak
1775,87,2023-10-03,M. Fernandez
1776,87,2023-10-20,A. Patel
1777,87,2023-09-29,M. Fernandez
1778,87,2023-10-15,R. Khan
1779,87,2023-11-16,L. Novak
1780,87,2023-11-12,R. Khan
1781,87,2023-11-03,M. Fernandez
1782,87,2023-12-18,S. Wong
1783,87,2024-01-15,L. Novak
1784,87,2024-01-07,J. Thompson
1785,87,2024-02-06,L. Novak
1786,87,2024-02-21,M. Fernandez
1787,87,2024-04-12,R. Khan
1788,87,2024-03-24,S. Wong
1789,87,2024-05-03,A. Patel
1790,87,2024-06-02,S. Wong
1791,87,2024-07-16,A. Patel
1792,88,2024-01-13,A. Patel
1793,88,2024-02-18,A. Patel
1794,88,2024-03-12,M. Fernandez
1795,88,2024-03-23,S. Wong
1796,88,2024-03-23,J. Thompson
1797,88,2024-04-10,M. Fernandez
1798,88,2024-03-28,A. Patel
1799,88,2024-05-25,S. Wong
1800,88,2024-05-25,L. Novak
1801,88,2024-05-23,A. Patel
1802,88,2024-08-27,A. Patel
1803,88,2024-09-04,J. Thompson
1804,88,2024-10-25,R. Khan
1805,88,2024-10-19,L. Novak
1806,88,2024-11-17,M. Fernandez
1807,88,2024-12-16,A. Patel
1808,90,2022-11-21,S. Wong
1809,90,2023-01-01,M. Fernandez
1810,90,2022-12-13,J. Thompson
1811,90,2023-01-23,L. Novak
1812,90,2023-02-02,L. Novak
1813,90,2023-02-24,S. Wong
1814,90,2023-03-21,A. Patel
1815,90,2023-05-03,L. Novak
1816,90,2023-07-14,M. Fernandez
1817,90,2023-11-01,A. Patel
1818,90,2023-10-08,A. Patel
1819,90,2023-10-19,J. Thompson
1820,90,2023-11-27,J. Thompson
1821,90,2023-12-26,J. Thompson
1822,91,2022-07-18,L. Novak
1823,91,2022-08-04,A. Patel
1824,91,2022-09-26,J. Thompson
1825,91,2022-10-17,A. Patel
1826,91,2022-10-19,L. Novak
1827,91,2022-11-24,S. Wong
1828,91,2022-11-17,J. Thompson
1829,92,2022-11-01,J. Thompson
1830,92,2022-10-27,R. Khan
1831,92,2022-11-04,J. Thompson
1832,92,2022-11-24,J. Thompson
1833,92,2022-12-13,J. Thompson
1834,92,2023-01-07,A. Patel
1835,92,2022-12-24,S. Wong
1836,92,2023-01-01,S. Wong
1837,92,2023-01-14,A. Patel
1838,92,2023-02-17,M. Fernandez
1839,92,2023-03-14,J. Thompson
1840,92,2023-04-01,A. Patel
1841,92,2023-04-29,R. Khan
1842,92,2023-06-05,S. Wong
1843,92,2023-06-20,A. Patel
1844,92,2023-07-22,R. Khan
1845,93,2022-02-02,L. Novak
1846,93,2022-03-13,L. Novak
1847,93,2022-04-24,S. Wong
1848,93,2022-04-03,L. Novak
1849,94,2022-05-16,L. Novak
1850,94,2022-06-25,R. Khan
1851,94,2022-07-19,M. Fernandez
1852,94,2022-08-30,L. Novak
1853,94,2022-08-10,J. Thompson
1854,94,2022-10-31,M. Fernandez
1855,95,2024-03-25,J. Thompson
1856,95,2024-05-03,M. Fernandez
1857,95,2024-06-06,S. Wong
1858,95,2024-07-04,J. Thompson
1859,95,2024-07-29,A. Patel
1860,95,2024-08-10,R. Khan
1861,95,2024-08-29,R. Khan
1862,95,2024-08-26,R. Khan
1863,95,2024-10-02,A. Patel
1864,95,2024-10-12,J. Thompson
1865,95,2024-11-23,J. Thompson
1866,95,2024-12-02,A. Patel
1867,95,2024-11-28,S. Wong
1868,95,2024-11-16,L. Novak
1869,95,2024-12-05,S. Wong
1870,95,2024-12-13,M. Fernandez
1871,96,2023-02-02,M. Fernandez
1872,96,2023-04-04,L. Novak
1873,96,2023-04-01,R. Khan
1874,96,2023-04-06,A. Patel
1875,96,2023-05-13,M. Fernandez
1876,96,2023-05-04,A. Patel
1877,96,2023-07-26,L. Novak
1878,96,2023-07-07,J. Thompson
1879,96,2023-07-12,M. Fernandez
1880,96,2023-07-12,S. Wong
1881,96,2023-08-11,M. Fernandez
1882,96,2023-07-31,L. Novak
1883,96,2023-08-21,L. Novak
1884,96,2023-09-01,S. Wong
1885,96,2023-09-05,R. Khan
1886,96,2023-10-23,J. Thompson
1887,96,2023-10-03,L. Novak
1888,96,2023-11-13,J. Thompson
1889,96,2023-11-17,R. Khan
1890,96,2023-11-22,M. Fernandez
1891,96,2023-11-05,R. Khan
1892,96,2023-11-11,L. Novak
1893,96,2023-12-22,R. Khan
1894,96,2024-01-09,S. Wong
1895,96,2023-12-31,R. Khan
1896,96,2024-01-16,S. Wong
1897,96,2024-01-27,A. Patel
1898,96,2024-05-24,R. Khan
1899,96,2024-07-10,A. Patel
1900,97,2024-01-23,S. Wong
1901,97,2024-03-13,S. Wong
1902,97,2024-03-23,S. Wong
1903,97,2024-03-21,S. Wong
1904,98,2024-01-18,J. Thompson
1905,98,2024-03-03,S. Wong
1906,98,2024-02-07,A. Patel
1907,98,2024-05-01,M. Fernandez
1908,99,2023-11-25,J. Thompson
1909,99,2023-12-08,A. Patel
1910,99,2023-12-17,S. Wong
1911,99,2023-12-19,A. Patel
1912,99,2024-01-01,R. Khan
1913,99,2024-01-21,J. Thompson
1914,99,2024-02-10,S. Wong
1915,99,2024-03-05,R. Khan
1916,99,2024-04-02,R. Khan
1917,99,2024-04-22,A. Patel
1918,99,2024-05-30,M. Fernandez
1919,99,2024-07-16,M. Fernandez
1920,99,2024-08-01,S. Wong
1921,99,2024-07-11,J. Thompson
1922,99,2024-11-24,A. Patel
1923,99,2024-11-25,A. Patel
1924,99,2024-11-15,M. Fernandez
1925,99,2024-11-21,M. Fernandez
1926,99,2024-12-21,A. Patel
1927,99,2024-12-12,L. Novak
1928,99,2024-12-31,J. Thompson
1929,99,2024-12-11,L. Novak
1930,100,2024-06-02,R. Khan
1931,100,2024-05-26,A. Patel
1932,100,2024-06-04,A. Patel
1933,100,2024-07-23,A. Patel
1934,100,2024-08-09,L. Novak
1935,100,2024-08-01,J. Thompson
1936,101,2023-03-12,L. Novak
1937,101,2023-03-08,R. Khan
1938,101,2023-04-15,L. Novak
1939,101,2023-05-19,R. Khan
1940,101,2023-06-08,S. Wong
1941,101,2023-08-18,M. Fernandez
1942,101,2023-09-09,M. Fernandez
1943,101,2023-08-27,A. Patel
1944,101,2023-09-17,L. Novak
1945,101,2023-10-16,M. Fernandez
1946,101,2023-09-27,L. Novak
1947,101,2023-10-24,A. Patel
1948,101,2023-10-31,J. Thompson
1949,101,2023-10-23,S. Wong
1950,101,2023-11-26,A. Patel
1951,101,2024-01-07,L. Novak
1952,101,2024-01-25,J. Thompson
1953,101,2024-03-04,A. Patel
1954,101,2024-03-03,J. Thompson
1955,101,2024-02-18,M. Fernandez
1956,101,2024-05-13,R. Khan
1957,101,2024-05-27,J. Thompson
1958,101,2024-07-27,L. Novak
1959,101,2024-08-31,A. Patel
1960,101,2024-10-09,M. Fernandez
1961,101,2024-10-04,A. Patel
1962,101,2024-10-12,L. Novak
1963,101,2024-11-03,A. Patel
1964,101,2024-10-16,A. Patel
1965,101,2024-11-11,L. Novak
1966,101,2024-12-07,M. Fernandez
1967,101,2024-11-17,A. Patel
1968,102,2022-05-19,L. Novak
1969,102,2022-05-25,A. Patel
1970,102,2022-07-04,R. Khan
1971,102,2022-07-26,R. Khan
1972,102,2022-07-31,S. Wong
1973,102,2022-08-16,A. Patel
1974,103,2024-02-23,J. Thompson
1975,103,2024-05-08,S. Wong
1976,103,2024-05-06,L. Novak
1977,103,2024-06-11,S. Wong
1978,103,2024-06-11,R. Khan
1979,103,2024-06-25,J. Thompson
1980,103,2024-08-18,R. Khan
1981,103,2024-09-16,J. Thompson
1982,103,2024-09-07,S. Wong
1983,103,2024-10-06,J. Thompson
1984,103,2024-10-08,M. Fernandez
1985,103,2024-11-23,R. Khan
1986,103,2024-12-04,M. Fernandez
1987,104,2023-03-08,M. Fernandez
1988,104,2023-03-30,M. Fernandez
1989,104,2023-04-11,S. Wong
1990,104,2023-03-27,R. Khan
1991,104,2023-04-07,S. Wong
1992,104,2023-04-22,L. Novak
1993,104,2023-04-24,A. Patel
1994,104,2023-04-29,J. Thompson
1995,104,2023-05-24,M. Fernandez
1996,104,2023-07-12,S. Wong
1997,104,2023-08-15,L. Novak
1998,104,2023-10-13,J. Thompson
1999,104,2023-10-07,M. Fernandez
2000,104,2023-09-23,R. Khan
2001,104,2023-10-23,M. Fernandez
2002,104,2023-10-23,M. Fernandez
2003,104,2023-10-31,M. Fernandez
2004,104,2023-11-25,A. Patel
2005,104,2023-12-06,M. Fernandez
2006,104,2023-12-02,A. Patel
2007,104,2024-01-04,L. Novak
2008,104,2023-12-22,J. Thompson
2009,104,2023-12-26,L. Novak
2010,104,2024-01-27,R. Khan
2011,104,2024-01-27,S. Wong
2012,104,2024-01-25,L. Novak
2013,104,2024-03-01,A. Patel
2014,104,2024-03-06,A. Patel
2015,104,2024-03-07,J. Thompson
2016,104,2024-04-03,L. Novak
2017,104,2024-04-21,S. Wong
2018,104,2024-05-05,L. Novak
2019,104,2024-04-26,M. Fernandez
2020,104,2024-04-21,A. Patel
2021,104,2024-04-28,S. Wong
2022,104,2024-07-05,J. Thompson
2023,104,2024-07-03,R. Khan
2024,104,2024-06-23,A. Patel
2025,105,2023-04-25,R. Khan
2026,105,2023-05-31,M. Fernandez
2027,105,2023-05-27,L. Novak
2028,105,2023-06-23,J. Thompson
2029,106,2023-04-15,J. Thompson
2030,106,2023-04-06,J. Thompson
2031,106,2023-04-30,M. Fernandez
2032,106,2023-06-08,J. Thompson
2033,106,2023-06-06,R. Khan
2034,106,2023-06-18,M. Fernandez
2035,106,2023-07-10,R. Khan
2036,106,2023-06-29,M. Fernandez
2037,106,2023-07-22,S. Wong
2038,106,2023-08-12,S. Wong
2039,106,2023-08-07,S. Wong
2040,106,2023-08-09,S. Wong
2041,106,2023-08-26,S. Wong
2042,106,2023-09-14,M. Fernandez
2043,106,2023-09-06,J. Thompson
2044,106,2023-08-30,S. Wong
2045,106,2023-10-20,R. Khan
2046,106,2023-10-21,L. Novak
2047,106,2023-10-14,A. Patel
2048,106,2023-11-04,A. Patel
2049,106,2023-11-12,L. Novak
2050,106,2024-01-09,J. Thompson
2051,106,2024-01-13,J. Thompson
2052,106,2023-12-24,S. Wong
2053,106,2024-01-27,R. Khan
2054,106,2024-03-26,J. Thompson
2055,106,2024-04-22,R. Khan
2056,106,2024-06-03,S. Wong
2057,106,2024-05-30,R. Khan
2058,106,2024-06-25,L. Novak
2059,106,2024-06-25,L. Novak
2060,106,2024-07-14,L. Novak
2061,106,2024-08-11,A. Patel
2062,106,2024-08-02,L. Novak
2063,106,2024-09-02,S. Wong
2064,106,2024-10-03,A. Patel
2065,106,2024-11-08,L. Novak
2066,106,2024-11-11,S. Wong
2067,106,2024-11-04,R. Khan
2068,106,2024-11-04,S. Wong
2069,106,2024-12-08,L. Novak
2070,107,2024-04-04,S. Wong
2071,107,2024-04-10,S. Wong
2072,107,2024-05-17,R. Khan
2073,107,2024-05-13,M. Fernandez
2074,107,2024-06-21,L. Novak
2075,107,2024-07-15,A. Patel
2076,107,2024-07-18,L. Novak
2077,107,2024-07-17,S. Wong
2078,107,2024-08-26,A. Patel
2079,107,2024-09-16,M. Fernandez
2080,107,2024-10-14,S. Wong
2081,107,2024-10-28,J. Thompson
2082,107,2024-10-31,J. Thompson
2083,108,2023-06-14,R. Khan
2084,108,2023-07-03,A. Patel
2085,108,2023-06-12,M. Fernandez
2086,108,2023-06-17,L. Novak
2087,108,2023-06-28,M. Fernandez
2088,109,2024-02-23,S. Wong
2089,109,2024-03-05,R. Khan
2090,110,2022-02-26,R. Khan
2091,110,2022-08-06,L. Novak
2092,110,2022-08-26,R. Khan
2093,110,2022-11-04,R. Khan
2094,110,2022-12-14,A. Patel
2095,110,2023-01-31,S. Wong
2096,110,2023-02-24,J. Thompson
2097,111,2024-02-28,R. Khan
2098,111,2024-04-15,L. Novak
2099,111,2024-06-18,A. Patel
2100,111,2024-06-10,R. Khan
2101,111,2024-08-07,S. Wong
2102,111,2024-10-23,J. Thompson
2103,112,2024-01-23,S. Wong
2104,112,2024-01-30,S. Wong
2105,112,2024-02-18,R. Khan
2106,112,2024-02-08,R. Khan
2107,112,2024-02-18,A. Patel
2108,112,2024-03-24,A. Patel
2109,112,2024-03-30,R. Khan
2110,112,2024-03-08,A. Patel
2111,112,2024-04-14,A. Patel
2112,112,2024-05-12,M. Fernandez
2113,112,2024-05-20,L. Novak
2114,112,2024-06-06,A. Patel
2115,112,2024-06-26,L. Novak
2116,112,2024-06-13,M. Fernandez
2117,112,2024-06-14,L. Novak
2118,112,2024-07-26,R. Khan
2119,112,2024-09-28,R. Khan
2120,112,2024-10-19,J. Thompson
2121,112,2024-10-25,J. Thompson
2122,112,2024-11-23,S. Wong
2123,112,2024-12-09,M. Fernandez
2124,112,2024-12-28,R. Khan
2125,113,2022-06-07,S. Wong
2126,113,2022-07-18,A. Patel
2127,113,2022-07-01,R. Khan
2128,113,2022-07-25,A. Patel
2129,113,2022-07-28,S. Wong
2130,114,2023-03-24,L. Novak
2131,114,2023-03-30,L. Novak
2132,114,2023-05-04,J. Thompson
2133,114,2023-05-06,L. Novak
2134,114,2023-05-20,M. Fernandez
2135,114,2023-06-18,L. Novak
2136,114,2023-07-13,M. Fernandez
2137,114,2023-08-23,A. Patel
2138,114,2023-08-24,L. Novak
2139,114,2023-09-16,R. Khan
2140,114,2023-11-01,M. Fernandez
2141,114,2023-11-27,J. Thompson
2142,114,2023-11-08,J. Thompson
2143,114,2023-11-08,J. Thompson
2144,114,2023-11-29,J. Thompson
2145,114,2023-11-15,M. Fernandez
2146,114,2024-01-03,M. Fernandez
2147,114,2023-12-10,A. Patel
2148,114,2024-02-11,M. Fernandez
2149,114,2024-02-18,M. Fernandez
2150,114,2024-02-24,M. Fernandez
2151,114,2024-04-20,M. Fernandez
2152,114,2024-07-08,R. Khan
2153,114,2024-07-23,J. Thompson
2154,115,2022-03-18,R. Khan
2155,115,2022-05-23,L. Novak
2156,115,2022-06-23,A. Patel
2157,115,2022-09-07,L. Novak
2158,115,2022-09-16,R. Khan
2159,115,2022-09-04,L. Novak
2160,115,2023-06-12,R. Khan
2161,115,2023-06-11,M. Fernandez
2162,115,2023-09-07,A. Patel
2163,115,2023-09-27,M. Fernandez
2164,116,2022-05-28,L. Novak
2165,117,2023-09-20,J. Thompson
2166,117,2023-09-06,R. Khan
2167,117,2023-09-05,A. Patel
2168,117,2023-10-17,L. Novak
2169,118,2024-05-05,A. Patel
2170,119,2024-06-05,A. Patel
2171,119,2024-06-05,R. Khan
2172,119,2024-06-23,R. Khan
2173,120,2023-10-25,M. Fernandez
2174,120,2023-10-17,L. Novak
2175,120,2023-11-28,L. Novak
2176,120,2023-12-07,J. Thompson
2177,120,2024-01-31,M. Fernandez
2178,120,2024-02-28,L. Novak
2179,120,2024-03-23,A. Patel
2180,120,2024-04-21,M. Fernandez
2181,121,2023-05-09,R. Khan
2182,122,2022-12-05,M. Fernandez
2183,122,2022-12-02,S. Wong
2184,122,2023-01-12,A. Patel
2185,122,2022-12-28,A. Patel
2186,122,2023-01-17,J. Thompson
2187,122,2023-01-24,R. Khan
2188,123,2022-09-03,R. Khan
2189,123,2022-09-20,S. Wong
2190,123,2022-09-21,A. Patel
2191,123,2022-10-21,J. Thompson
2192,123,2022-10-05,A. Patel
2193,123,2022-10-04,J. Thompson
2194,123,2022-11-09,L. Novak
2195,123,2022-12-15,M. Fernandez
2196,123,2023-02-24,L. Novak
2197,124,2023-03-21,L. Novak
2198,124,2023-05-04,R. Khan
2199,124,2023-05-15,J. Thompson
2200,124,2023-06-03,J. Thompson
2201,124,2023-06-26,L. Novak
2202,124,2023-06-01,S. Wong
2203,124,2023-07-12,L. Novak
2204,124,2023-08-16,J. Thompson
2205,124,2023-08-03,M. Fernandez
2206,124,2023-08-13,S. Wong
2207,124,2023-10-06,A. Patel
2208,124,2023-10-10,S. Wong
2209,124,2023-09-30,J. Thompson
2210,124,2023-11-18,S. Wong
2211,124,2023-12-15,S. Wong
2212,124,2024-01-03,R. Khan
2213,124,2024-01-12,M. Fernandez
2214,124,2024-02-06,S. Wong
2215,124,2024-03-10,L. Novak
2216,124,2024-03-21,A. Patel
2217,124,2024-04-12,J. Thompson
2218,124,2024-05-04,J. Thompson
2219,124,2024-05-26,L. Novak
2220,124,2024-06-13,A. Patel
2221,124,2024-06-19,R. Khan
2222,124,2024-06-04,M. Fernandez
2223,124,2024-05-24,A. Patel
2224,124,2024-06-26,R. Khan
2225,124,2024-08-01,A. Patel
2226,124,2024-07-30,A. Patel
2227,124,2024-08-12,S. Wong
2228,125,2022-03-07,A. Patel
2229,125,2022-03-05,L. Novak
2230,126,2022-01-27,R. Khan
2231,126,2022-02-13,A. Patel
2232,126,2022-01-24,M. Fernandez
2233,126,2022-02-27,S. Wong
2234,126,2022-03-08,J. Thompson
2235,126,2022-03-03,R. Khan
2236,126,2022-02-27,R. Khan
2237,126,2022-03-16,J. Thompson
2238,126,2022-04-11,M. Fernandez
2239,126,2022-05-24,R. Khan
2240,126,2022-06-08,J. Thompson
2241,126,2022-08-31,R. Khan
2242,126,2022-08-20,S. Wong
2243,126,2022-12-27,J. Thompson
2244,127,2023-03-15,R. Khan
2245,127,2023-04-20,R. Khan
2246,127,2023-04-03,M. Fernandez
2247,127,2023-04-23,L. Novak
2248,127,2023-05-09,L. Novak
2249,127,2023-04-30,A. Patel
2250,127,2023-05-29,J. Thompson
2251,127,2023-05-27,S. Wong
2252,127,2023-05-30,L. Novak
2253,127,2023-06-08,M. Fernandez
2254,127,2023-07-06,R. Khan
2255,127,2023-08-10,L. Novak
2256,127,2023-08-05,R. Khan
2257,127,2023-09-16,L. Novak
2258,127,2023-09-15,S. Wong
2259,127,2023-09-06,J. Thompson
2260,127,2023-09-23,M. Fernandez
2261,127,2023-10-26,R. Khan
2262,127,2023-12-06,R. Khan
2263,127,2023-12-12,R. Khan
2264,127,2023-12-22,J. Thompson
2265,127,2024-01-14,M. Fernandez
2266,127,2024-02-07,R. Khan
2267,127,2024-02-24,A. Patel
2268,127,2024-03-29,R. Khan
2269,127,2024-04-15,R. Khan
2270,127,2024-05-09,M. Fernandez
2271,127,2024-05-15,J. Thompson
2272,127,2024-04-24,J. Thompson
2273,127,2024-04-30,A. Patel
2274,127,2024-06-05,S. Wong
2275,127,2024-06-05,A. Patel
2276,127,2024-06-01,S. Wong
2277,127,2024-06-05,A. Patel
2278,127,2024-06-23,S. Wong
2279,127,2024-07-22,R. Khan
2280,127,2024-08-15,M. Fernandez
2281,127,2024-08-24,R. Khan
2282,127,2024-08-18,J. Thompson
2283,127,2024-09-05,M. Fernandez
2284,127,2024-10-03,A. Patel
2285,127,2024-10-02,S. Wong
2286,127,2024-10-09,M. Fernandez
2287,127,2024-10-13,A. Patel
2288,127,2024-09-22,S. Wong
2289,127,2024-10-09,J. Thompson
2290,127,2024-10-30,A. Patel
2291,127,2024-11-06,L. Novak
2292,127,2024-11-19,R. Khan
2293,129,2022-09-09,L. Novak
2294,129,2022-09-06,M. Fernandez
2295,129,2022-09-04,A. Patel
2296,129,2022-10-09,R. Khan
2297,129,2022-09-15,J. Thompson
2298,129,2022-10-05,R. Khan
2299,129,2022-10-22,M. Fernandez
2300,129,2023-01-07,L. Novak
2301,129,2023-02-24,A. Patel
2302,129,2023-03-17,L. Novak
2303,130,2022-02-17,L. Novak
2304,130,2022-02-24,A. Patel
2305,130,2022-02-13,A. Patel
2306,130,2022-03-21,J. Thompson
2307,130,2022-05-12,L. Novak
2308,130,2022-05-18,M. Fernandez
2309,130,2022-05-05,M. Fernandez
2310,130,2022-06-01,S. Wong
2311,130,2022-06-23,L. Novak
2312,130,2022-07-25,R. Khan
2313,130,2022-08-20,S. Wong
2314,130,2022-08-04,M. Fernandez
2315,130,2022-10-21,J. Thompson
2316,130,2022-09-28,A. Patel
2317,130,2022-10-11,R. Khan
2318,131,2022-09-05,A. Patel
2319,131,2022-09-28,A. Patel
2320,131,2022-10-27,M. Fernandez
2321,131,2022-10-28,M. Fernandez
2322,131,2022-10-22,A. Patel
2323,131,2023-01-07,S. Wong
2324,131,2022-12-27,R. Khan
2325,131,2023-01-24,A. Patel
2326,131,2023-02-27,S. Wong
2327,131,2023-02-14,J. Thompson
2328,131,2023-02-20,R. Khan
2329,131,2023-03-26,A. Patel
2330,131,2023-05-10,J. Thompson
2331,131,2023-04-29,A. Patel
2332,131,2023-04-24,M. Fernandez
2333,131,2023-04-22,J. Thompson
2334,131,2023-07-05,R. Khan
2335,131,2023-07-25,A. Patel
2336,131,2023-07-20,S. Wong
2337,131,2023-08-25,J. Thompson
2338,131,2023-10-21,L. Novak
2339,131,2023-10-23,S. Wong
2340,131,2023-12-22,M. Fernandez
2341,131,2023-12-30,S. Wong
2342,131,2023-12-18,J. Thompson
2343,131,2024-03-23,A. Patel
2344,131,2024-03-23,J. Thompson
2345,131,2024-04-05,S. Wong
2346,132,2022-02-02,J. Thompson
2347,132,2022-03-24,A. Patel
2348,132,2022-03-19,S. Wong
2349,132,2022-03-09,J. Thompson
2350,132,2022-04-13,L. Novak
2351,132,2022-04-06,L. Novak
2352,132,2022-05-23,S. Wong
2353,132,2022-06-08,A. Patel
2354,132,2022-06-21,S. Wong
2355,132,2022-05-28,M. Fernandez
2356,132,2022-07-24,S. Wong
2357,132,2022-06-30,S. Wong
2358,132,2022-08-07,M. Fernandez
2359,132,2022-09-12,M. Fernandez
2360,132,2022-09-08,A. Patel
2361,132,2022-09-14,A. Patel
2362,132,2022-10-18,S. Wong
2363,132,2022-11-11,A. Patel
2364,132,2022-11-14,S. Wong
2365,132,2022-11-13,J. Thompson
2366,132,2022-12-05,A. Patel
2367,132,2022-12-14,A. Patel
2368,132,2022-12-14,L. Novak
2369,132,2022-11-29,L. Novak
2370,132,2022-11-26,S. Wong
2371,132,2023-01-11,M. Fernandez
2372,132,2023-01-20,J. Thompson
2373,132,2023-03-12,S. Wong
2374,132,2023-03-17,L. Novak
2375,132,2023-03-15,A. Patel
2376,132,2023-03-24,S. Wong
2377,132,2023-04-14,J. Thompson
2378,132,2023-05-18,L. Novak
2379,132,2023-06-22,L. Novak
2380,132,2023-07-01,L. Novak
2381,132,2023-08-01,R. Khan
2382,132,2023-08-01,M. Fernandez
2383,132,2023-08-18,L. Novak
2384,132,2023-11-10,S. Wong
2385,132,2023-12-16,R. Khan
2386,132,2023-12-04,R. Khan
2387,132,2023-12-05,M. Fernandez
2388,133,2022-03-13,A. Patel
2389,133,2022-06-02,R. Khan
2390,133,2022-06-21,A. Patel
2391,133,2022-09-02,S. Wong
2392,133,2022-10-07,J. Thompson
2393,133,2022-11-03,J. Thompson
2394,133,2022-11-11,S. Wong
2395,133,2022-11-02,M. Fernandez
2396,133,2023-01-14,L. Novak
2397,133,2023-04-05,J. Thompson
2398,133,2023-04-28,J. Thompson
2399,133,2023-09-14,S. Wong
2400,133,2023-11-01,R. Khan
2401,134,2022-03-12,J. Thompson
2402,134,2022-03-09,A. Patel
2403,134,2022-04-11,J. Thompson
2404,134,2022-04-07,L. Novak
2405,134,2022-04-22,L. Novak
2406,134,2022-05-19,J. Thompson
2407,134,2022-06-06,L. Novak
2408,134,2022-05-31,A. Patel
2409,134,2022-07-09,S. Wong
2410,134,2022-07-28,J. Thompson
2411,134,2022-09-15,M. Fernandez
2412,134,2022-09-12,A. Patel
2413,134,2022-08-21,L. Novak
2414,134,2022-09-14,S. Wong
2415,134,2022-10-11,R. Khan
2416,134,2022-09-20,M. Fernandez
2417,134,2022-12-10,R. Khan
2418,134,2022-12-15,M. Fernandez
2419,134,2023-01-08,M. Fernandez
2420,134,2022-12-24,M. Fernandez
2421,134,2023-02-06,L. Novak
2422,134,2023-02-08,S. Wong
2423,134,2023-01-26,L. Novak
2424,134,2023-02-04,M. Fernandez
2425,134,2023-02-16,J. Thompson
2426,134,2023-02-25,M. Fernandez
2427,134,2023-02-25,S. Wong
2428,134,2023-03-13,L. Novak
2429,134,2023-02-25,S. Wong
2430,134,2023-03-15,J. Thompson
2431,134,2023-03-29,L. Novak
2432,134,2023-04-22,M. Fernandez
2433,134,2023-05-27,R. Khan
2434,134,2023-05-22,R. Khan
2435,134,2023-06-07,A. Patel
2436,134,2023-05-24,J. Thompson
2437,134,2023-06-06,J. Thompson
2438,134,2023-07-06,A. Patel
2439,134,2023-06-17,S. Wong
2440,134,2023-07-02,A. Patel
2441,134,2023-07-03,A. Patel
2442,134,2023-08-03,R. Khan
2443,134,2023-08-10,L. Novak
2444,135,2023-01-07,L. Novak
2445,135,2023-01-17,M. Fernandez
2446,135,2023-03-07,L. Novak
2447,135,2023-03-17,M. Fernandez
2448,135,2023-04-07,J. Thompson
2449,135,2023-05-25,A. Patel
2450,136,2024-05-07,S. Wong
2451,136,2024-06-09,A. Patel
2452,136,2024-07-21,A. Patel
2453,136,2024-09-07,R. Khan
2454,136,2024-09-09,S. Wong
2455,136,2024-11-15,R. Khan
2456,136,2024-11-27,R. Khan
2457,137,2023-01-10,M. Fernandez
2458,137,2023-02-03,R. Khan
2459,137,2023-03-19,S. Wong
2460,137,2023-03-15,L. Novak
2461,137,2023-03-04,R. Khan
2462,137,2023-03-28,L. Novak
2463,137,2023-06-14,J. Thompson
2464,137,2023-06-18,J. Thompson
2465,137,2023-06-28,M. Fernandez
2466,137,2023-07-01,J. Thompson
2467,137,2023-07-27,M. Fernandez
2468,137,2023-08-02,S. Wong
2469,137,2023-08-16,S. Wong
2470,137,2023-08-23,S. Wong
2471,137,2023-09-15,M. Fernandez
2472,137,2023-08-28,J. Thompson
2473,137,2023-10-01,S. Wong
2474,137,2023-09-27,J. Thompson
2475,137,2023-09-28,J. Thompson
2476,137,2023-11-08,S. Wong
2477,137,2023-11-02,L. Novak
2478,137,2023-12-02,A. Patel
2479,137,2024-01-09,M. Fernandez
2480,137,2024-02-27,A. Patel
2481,137,2024-03-13,L. Novak
2482,137,2024-03-07,J. Thompson
2483,137,2024-05-05,L. Novak
2484,137,2024-05-10,A. Patel
2485,137,2024-06-09,L. Novak
2486,137,2024-05-24,J. Thompson
2487,137,2024-06-28,M. Fernandez
2488,137,2024-06-25,M. Fernandez
2489,137,2024-07-30,S. Wong
2490,137,2024-08-02,M. Fernandez
2491,137,2024-07-30,A. Patel
2492,137,2024-07-27,L. Novak
2493,137,2024-08-18,R. Khan
2494,137,2024-09-09,A. Patel
2495,137,2024-10-04,L. Novak
2496,137,2024-10-28,M. Fernandez
2497,137,2024-10-25,A. Patel
2498,137,2024-11-24,S. Wong
2499,138,2022-02-01,R. Khan
2500,138,2022-03-16,J. Thompson
2501,138,2022-05-26,M. Fernandez
2502,138,2022-06-12,L. Novak
2503,138,2022-07-06,A. Patel
2504,138,2022-10-18,A. Patel
2505,139,2022-06-16,M. Fernandez
2506,139,2022-07-12,M. Fernandez
2507,139,2022-07-13,J. Thompson
2508,139,2022-08-08,S. Wong
2509,139,2022-10-01,L. Novak
2510,139,2022-09-18,S. Wong
2511,139,2022-10-30,A. Patel
2512,139,2022-10-20,R. Khan
2513,139,2022-10-27,R. Khan
2514,139,2022-11-09,J. Thompson
2515,139,2022-12-14,S. Wong
2516,139,2022-12-03,A. Patel
2517,139,2023-01-13,M. Fernandez
2518,139,2023-04-29,L. Novak
2519,139,2023-04-22,L. Novak
2520,139,2023-04-22,M. Fernandez
2521,139,2023-04-29,J. Thompson
2522,139,2023-06-05,R. Khan
2523,139,2023-06-16,A. Patel
2524,139,2023-06-26,J. Thompson
2525,140,2022-09-24,J. Thompson
2526,141,2023-09-24,A. Patel
2527,141,2023-09-19,M. Fernandez
2528,141,2023-10-23,A. Patel
2529,141,2023-10-13,S. Wong
2530,141,2023-11-09,J. Thompson
2531,141,2023-12-05,R. Khan
2532,141,2023-12-12,M. Fernandez
2533,141,2023-12-14,A. Patel
2534,141,2023-12-16,R. Khan
2535,141,2023-12-27,S. Wong
2536,141,2024-01-28,M. Fernandez
2537,141,2024-02-03,R. Khan
2538,141,2024-03-27,J. Thompson
2539,142,2022-05-14,A. Patel
2540,142,2022-04-28,M. Fernandez
2541,142,2022-05-30,M. Fernandez
2542,142,2022-06-08,M. Fernandez
2543,142,2022-06-01,L. Novak
2544,142,2022-07-17,A. Patel
2545,142,2022-07-20,J. Thompson
2546,142,2022-07-25,S. Wong
2547,142,2022-09-03,M. Fernandez
2548,142,2022-09-30,S. Wong
2549,142,2022-10-26,R. Khan
2550,142,2022-12-11,R. Khan
2551,142,2022-11-27,S. Wong
2552,142,2023-01-10,R. Khan
2553,142,2023-01-06,A. Patel
2554,142,2023-01-19,R. Khan
2555,142,2023-01-30,S. Wong
2556,142,2023-03-23,J. Thompson
2557,142,2023-04-09,L. Novak
2558,142,2023-06-03,R. Khan
2559,142,2023-07-07,R. Khan
2560,142,2023-08-17,L. Novak
2561,143,2023-02-15,L. Novak
2562,143,2023-03-04,J. Thompson
2563,143,2023-03-03,R. Khan
2564,143,2023-04-13,M. Fernandez
2565,143,2023-04-28,L. Novak
2566,143,2023-05-09,A. Patel
2567,143,2023-05-24,J. Thompson
2568,143,2023-07-09,S. Wong
2569,143,2023-06-21,J. Thompson
2570,143,2023-07-12,L. Novak
2571,144,2024-05-08,M. Fernandez
2572,144,2024-06-02,R. Khan
2573,144,2024-06-18,S. Wong
2574,144,2024-06-08,A. Patel
2575,144,2024-07-23,L. Novak
2576,144,2024-07-25,M. Fernandez
2577,144,2024-07-13,S. Wong
2578,144,2024-08-05,R. Khan
2579,144,2024-09-20,R. Khan
2580,144,2024-09-10,S. Wong
2581,144,2024-08-31,M. Fernandez
2582,144,2024-09-07,S. Wong
2583,144,2024-09-30,L. Novak
2584,144,2024-10-15,S. Wong
2585,144,2024-10-14,R. Khan
2586,144,2024-09-28,R. Khan
2587,144,2024-11-22,L. Novak
2588,144,2024-10-30,A. Patel
2589,144,2024-12-17,L. Novak
2590,144,2024-12-07,L. Novak
2591,144,2024-12-08,L. Novak
2592,144,2024-12-01,A. Patel
2593,144,2024-12-21,A. Patel
2594,144,2024-12-07,J. Thompson
2595,145,2023-12-22,M. Fernandez
2596,145,2024-02-24,R. Khan
2597,145,2024-03-25,J. Thompson
2598,145,2024-03-18,L. Novak
2599,145,2024-03-04,L. Novak
2600,145,2024-03-13,M. Fernandez
2601,145,2024-04-08,L. Novak
2602,145,2024-05-24,J. Thompson
2603,145,2024-05-03,J. Thompson
2604,145,2024-05-09,R. Khan
2605,145,2024-05-06,A. Patel
2606,145,2024-07-18,L. Novak
2607,145,2024-07-16,M. Fernandez
2608,145,2024-07-25,M. Fernandez
2609,145,2024-07-25,A. Patel
2610,145,2024-08-19,M. Fernandez
2611,145,2024-08-05,L. Novak
2612,145,2024-10-11,L. Novak
2613,145,2024-11-05,J. Thompson
2614,145,2024-12-11,S. Wong
2615,145,2024-12-09,J. Thompson
2616,145,2024-12-19,M. Fernandez
2617,146,2022-03-01,M. Fernandez
2618,146,2022-02-16,M. Fernandez
2619,146,2022-02-16,A. Patel
2620,146,2022-03-09,R. Khan
2621,146,2022-05-05,L. Novak
2622,146,2022-04-27,R. Khan
2623,146,2022-05-18,A. Patel
2624,146,2022-05-28,L. Novak
2625,146,2022-05-24,A. Patel
2626,146,2022-05-13,L. Novak
2627,146,2022-08-17,L. Novak
2628,146,2022-08-20,M. Fernandez
2629,146,2022-09-23,J. Thompson
2630,146,2022-09-11,L. Novak
2631,146,2022-09-29,A. Patel
2632,146,2022-10-17,R. Khan
2633,146,2022-10-30,S. Wong
2634,146,2022-10-12,A. Patel
2635,146,2022-11-04,S. Wong
2636,146,2023-02-12,A. Patel
2637,146,2023-02-20,M. Fernandez
2638,146,2023-03-15,J. Thompson
2639,146,2023-03-19,S. Wong
2640,146,2023-03-17,A. Patel
2641,146,2023-04-11,J. Thompson
2642,146,2023-04-08,A. Patel
2643,146,2023-06-02,R. Khan
2644,146,2023-05-27,S. Wong
2645,146,2023-06-18,A. Patel
2646,146,2023-06-25,J. Thompson
2647,146,2023-07-03,S. Wong
2648,146,2023-06-08,R. Khan
2649,146,2023-06-16,A. Patel
2650,146,2023-06-23,J. Thompson
2651,146,2023-06-13,R. Khan
2652,146,2023-07-21,L. Novak
2653,146,2023-07-09,M. Fernandez
2654,146,2023-07-14,S. Wong
2655,146,2023-07-18,A. Patel
2656,146,2023-08-03,R. Khan
2657,146,2023-08-26,M. Fernandez
2658,146,2023-10-17,R. Khan
2659,146,2023-10-09,S. Wong
2660,146,2023-10-18,S. Wong
2661,146,2023-10-20,A. Patel
2662,146,2023-10-17,M. Fernandez
2663,146,2023-12-20,A. Patel
2664,146,2023-12-22,L. Novak
2665,146,2023-12-05,R. Khan
2666,146,2023-12-13,S. Wong
2667,146,2023-12-05,L. Novak
2668,147,2023-06-14,L. Novak
2669,147,2023-07-06,S. Wong
2670,147,2023-08-12,A. Patel
2671,147,2023-08-20,L. Novak
2672,147,2023-08-05,M. Fernandez
2673,147,2023-10-22,M. Fernandez
2674,147,2023-12-11,S. Wong
2675,147,2023-12-04,R. Khan
2676,147,2024-01-07,S. Wong
2677,147,2024-02-21,M. Fernandez
2678,147,2024-02-10,M. Fernandez
2679,147,2024-03-18,A. Patel
2680,147,2024-03-20,L. Novak
2681,147,2024-03-02,A. Patel
2682,147,2024-04-03,R. Khan
2683,147,2024-04-19,L. Novak
2684,147,2024-04-25,R. Khan
2685,147,2024-05-24,J. Thompson
2686,147,2024-05-25,S. Wong
2687,147,2024-04-29,S. Wong
2688,147,2024-07-23,S. Wong
2689,147,2024-07-22,A. Patel
2690,147,2024-08-07,S. Wong
2691,147,2024-09-19,A. Patel
2692,147,2024-10-13,A. Patel
2693,147,2024-09-30,M. Fernandez
2694,147,2024-10-07,J. Thompson
2695,147,2024-09-30,L. Novak
2696,147,2024-10-18,S. Wong
2697,147,2024-12-26,J. Thompson
2698,148,2023-05-20,L. Novak
2699,148,2023-06-02,R. Khan
2700,148,2023-07-09,J. Thompson
2701,148,2023-06-19,L. Novak
2702,148,2023-07-16,R. Khan
2703,148,2023-09-08,R. Khan
2704,148,2023-09-08,L. Novak
2705,148,2023-10-01,A. Patel
2706,148,2023-10-10,S. Wong
2707,148,2023-10-26,S. Wong
2708,148,2023-11-02,M. Fernandez
2709,148,2023-10-18,S. Wong
2710,148,2023-12-06,J. Thompson
2711,148,2023-11-13,S. Wong
2712,148,2023-12-26,L. Novak
2713,148,2023-12-19,S. Wong
2714,148,2023-12-27,S. Wong
2715,148,2024-01-24,J. Thompson
2716,148,2024-02-29,J. Thompson
2717,148,2024-03-02,M. Fernandez
2718,148,2024-03-27,A. Patel
2719,148,2024-03-13,J. Thompson
2720,148,2024-03-17,L. Novak
2721,149,2022-06-28,J. Thompson
2722,149,2022-10-27,L. Novak
2723,150,2022-10-17,M. Fernandez
2724,150,2022-10-14,R. Khan
2725,150,2022-10-07,A. Patel
2726,150,2022-12-03,A. Patel
2727,150,2022-12-09,L. Novak
2728,150,2022-12-29,A. Patel
2729,150,2023-01-28,S. Wong
2730,150,2023-01-11,A. Patel
2731,150,2023-04-19,R. Khan
2732,150,2023-04-17,L. Novak
2733,150,2023-04-23,J. Thompson
2734,150,2023-06-16,S. Wong
2735,150,2023-06-27,M. Fernandez
2736,150,2023-09-29,S. Wong
2737,150,2023-11-03,J. Thompson
2738,151,2023-04-12,M. Fernandez
2739,151,2023-05-11,S. Wong
2740,152,2022-09-22,J. Thompson
2741,152,2022-09-17,R. Khan
2742,152,2022-10-19,J. Thompson
2743,152,2022-10-16,L. Novak
2744,152,2022-12-18,A. Patel
2745,152,2023-01-28,A. Patel
2746,152,2023-02-03,R. Khan
2747,152,2023-02-24,A. Patel
2748,152,2023-02-18,S. Wong
2749,152,2023-03-29,M. Fernandez
2750,152,2023-03-21,L. Novak
2751,152,2023-03-16,R. Khan
2752,152,2023-04-15,A. Patel
2753,152,2023-05-04,R. Khan
2754,152,2023-05-02,J. Thompson
2755,152,2023-04-09,J. Thompson
2756,152,2023-05-02,J. Thompson
2757,152,2023-05-07,L. Novak
2758,152,2023-07-01,M. Fernandez
2759,152,2023-06-26,M. Fernandez
2760,152,2023-07-09,A. Patel
2761,152,2023-07-08,J. Thompson
2762,152,2023-08-07,A. Patel
2763,152,2023-08-27,A. Patel
2764,152,2023-08-20,J. Thompson
2765,152,2023-08-14,L. Novak
2766,152,2023-08-07,J. Thompson
2767,152,2023-09-21,R. Khan
2768,152,2023-09-26,A. Patel
2769,152,2023-09-28,J. Thompson
2770,152,2023-10-30,R. Khan
2771,152,2023-10-24,M. Fernandez
2772,152,2023-11-29,M. Fernandez
2773,152,2023-11-23,L. Novak
2774,152,2023-11-04,A. Patel
2775,152,2023-12-27,S. Wong
2776,152,2023-12-27,L. Novak
2777,152,2023-12-13,R. Khan
2778,152,2023-12-24,A. Patel
2779,152,2023-12-26,S. Wong
2780,152,2023-12-13,R. Khan
2781,152,2024-01-07,A. Patel
2782,152,2024-01-12,S. Wong
2783,152,2024-01-25,S. Wong
2784,152,2024-02-28,L. Novak
2785,152,2024-03-02,S. Wong
2786,152,2024-03-07,J. Thompson
2787,152,2024-04-13,S. Wong
2788,152,2024-04-07,A. Patel
2789,152,2024-05-09,J. Thompson
2790,152,2024-05-24,S. Wong
2791,152,2024-05-02,M. Fernandez
2792,152,2024-06-10,L. Novak
2793,152,2024-06-16,S. Wong
2794,152,2024-06-30,M. Fernandez
2795,152,2024-08-08,L. Novak
2796,152,2024-08-15,M. Fernandez
2797,152,2024-10-25,J. Thompson
2798,152,2024-09-28,S. Wong
2799,152,2024-10-08,L. Novak
2800,152,2024-11-12,M. Fernandez
2801,152,2024-11-01,M. Fernandez
2802,152,2024-11-23,J. Thompson
2803,152,2024-11-13,A. Patel
2804,152,2024-11-13,S. Wong
2805,153,2024-04-20,J. Thompson
2806,153,2024-09-02,A. Patel
2807,153,2024-08-16,M. Fernandez
2808,153,2024-10-20,M. Fernandez
2809,153,2024-10-24,A. Patel
2810,153,2024-10-11,R. Khan
2811,153,2024-11-30,A. Patel
2812,153,2024-11-13,A. Patel
2813,153,2024-11-24,S. Wong
2814,153,2024-12-18,J. Thompson
2815,154,2022-02-13,M. Fernandez
2816,154,2022-02-13,M. Fernandez
2817,154,2022-03-15,M. Fernandez
2818,154,2022-04-10,A. Patel
2819,154,2022-05-27,M. Fernandez
2820,154,2022-09-09,R. Khan
2821,154,2022-10-10,L. Novak
2822,154,2022-12-15,A. Patel
2823,154,2022-11-27,R. Khan
2824,154,2023-01-17,L. Novak
2825,154,2023-01-27,J. Thompson
2826,154,2023-01-30,L. Novak
2827,154,2023-03-07,M. Fernandez
2828,154,2023-03-06,A. Patel
2829,154,2023-03-09,L. Novak
2830,154,2023-04-21,J. Thompson
2831,154,2023-04-02,A. Patel
2832,154,2023-05-10,A. Patel
2833,154,2023-05-19,J. Thompson
2834,154,2023-05-05,M. Fernandez
2835,154,2023-05-11,M. Fernandez
2836,154,2023-05-08,R. Khan
2837,154,2023-05-31,R. Khan
2838,154,2023-06-01,R. Khan
2839,154,2023-06-12,M. Fernandez
2840,154,2023-06-24,L. Novak
2841,154,2023-09-04,J. Thompson
2842,154,2023-09-02,J. Thompson
2843,154,2023-12-11,M. Fernandez
2844,154,2023-12-12,R. Khan
2845,154,2023-12-03,A. Patel
2846,154,2024-01-13,L. Novak
2847,154,2024-01-08,M. Fernandez
2848,154,2024-02-09,J. Thompson
2849,154,2024-01-20,J. Thompson
2850,154,2024-03-05,L. Novak
2851,154,2024-04-08,J. Thompson
2852,154,2024-04-14,L. Novak
2853,154,2024-03-23,A. Patel
2854,156,2023-09-11,A. Patel
2855,156,2023-11-20,J. Thompson
2856,156,2023-11-13,J. Thompson
2857,156,2023-12-13,A. Patel
2858,156,2024-01-10,A. Patel
2859,156,2024-01-05,M. Fernandez
2860,156,2024-01-22,A. Patel
2861,156,2024-02-23,J. Thompson
2862,156,2024-02-08,A. Patel
2863,156,2024-03-07,A. Patel
2864,156,2024-03-16,S. Wong
2865,156,2024-03-02,L. Novak
2866,156,2024-04-22,M. Fernandez
2867,156,2024-06-07,J. Thompson
2868,156,2024-06-24,A. Patel
2869,156,2024-07-25,S. Wong
2870,156,2024-06-30,M. Fernandez
2871,156,2024-07-13,S. Wong
2872,156,2024-08-15,R. Khan
2873,156,2024-08-18,M. Fernandez
2874,156,2024-08-12,M. Fernandez
2875,156,2024-09-18,R. Khan
2876,156,2024-10-05,J. Thompson
2877,156,2024-10-11,R. Khan
2878,156,2024-10-13,L. Novak
2879,156,2024-10-14,L. Novak
2880,156,2024-11-22,J. Thompson
2881,156,2024-11-13,A. Patel
2882,156,2024-12-31,L. Novak
2883,157,2022-07-30,A. Patel
2884,157,2022-07-27,R. Khan
2885,157,2022-08-27,L. Novak
2886,157,2022-09-03,L. Novak
2887,157,2022-09-13,R. Khan
2888,157,2022-09-17,A. Patel
2889,157,2022-10-09,J. Thompson
2890,157,2022-09-13,M. Fernandez
2891,157,2022-10-18,L. Novak
2892,157,2023-01-19,S. Wong
2893,157,2023-02-21,L. Novak
2894,157,2023-02-20,S. Wong
2895,158,2023-08-10,S. Wong
2896,158,2023-10-06,M. Fernandez
2897,158,2023-10-06,S. Wong
2898,158,2023-10-02,L. Novak
2899,158,2023-11-14,A. Patel
2900,158,2023-11-27,L. Novak
2901,158,2023-12-02,L. Novak
2902,158,2023-12-21,M. Fernandez
2903,158,2023-12-26,R. Khan
2904,158,2024-01-07,L. Novak
2905,158,2024-01-03,A. Patel
2906,158,2024-01-01,R. Khan
2907,158,2024-02-06,A. Patel
2908,158,2024-01-20,M. Fernandez
2909,158,2024-02-14,A. Patel
2910,158,2024-02-25,A. Patel
2911,158,2024-02-19,M. Fernandez
2912,158,2024-03-16,L. Novak
2913,158,2024-03-22,A. Patel
2914,158,2024-04-11,R. Khan
2915,158,2024-04-01,A. Patel
2916,158,2024-05-01,S. Wong
2917,158,2024-05-01,R. Khan
2918,158,2024-06-08,M. Fernandez
2919,158,2024-05-21,A. Patel
2920,158,2024-05-23,L. Novak
2921,158,2024-06-04,M. Fernandez
2922,158,2024-07-05,S. Wong
2923,158,2024-07-18,J. Thompson
2924,158,2024-07-21,L. Novak
2925,158,2024-09-10,A. Patel
2926,158,2024-09-06,M. Fernandez
2927,158,2024-08-23,S. Wong
2928,158,2024-10-30,S. Wong
2929,158,2024-11-01,L. Novak
2930,158,2024-11-18,A. Patel
2931,158,2024-11-21,L. Novak
2932,158,2024-12-27,A. Patel
2933,158,2024-12-20,L. Novak
2934,159,2024-01-22,J. Thompson
2935,159,2024-03-26,L. Novak
2936,159,2024-04-14,M. Fernandez
2937,159,2024-05-11,A. Patel
2938,159,2024-06-08,M. Fernandez
2939,160,2022-11-24,R. Khan
2940,160,2022-11-10,L. Novak
2941,160,2022-11-19,R. Khan
2942,160,2022-11-30,L. Novak
2943,160,2022-12-18,A. Patel
2944,160,2023-01-24,M. Fernandez
2945,160,2023-01-15,J. Thompson
2946,160,2023-01-13,L. Novak
2947,160,2023-02-17,L. Novak
2948,160,2023-06-21,L. Novak
2949,160,2023-06-07,L. Novak
2950,160,2023-07-12,J. Thompson
2951,161,2023-12-01,J. Thompson
2952,161,2024-01-06,M. Fernandez
2953,161,2023-12-22,J. Thompson
2954,161,2023-12-25,R. Khan
2955,161,2023-12-13,M. Fernandez
2956,161,2024-02-05,R. Khan
2957,162,2023-01-02,R. Khan
2958,163,2023-05-11,S. Wong
2959,163,2023-05-22,M. Fernandez
2960,163,2023-05-15,A. Patel
2961,163,2023-06-17,A. Patel
2962,163,2023-06-30,S. Wong
2963,163,2023-06-27,A. Patel
2964,163,2023-07-19,R. Khan
2965,163,2023-08-15,J. Thompson
2966,163,2023-10-03,J. Thompson
2967,163,2023-10-25,M. Fernandez
2968,163,2023-10-13,R. Khan
2969,163,2023-11-25,M. Fernandez
2970,163,2023-12-13,J. Thompson
2971,163,2024-01-13,A. Patel
2972,163,2024-01-26,M. Fernandez
2973,163,2024-02-10,J. Thompson
2974,163,2024-03-18,L. Novak
2975,163,2024-04-01,R. Khan
2976,163,2024-05-25,S. Wong
2977,163,2024-05-19,R. Khan
2978,163,2024-05-08,L. Novak
2979,163,2024-06-29,L. Novak
2980,163,2024-06-13,M. Fernandez
2981,163,2024-07-10,S. Wong
2982,163,2024-07-23,L. Novak
2983,163,2024-08-24,A. Patel
2984,163,2024-08-02,S. Wong
2985,163,2024-09-14,M. Fernandez
2986,163,2024-09-09,S. Wong
2987,163,2024-09-28,R. Khan
2988,163,2024-10-12,A. Patel
2989,163,2024-11-05,A. Patel
2990,163,2024-12-16,M. Fernandez
2991,163,2024-12-08,J. Thompson
2992,164,2024-01-11,J. Thompson
2993,164,2024-02-09,R. Khan
2994,164,2024-04-23,S. Wong
2995,164,2024-07-02,J. Thompson
2996,164,2024-08-02,J. Thompson
2997,164,2024-10-10,J. Thompson
2998,164,2024-11-28,M. Fernandez
2999,164,2024-11-08,J. Thompson
3000,164,2024-12-08,J. Thompson
3001,164,2024-12-22,M. Fernandez
3002,164,2024-12-07,L. Novak
3003,164,2024-12-23,A. Patel
3004,164,2024-12-08,A. Patel
3005,164,2024-12-25,S. Wong
3006,165,2024-02-22,M. Fernandez
3007,165,2024-02-22,S. Wong
3008,165,2024-03-11,A. Patel
3009,165,2024-06-16,M. Fernandez
3010,165,2024-08-17,S. Wong
3011,165,2024-08-19,J. Thompson
3012,165,2024-10-16,L. Novak
3013,165,2024-10-28,L. Novak
3014,165,2024-11-14,J. Thompson
3015,165,2024-11-16,M. Fernandez
3016,165,2024-11-13,J. Thompson
3017,166,2024-02-01,A. Patel
3018,167,2024-06-13,L. Novak
3019,167,2024-06-27,R. Khan
3020,168,2022-12-15,R. Khan
3021,168,2023-02-08,L. Novak
3022,168,2023-02-24,R. Khan
3023,168,2023-02-14,R. Khan
3024,168,2023-02-15,A. Patel
3025,168,2023-03-30,R. Khan
3026,168,2023-03-30,R. Khan
3027,168,2023-04-26,L. Novak
3028,168,2023-04-09,J. Thompson
3029,168,2023-04-17,M. Fernandez
3030,168,2023-04-05,J. Thompson
3031,168,2023-05-11,S. Wong
3032,168,2023-05-23,M. Fernandez
3033,168,2023-05-10,A. Patel
3034,168,2023-06-11,S. Wong
3035,168,2023-06-07,A. Patel
3036,168,2023-07-31,S. Wong
3037,168,2023-08-29,L. Novak
3038,168,2023-08-19,J. Thompson
3039,168,2023-08-10,A. Patel
3040,168,2023-09-11,S. Wong
3041,168,2023-09-05,J. Thompson
3042,168,2023-09-05,L. Novak
3043,168,2023-09-15,R. Khan
3044,168,2023-09-07,R. Khan
3045,168,2023-10-15,S. Wong
3046,168,2023-11-11,M. Fernandez
3047,168,2023-11-08,S. Wong
3048,168,2023-11-14,J. Thompson
3049,168,2023-11-11,J. Thompson
3050,168,2023-11-03,A. Patel
3051,168,2023-12-18,S. Wong
3052,168,2024-01-01,A. Patel
3053,168,2024-01-26,M. Fernandez
3054,168,2024-01-31,J. Thompson
3055,168,2024-02-17,A. Patel
3056,168,2024-02-29,J. Thompson
3057,168,2024-03-03,M. Fernandez
3058,168,2024-03-09,J. Thompson
3059,168,2024-04-18,M. Fernandez
3060,168,2024-04-15,A. Patel
3061,168,2024-04-30,S. Wong
3062,168,2024-06-13,S. Wong
3063,168,2024-06-18,L. Novak
3064,168,2024-06-08,J. Thompson
3065,169,2022-03-31,A. Patel
3066,169,2022-04-14,A. Patel
3067,169,2022-03-31,J. Thompson
3068,169,2022-05-20,M. Fernandez
3069,169,2022-05-11,S. Wong
3070,169,2022-06-12,L. Novak
3071,169,2022-05-27,M. Fernandez
3072,169,2022-07-06,A. Patel
3073,169,2022-08-20,M. Fernandez
3074,169,2022-08-06,L. Novak
3075,169,2022-09-16,L. Novak
3076,169,2022-08-29,A. Patel
3077,169,2022-08-26,S. Wong
3078,169,2022-09-30,R. Khan
3079,169,2022-10-06,A. Patel
3080,169,2022-10-04,L. Novak
3081,169,2022-09-23,A. Patel
3082,169,2022-11-02,L. Novak
3083,169,2022-11-11,R. Khan
3084,169,2022-12-17,A. Patel
3085,169,2022-12-09,S. Wong
3086,169,2022-12-02,A. Patel
3087,169,2022-12-18,S. Wong
3088,169,2023-02-16,R. Khan
3089,169,2023-01-30,L. Novak
3090,169,2023-02-11,R. Khan
3091,169,2023-02-06,J. Thompson
3092,169,2023-03-18,S. Wong
3093,169,2023-04-04,A. Patel
3094,169,2023-05-08,R. Khan
3095,169,2023-06-15,M. Fernandez
3096,169,2023-06-07,L. Novak
3097,169,2023-06-13,M. Fernandez
3098,169,2023-06-26,A. Patel
3099,169,2023-07-05,A. Patel
3100,169,2023-07-13,L. Novak
3101,169,2023-08-10,M. Fernandez
3102,169,2023-08-24,M. Fernandez
3103,169,2023-08-28,R. Khan
3104,169,2023-10-15,A. Patel
3105,169,2023-10-23,A. Patel
3106,169,2023-11-01,R. Khan
3107,169,2023-11-08,R. Khan
3108,169,2023-11-28,J. Thompson
3109,169,2023-11-17,R. Khan
3110,169,2023-11-22,J. Thompson
3111,169,2023-12-04,J. Thompson
3112,169,2024-01-13,S. Wong
3113,169,2023-12-22,J. Thompson
3114,169,2024-01-18,L. Novak
3115,169,2024-02-02,S. Wong
3116,169,2024-02-16,A. Patel
3117,169,2024-02-15,L. Novak
3118,169,2024-03-09,A. Patel
3119,169,2024-04-11,A. Patel
3120,169,2024-03-31,S. Wong
3121,169,2024-05-10,A. Patel
3122,169,2024-05-11,S. Wong
3123,169,2024-04-24,L. Novak
3124,169,2024-06-10,S. Wong
3125,169,2024-06-11,S. Wong
3126,169,2024-05-26,A. Patel
3127,169,2024-05-15,A. Patel
3128,169,2024-05-17,J. Thompson
3129,169,2024-05-18,M. Fernandez
3130,169,2024-07-02,J. Thompson
3131,169,2024-07-10,R. Khan
3132,169,2024-07-01,M. Fernandez
3133,169,2024-06-23,S. Wong
3134,169,2024-06-24,M. Fernandez
3135,170,2024-08-10,R. Khan
3136,170,2024-08-22,A. Patel
3137,170,2024-11-13,J. Thompson
3138,171,2022-11-08,R. Khan
3139,171,2022-12-13,A. Patel
3140,171,2022-11-23,L. Novak
3141,171,2022-11-26,R. Khan
3142,171,2022-11-25,A. Patel
3143,171,2022-12-24,R. Khan
3144,171,2023-03-06,S. Wong
3145,171,2023-06-08,S. Wong
3146,171,2023-06-16,A. Patel
3147,171,2023-07-08,J. Thompson
3148,171,2023-09-21,J. Thompson
3149,171,2023-10-21,L. Novak
3150,172,2022-04-14,S. Wong
3151,172,2022-04-26,R. Khan
3152,172,2022-04-29,L. Novak
3153,172,2022-04-23,S. Wong
3154,172,2022-04-29,S. Wong
3155,172,2022-06-12,A. Patel
3156,172,2022-07-13,R. Khan
3157,172,2022-08-18,L. Novak
3158,172,2022-09-01,J. Thompson
3159,172,2022-09-28,S. Wong
3160,172,2022-10-20,S. Wong
3161,172,2022-11-03,R. Khan
3162,172,2022-10-29,J. Thompson
3163,172,2022-12-13,A. Patel
3164,172,2022-11-30,M. Fernandez
3165,172,2023-02-09,M. Fernandez
3166,172,2023-01-25,S. Wong
3167,172,2023-02-07,S. Wong
3168,172,2023-03-23,A. Patel
3169,172,2023-03-27,L. Novak
3170,172,2023-05-15,L. Novak
3171,172,2023-06-05,A. Patel
3172,172,2023-06-12,J. Thompson
3173,172,2023-07-02,R. Khan
3174,172,2023-06-17,M. Fernandez
3175,172,2023-07-23,J. Thompson
3176,172,2023-07-26,L. Novak
3177,172,2023-07-23,L. Novak
3178,172,2023-08-27,A. Patel
3179,172,2023-08-26,A. Patel
3180,172,2023-09-02,M. Fernandez
3181,172,2023-09-07,A. Patel
3182,173,2023-06-25,S. Wong
3183,173,2023-08-31,S. Wong
3184,173,2023-09-30,L. Novak
3185,173,2023-09-22,J. Thompson
3186,173,2023-09-16,R. Khan
3187,173,2023-11-29,J. Thompson
3188,174,2022-06-21,A. Patel
3189,174,2022-06-27,R. Khan
3190,174,2022-07-24,M. Fernandez
3191,175,2022-06-27,J. Thompson
3192,175,2022-08-18,J. Thompson
3193,175,2022-09-10,S. Wong
3194,175,2022-09-19,R. Khan
3195,175,2022-10-07,J. Thompson
3196,175,2023-03-21,A. Patel
3197,175,2023-03-04,J. Thompson
3198,175,2023-05-11,J. Thompson
3199,176,2023-11-06,L. Novak
3200,176,2023-12-17,A. Patel
3201,176,2023-12-25,J. Thompson
3202,176,2024-01-15,S. Wong
3203,176,2024-01-18,J. Thompson
3204,176,2024-02-06,A. Patel
3205,176,2024-03-16,R. Khan
3206,176,2024-04-07,J. Thompson
3207,176,2024-04-06,J. Thompson
3208,176,2024-08-27,L. Novak
3209,176,2024-09-02,M. Fernandez
3210,176,2024-09-23,L. Novak
3211,176,2024-10-13,L. Novak
3212,176,2024-10-08,L. Novak
3213,176,2024-10-25,R. Khan
3214,176,2024-11-20,R. Khan
3215,176,2024-11-21,M. Fernandez
3216,177,2023-04-03,J. Thompson
3217,177,2023-04-14,J. Thompson
3218,177,2023-05-19,A. Patel
3219,177,2023-06-21,L. Novak
3220,177,2023-06-19,M. Fernandez
3221,177,2023-07-22,A. Patel
3222,177,2023-07-28,A. Patel
3223,177,2024-01-12,A. Patel
3224,177,2023-12-31,S. Wong
3225,177,2024-02-18,R. Khan
3226,178,2023-10-21,J. Thompson
3227,178,2023-10-31,R. Khan
3228,178,2023-11-29,R. Khan
3229,178,2024-02-13,R. Khan
3230,179,2022-08-06,M. Fernandez
3231,179,2022-09-01,R. Khan
3232,179,2022-09-01,A. Patel
3233,179,2022-10-20,M. Fernandez
3234,179,2022-11-22,R. Khan
3235,179,2022-11-11,R. Khan
3236,179,2022-11-12,J. Thompson
3237,179,2022-12-10,L. Novak
3238,179,2023-01-07,J. Thompson
3239,179,2023-01-29,L. Novak
3240,180,2022-09-22,R. Khan
3241,180,2022-09-27,L. Novak
3242,180,2022-10-28,A. Patel
3243,180,2022-10-11,R. Khan
3244,180,2022-10-19,L. Novak
3245,180,2022-11-22,L. Novak
3246,180,2022-11-17,S. Wong
3247,180,2022-11-14,L. Novak
3248,180,2022-12-04,S. Wong
3249,180,2022-12-04,J. Thompson
3250,180,2023-01-06,R. Khan
3251,180,2023-02-13,M. Fernandez
3252,180,2023-02-13,L. Novak
3253,180,2023-03-25,R. Khan
3254,180,2023-03-04,S. Wong
3255,180,2023-05-10,L. Novak
3256,180,2023-05-28,A. Patel
3257,180,2023-06-23,L. Novak
3258,180,2023-08-04,M. Fernandez
3259,180,2023-08-20,A. Patel
3260,180,2023-09-25,M. Fernandez
3261,180,2023-09-21,A. Patel
3262,180,2023-09-14,R. Khan
3263,180,2023-11-20,J. Thompson
3264,180,2023-11-19,M. Fernandez
3265,180,2023-11-18,L. Novak
3266,180,2023-11-04,J. Thompson
3267,180,2023-11-03,R. Khan
3268,180,2023-10-31,S. Wong
3269,180,2023-11-29,A. Patel
3270,180,2023-12-14,A. Patel
3271,180,2023-12-18,J. Thompson
3272,180,2024-01-06,J. Thompson
3273,180,2024-01-23,A. Patel
3274,180,2024-01-20,R. Khan
3275,180,2024-01-12,S. Wong
3276,180,2024-02-01,A. Patel
3277,180,2024-01-29,M. Fernandez
3278,180,2024-02-11,A. Patel
3279,180,2024-02-05,S. Wong
3280,181,2023-03-18,S. Wong
3281,181,2023-03-16,J. Thompson
3282,182,2022-08-28,M. Fernandez
3283,182,2022-09-04,A. Patel
3284,182,2022-09-10,M. Fernandez
3285,183,2023-12-29,S. Wong
3286,183,2023-12-10,J. Thompson
3287,183,2024-01-18,M. Fernandez
3288,183,2024-01-06,M. Fernandez
3289,183,2024-01-27,L. Novak
3290,184,2024-06-25,A. Patel
3291,184,2024-06-09,S. Wong
3292,184,2024-07-18,L. Novak
3293,184,2024-07-25,J. Thompson
3294,184,2024-09-16,J. Thompson
3295,184,2024-10-02,A. Patel
3296,184,2024-11-09,L. Novak
3297,184,2024-11-23,J. Thompson
3298,184,2024-12-25,S. Wong
3299,184,2024-12-14,L. Novak
3300,185,2022-08-28,L. Novak
3301,185,2022-08-26,M. Fernandez
3302,185,2022-09-27,J. Thompson
3303,185,2022-09-22,S. Wong
3304,185,2022-09-25,L. Novak
3305,185,2022-10-19,A. Patel
3306,185,2022-10-18,R. Khan
3307,185,2022-10-29,R. Khan
3308,185,2022-10-23,A. Patel
3309,186,2022-03-22,L. Novak
3310,186,2022-03-28,S. Wong
3311,186,2022-04-26,R. Khan
3312,186,2022-05-19,M. Fernandez
3313,186,2022-07-11,R. Khan
3314,186,2022-07-31,R. Khan
3315,186,2022-09-04,J. Thompson
3316,186,2022-09-25,J. Thompson
3317,186,2022-10-17,R. Khan
3318,186,2022-11-17,L. Novak
3319,186,2022-11-13,J. Thompson
3320,186,2023-01-27,L. Novak
3321,186,2023-02-13,L. Novak
3322,186,2023-02-03,M. Fernandez
3323,186,2023-03-19,R. Khan
3324,186,2023-04-23,A. Patel
3325,186,2023-04-01,L. Novak
3326,186,2023-06-21,J. Thompson
3327,186,2023-05-31,S. Wong
3328,186,2023-07-14,S. Wong
3329,186,2023-07-22,J. Thompson
3330,186,2023-07-11,S. Wong
3331,186,2023-08-21,L. Novak
3332,186,2023-09-04,R. Khan
3333,186,2023-10-18,M. Fernandez
3334,186,2023-10-19,M. Fernandez
3335,186,2023-10-09,J. Thompson
3336,186,2023-12-14,R. Khan
3337,186,2023-11-24,A. Patel
3338,186,2024-01-13,J. Thompson
3339,186,2024-02-07,A. Patel
3340,186,2024-02-10,A. Patel
3341,186,2024-03-16,J. Thompson
3342,186,2024-04-11,J. Thompson
3343,186,2024-05-02,J. Thompson
3344,186,2024-05-05,S. Wong
3345,186,2024-05-05,J. Thompson
3346,186,2024-05-25,M. Fernandez
3347,187,2022-11-15,S. Wong
3348,188,2023-04-07,A. Patel
3349,188,2023-05-09,R. Khan
3350,188,2023-04-24,S. Wong
3351,188,2023-05-28,M. Fernandez
3352,188,2023-06-29,A. Patel
3353,188,2023-06-23,J. Thompson
3354,188,2023-07-06,J. Thompson
3355,188,2023-07-20,J. Thompson
3356,188,2023-07-21,S. Wong
3357,188,2023-07-20,J. Thompson
3358,188,2023-09-06,R. Khan
3359,188,2023-10-16,L. Novak
3360,188,2023-11-15,J. Thompson
3361,188,2023-11-27,M. Fernandez
3362,188,2023-12-20,L. Novak
3363,188,2023-12-31,A. Patel
3364,188,2024-02-07,S. Wong
3365,188,2024-02-02,A. Patel
3366,188,2024-02-02,J. Thompson
3367,188,2024-01-31,R. Khan
3368,188,2024-02-03,R. Khan
3369,188,2024-02-19,A. Patel
3370,188,2024-02-12,M. Fernandez
3371,188,2024-06-04,A. Patel
3372,188,2024-06-01,S. Wong
3373,188,2024-07-03,A. Patel
3374,188,2024-07-05,J. Thompson
3375,188,2024-07-05,A. Patel
3376,188,2024-07-07,J. Thompson
3377,188,2024-06-22,M. Fernandez
3378,188,2024-08-01,L. Novak
3379,188,2024-08-24,A. Patel
3380,188,2024-09-02,A. Patel
3381,188,2024-08-20,R. Khan
3382,188,2024-08-28,R. Khan
3383,188,2024-09-28,R. Khan
3384,188,2024-10-13,A. Patel
3385,188,2024-12-01,J. Thompson
3386,188,2024-12-16,R. Khan
3387,188,2024-12-27,M. Fernandez
3388,189,2022-04-02,M. Fernandez
3389,189,2022-04-18,A. Patel
3390,190,2022-12-25,S. Wong
3391,190,2022-12-18,A. Patel
3392,190,2023-03-15,L. Novak
3393,190,2023-05-24,R. Khan
3394,190,2023-06-24,R. Khan
3395,191,2022-02-09,J. Thompson
3396,191,2022-02-01,L. Novak
3397,191,2022-02-11,J. Thompson
3398,191,2022-02-21,L. Novak
3399,191,2022-04-11,M. Fernandez
3400,191,2022-04-25,J. Thompson
3401,191,2022-05-02,M. Fernandez
3402,191,2022-10-31,S. Wong
3403,191,2022-12-27,J. Thompson
3404,191,2023-01-08,R. Khan
3405,191,2023-03-06,A. Patel
3406,192,2024-03-06,L. Novak
3407,192,2024-04-07,S. Wong
3408,192,2024-03-20,R. Khan
3409,192,2024-04-21,L. Novak
3410,192,2024-05-03,L. Novak
3411,192,2024-04-17,R. Khan
3412,192,2024-04-29,R. Khan
3413,192,2024-05-14,R. Khan
3414,192,2024-06-09,M. Fernandez
3415,192,2024-05-23,L. Novak
3416,192,2024-07-09,A. Patel
3417,193,2022-10-28,L. Novak
3418,193,2022-11-06,A. Patel
3419,193,2022-10-18,S. Wong
3420,193,2022-10-26,A. Patel
3421,193,2022-12-17,L. Novak
3422,193,2023-01-16,S. Wong
3423,193,2023-02-04,S. Wong
3424,193,2023-03-19,J. Thompson
3425,193,2023-04-04,A. Patel
3426,193,2023-03-16,S. Wong
3427,193,2023-04-28,R. Khan
3428,193,2023-05-06,J. Thompson
3429,194,2023-05-24,R. Khan
3430,194,2023-06-06,R. Khan
3431,194,2023-07-12,S. Wong
3432,194,2023-07-23,J. Thompson
3433,194,2023-07-06,R. Khan
3434,194,2023-07-13,L. Novak
3435,194,2023-08-06,M. Fernandez
3436,194,2023-08-14,A. Patel
3437,194,2023-11-06,M. Fernandez
3438,194,2023-12-20,A. Patel
3439,194,2023-11-27,M. Fernandez
3440,194,2023-12-13,J. Thompson
3441,194,2024-01-26,L. Novak
3442,194,2024-02-18,M. Fernandez
3443,194,2024-02-21,M. Fernandez
3444,194,2024-03-28,L. Novak
3445,194,2024-03-25,M. Fernandez
3446,194,2024-04-10,S. Wong
3447,194,2024-04-25,S. Wong
3448,194,2024-06-10,S. Wong
3449,194,2024-07-13,A. Patel
3450,195,2022-05-10,J. Thompson
3451,195,2022-05-04,J. Thompson
3452,195,2022-06-12,A. Patel
3453,195,2022-06-21,J. Thompson
3454,195,2022-07-06,A. Patel
3455,195,2022-08-09,A. Patel
3456,195,2022-07-24,S. Wong
3457,195,2022-09-07,R. Khan
3458,195,2022-09-09,S. Wong
3459,195,2023-02-26,J. Thompson
3460,195,2023-02-26,M. Fernandez
3461,195,2023-03-04,M. Fernandez
3462,195,2023-02-13,M. Fernandez
3463,195,2023-03-30,L. Novak
3464,195,2023-04-06,A. Patel
3465,195,2023-03-28,A. Patel
3466,195,2023-04-19,J. Thompson
3467,195,2023-06-02,R. Khan
3468,195,2023-05-18,J. Thompson
3469,195,2023-06-01,J. Thompson
3470,195,2023-07-07,M. Fernandez
3471,195,2023-07-29,J. Thompson
3472,195,2023-08-31,M. Fernandez
3473,195,2023-10-16,M. Fernandez
3474,195,2023-11-02,L. Novak
3475,195,2023-11-14,S. Wong
3476,195,2023-11-19,M. Fernandez
3477,195,2023-12-31,L. Novak
3478,195,2023-12-23,R. Khan
3479,195,2024-01-22,A. Patel
3480,195,2024-02-14,L. Novak
3481,195,2024-02-13,S. Wong
3482,195,2024-02-23,J. Thompson
3483,195,2024-03-03,L. Novak
3484,195,2024-04-02,M. Fernandez
3485,195,2024-03-14,J. Thompson
3486,195,2024-04-15,R. Khan
3487,195,2024-04-23,R. Khan
3488,195,2024-04-30,L. Novak
3489,195,2024-04-12,J. Thompson
3490,195,2024-04-15,M. Fernandez
3491,195,2024-05-09,R. Khan
3492,195,2024-07-02,J. Thompson
3493,195,2024-09-01,A. Patel
3494,195,2024-08-25,R. Khan
3495,195,2024-08-28,M. Fernandez
3496,196,2023-05-29,S. Wong
3497,196,2023-06-28,A. Patel
3498,196,2023-08-23,J. Thompson
3499,196,2023-09-02,A. Patel
3500,196,2023-09-23,J. Thompson
3501,196,2023-11-11,S. Wong
3502,196,2023-11-22,R. Khan
3503,196,2023-12-22,S. Wong
3504,196,2023-12-22,R. Khan
3505,196,2023-12-23,L. Novak
3506,196,2024-02-11,S. Wong
3507,196,2024-03-11,L. Novak
3508,196,2024-04-05,J. Thompson
3509,196,2024-04-17,L. Novak
3510,196,2024-05-08,M. Fernandez
3511,196,2024-04-19,M. Fernandez
3512,196,2024-06-07,S. Wong
3513,196,2024-07-26,J. Thompson
3514,196,2024-07-28,J. Thompson
3515,196,2024-09-20,L. Novak
3516,196,2024-10-10,A. Patel
3517,196,2024-10-06,L. Novak
3518,196,2024-09-29,A. Patel
3519,196,2024-10-28,A. Patel
3520,196,2024-11-26,M. Fernandez
3521,197,2023-04-15,J. Thompson
3522,197,2023-04-13,L. Novak
3523,197,2023-04-26,A. Patel
3524,197,2023-05-26,J. Thompson
3525,197,2023-05-30,A. Patel
3526,197,2023-05-24,R. Khan
3527,197,2023-05-18,J. Thompson
3528,197,2023-07-30,A. Patel
3529,197,2023-09-04,L. Novak
3530,197,2023-08-31,L. Novak
3531,197,2023-09-11,A. Patel
3532,197,2023-09-22,M. Fernandez
3533,197,2023-09-22,R. Khan
3534,197,2023-10-04,J. Thompson
3535,197,2023-11-03,A. Patel
3536,197,2023-11-20,A. Patel
3537,197,2023-11-24,A. Patel
3538,197,2023-11-10,A. Patel
3539,197,2024-01-01,S. Wong
3540,197,2023-12-31,A. Patel
3541,197,2024-01-23,A. Patel
3542,197,2024-01-09,J. Thompson
3543,197,2024-01-07,S. Wong
3544,197,2024-02-21,A. Patel
3545,197,2024-02-19,L. Novak
3546,197,2024-02-06,M. Fernandez
3547,197,2024-03-15,J. Thompson
3548,197,2024-03-06,A. Patel
3549,197,2024-05-26,M. Fernandez
3550,197,2024-06-12,S. Wong
3551,197,2024-09-05,R. Khan
3552,197,2024-10-08,L. Novak
3553,197,2024-11-06,S. Wong
3554,197,2024-11-27,J. Thompson
3555,197,2024-12-19,A. Patel
3556,198,2024-03-03,M. Fernandez
3557,198,2024-03-12,L. Novak
3558,198,2024-04-19,S. Wong
3559,198,2024-04-24,L. Novak
3560,198,2024-05-25,R. Khan
3561,198,2024-05-19,L. Novak
3562,198,2024-05-08,L. Novak
3563,198,2024-07-25,J. Thompson
3564,198,2024-08-18,R. Khan
3565,198,2024-08-25,S. Wong
3566,198,2024-09-05,L. Novak
3567,198,2024-09-12,R. Khan
3568,198,2024-09-17,R. Khan
3569,198,2024-10-01,J. Thompson
3570,198,2024-09-29,S. Wong
3571,198,2024-10-24,J. Thompson
3572,198,2024-11-20,L. Novak
3573,198,2024-11-15,A. Patel
3574,198,2024-11-02,S. Wong
3575,198,2024-11-11,A. Patel
3576,198,2024-11-10,A. Patel
3577,199,2024-06-29,L. Novak
3578,199,2024-07-16,M. Fernandez
3579,199,2024-07-23,J. Thompson
3580,199,2024-08-22,A. Patel
3581,199,2024-08-24,A. Patel
3582,199,2024-08-20,M. Fernandez
3583,199,2024-10-01,A. Patel
3584,199,2024-10-14,R. Khan
3585,199,2024-10-24,J. Thompson
3586,199,2024-10-15,R. Khan
3587,199,2024-10-22,M. Fernandez
3588,199,2024-10-19,R. Khan
3589,199,2024-11-25,S. Wong
3590,199,2024-11-27,A. Patel
3591,199,2024-11-27,R. Khan
3592,199,2024-12-19,R. Khan
3593,199,2024-12-27,S. Wong
3594,200,2023-07-03,M. Fernandez
3595,200,2023-07-23,A. Patel
3596,200,2023-07-30,R. Khan
3597,200,2023-08-23,L. Novak
3598,200,2023-08-25,A. Patel
3599,200,2023-09-25,J. Thompson
3600,200,2023-09-26,L. Novak
3601,200,2023-10-30,J. Thompson
3602,200,2023-12-20,S. Wong
3603,200,2024-01-15,R. Khan
3604,200,2024-02-15,M. Fernandez
3605,200,2024-02-27,J. Thompson
3606,200,2024-03-29,J. Thompson
3607,200,2024-04-02,R. Khan
3608,200,2024-04-23,J. Thompson
3609,200,2024-05-04,R. Khan
3610,200,2024-05-10,R. Khan
3611,200,2024-05-19,A. Patel
3612,200,2024-08-02,L. Novak
3613,200,2024-08-02,R. Khan
3614,200,2024-07-22,A. Patel
3615,200,2024-08-31,S. Wong
3616,200,2024-09-12,J. Thompson
3617,200,2024-09-17,R. Khan
3618,200,2024-10-12,M. Fernandez
3619,200,2024-10-15,A. Patel
3620,200,2024-11-03,J. Thompson
3621,200,2024-10-20,S. Wong
3622,200,2024-11-30,L. Novak
3623,200,2024-11-28,M. Fernandez
3624,200,2024-11-23,R. Khan
3625,201,2023-04-24,R. Khan
3626,201,2023-03-31,S. Wong
3627,201,2023-06-22,J. Thompson
3628,201,2023-06-17,S. Wong
3629,201,2023-07-18,R. Khan
3630,201,2023-07-16,R. Khan
3631,201,2023-07-06,L. Novak
3632,201,2023-08-06,R. Khan
3633,201,2023-07-30,A. Patel
3634,201,2023-08-27,L. Novak
3635,201,2023-09-17,A. Patel
3636,201,2023-08-28,S. Wong
3637,201,2023-09-21,R. Khan
3638,201,2023-12-01,S. Wong
3639,201,2023-12-12,M. Fernandez
3640,201,2023-12-06,S. Wong
3641,201,2023-11-24,R. Khan
3642,201,2024-01-01,J. Thompson
3643,201,2024-01-05,S. Wong
3644,201,2024-01-06,S. Wong
3645,201,2024-01-31,J. Thompson
3646,201,2024-02-02,S. Wong
3647,201,2024-02-09,A. Patel
3648,201,2024-02-17,R. Khan
3649,201,2024-01-31,S. Wong
3650,201,2024-02-02,L. Novak
3651,201,2024-05-12,M. Fernandez
3652,201,2024-07-13,L. Novak
3653,201,2024-06-25,M. Fernandez
3654,201,2024-07-06,L. Novak
3655,201,2024-07-10,A. Patel
3656,201,2024-06-29,L. Novak
3657,201,2024-08-01,R. Khan
3658,201,2024-08-02,A. Patel
3659,201,2024-08-20,A. Patel
3660,201,2024-09-11,S. Wong
3661,201,2024-10-08,M. Fernandez
3662,201,2024-10-11,S. Wong
3663,201,2024-09-21,J. Thompson
3664,201,2024-10-20,J. Thompson
3665,201,2024-10-26,S. Wong
3666,201,2024-11-30,R. Khan
3667,202,2022-05-26,L. Novak
3668,202,2022-05-31,J. Thompson
3669,202,2022-06-01,L. Novak
3670,202,2022-06-22,M. Fernandez
3671,202,2022-07-27,M. Fernandez
3672,202,2022-11-01,S. Wong
3673,202,2023-01-07,A. Patel
3674,202,2023-01-16,J. Thompson
3675,202,2023-02-02,S. Wong
3676,202,2023-04-04,J. Thompson
3677,202,2023-04-30,L. Novak
3678,202,2023-04-10,J. Thompson
3679,202,2023-05-25,M. Fernandez
3680,202,2023-06-26,A. Patel
3681,202,2023-07-04,S. Wong
3682,202,2023-06-19,L. Novak
3683,202,2023-06-28,J. Thompson
3684,202,2023-08-04,J. Thompson
3685,202,2023-10-04,J. Thompson
3686,202,2023-10-02,L. Novak
3687,202,2023-10-09,L. Novak
3688,202,2023-12-22,A. Patel
3689,202,2023-12-14,L. Novak
3690,202,2024-01-06,R. Khan
3691,202,2024-01-27,A. Patel
3692,202,2024-01-27,R. Khan
3693,202,2024-01-25,L. Novak
3694,202,2024-03-08,J. Thompson
3695,202,2024-05-01,R. Khan
3696,202,2024-04-22,R. Khan
3697,202,2024-05-14,S. Wong
3698,202,2024-05-30,S. Wong
3699,202,2024-05-11,A. Patel
3700,203,2022-02-16,L. Novak
3701,203,2022-04-04,J. Thompson
3702,203,2022-05-16,J. Thompson
3703,203,2022-09-01,A. Patel
3704,203,2022-10-03,J. Thompson
3705,203,2022-11-02,J. Thompson
3706,203,2023-01-21,A. Patel
3707,203,2023-03-03,J. Thompson
3708,203,2023-04-27,L. Novak
3709,203,2023-04-26,A. Patel
3710,203,2023-07-09,L. Novak
3711,203,2023-09-18,M. Fernandez
3712,204,2022-06-14,M. Fernandez
3713,204,2022-06-19,R. Khan
3714,204,2022-08-01,A. Patel
3715,204,2022-11-04,R. Khan
3716,204,2022-10-19,S. Wong
3717,204,2022-11-15,L. Novak
3718,204,2022-12-05,S. Wong
3719,204,2023-01-04,M. Fernandez
3720,204,2023-01-22,A. Patel
3721,204,2023-01-21,S. Wong
3722,204,2023-01-08,L. Novak
3723,204,2023-02-09,L. Novak
3724,204,2023-03-04,S. Wong
3725,204,2023-03-17,R. Khan
3726,204,2023-04-19,R. Khan
3727,204,2023-04-25,J. Thompson
3728,204,2023-04-25,L. Novak
3729,204,2023-05-27,S. Wong
3730,204,2023-06-14,R. Khan
3731,204,2023-07-25,A. Patel
3732,204,2023-08-21,R. Khan
3733,204,2023-08-06,M. Fernandez
3734,204,2023-08-24,S. Wong
3735,204,2023-08-10,A. Patel
3736,204,2023-09-18,L. Novak
3737,204,2023-10-23,R. Khan
3738,204,2023-11-13,A. Patel
3739,204,2023-11-29,S. Wong
3740,204,2023-11-07,S. Wong
3741,204,2023-11-25,L. Novak
3742,204,2023-12-16,R. Khan
3743,204,2023-12-21,L. Novak
3744,204,2024-01-21,S. Wong
3745,204,2024-03-08,J. Thompson
3746,204,2024-03-13,R. Khan
3747,204,2024-04-25,L. Novak
3748,204,2024-04-28,R. Khan
3749,204,2024-04-17,A. Patel
3750,204,2024-04-02,R. Khan
3751,204,2024-04-17,A. Patel
3752,204,2024-05-14,J. Thompson
3753,204,2024-05-16,J. Thompson
3754,204,2024-07-28,S. Wong
3755,204,2024-07-18,R. Khan
3756,204,2024-07-02,A. Patel
3757,204,2024-08-05,L. Novak
3758,204,2024-10-31,J. Thompson
3759,205,2022-04-21,A. Patel
3760,205,2022-05-23,L. Novak
3761,205,2022-05-09,R. Khan
3762,205,2022-08-01,S. Wong
3763,205,2022-08-06,M. Fernandez
3764,205,2022-08-27,A. Patel
3765,205,2022-10-29,R. Khan
3766,205,2022-10-04,S. Wong
3767,205,2022-10-21,M. Fernandez
3768,205,2022-11-17,M. Fernandez
3769,205,2022-12-20,M. Fernandez
3770,205,2022-12-27,L. Novak
3771,205,2023-02-14,S. Wong
3772,205,2023-02-04,R. Khan
3773,205,2023-03-15,L. Novak
3774,205,2023-03-27,L. Novak
3775,205,2023-04-03,J. Thompson
3776,205,2023-04-09,M. Fernandez
3777,205,2023-04-12,R. Khan
3778,205,2023-05-15,M. Fernandez
3779,205,2023-05-15,M. Fernandez
3780,205,2023-06-01,S. Wong
3781,205,2023-06-23,S. Wong
3782,205,2023-08-21,M. Fernandez
3783,206,2024-05-11,J. Thompson
3784,206,2024-06-28,M. Fernandez
3785,206,2024-06-11,A. Patel
3786,206,2024-07-13,M. Fernandez
3787,206,2024-11-09,S. Wong
3788,207,2024-01-12,A. Patel
3789,208,2022-09-29,M. Fernandez
3790,208,2022-10-26,A. Patel
3791,208,2022-11-09,S. Wong
3792,208,2022-11-10,M. Fernandez
3793,208,2022-11-18,A. Patel
3794,208,2023-02-04,S. Wong
3795,208,2023-02-06,L. Novak
3796,208,2023-02-25,J. Thompson
3797,208,2023-03-01,R. Khan
3798,208,2023-05-02,S. Wong
3799,208,2023-06-14,A. Patel
3800,208,2023-07-15,L. Novak
3801,208,2023-07-05,S. Wong
3802,208,2023-09-26,S. Wong
3803,208,2023-10-21,R. Khan
3804,208,2023-12-23,L. Novak
3805,208,2023-12-22,A. Patel
3806,208,2023-12-13,M. Fernandez
3807,208,2023-12-23,R. Khan
3808,208,2023-12-09,M. Fernandez
3809,208,2023-12-14,A. Patel
3810,208,2024-01-17,M. Fernandez
3811,208,2024-02-18,J. Thompson
3812,208,2024-05-17,M. Fernandez
3813,209,2023-09-08,A. Patel
3814,209,2023-09-21,R. Khan
3815,209,2023-10-19,R. Khan
3816,209,2023-10-23,S. Wong
3817,209,2023-11-12,S. Wong
3818,209,2023-11-11,L. Novak
3819,209,2023-11-14,R. Khan
3820,209,2023-12-17,S. Wong
3821,209,2024-01-04,J. Thompson
3822,209,2024-02-29,A. Patel
3823,209,2024-03-10,S. Wong
3824,209,2024-03-09,M. Fernandez
3825,209,2024-04-20,M. Fernandez
3826,209,2024-05-23,J. Thompson
3827,209,2024-05-13,A. Patel
3828,209,2024-06-25,A. Patel
3829,209,2024-06-13,J. Thompson
3830,209,2024-07-26,R. Khan
3831,209,2024-08-05,A. Patel
3832,209,2024-08-13,S. Wong
3833,209,2024-08-01,M. Fernandez
3834,209,2024-08-18,R. Khan
3835,209,2024-09-05,R. Khan
3836,209,2024-09-07,J. Thompson
3837,209,2024-10-04,S. Wong
3838,209,2024-11-01,M. Fernandez
3839,209,2024-11-03,A. Patel
3840,209,2024-12-06,L. Novak
3841,209,2024-12-04,A. Patel
3842,210,2024-03-20,S. Wong
3843,210,2024-03-13,R. Khan
3844,210,2024-03-05,A. Patel
3845,210,2024-03-19,R. Khan
3846,210,2024-05-19,M. Fernandez
3847,210,2024-05-23,L. Novak
3848,210,2024-05-18,R. Khan
3849,210,2024-05-02,M. Fernandez
3850,210,2024-06-24,L. Novak
3851,210,2024-06-04,R. Khan
3852,210,2024-07-09,A. Patel
3853,210,2024-07-04,J. Thompson
3854,210,2024-08-16,J. Thompson
3855,210,2024-11-01,L. Novak
3856,210,2024-12-29,M. Fernandez
3857,211,2024-05-13,J. Thompson
3858,211,2024-05-08,R. Khan
3859,211,2024-05-11,J. Thompson
3860,211,2024-04-21,L. Novak
3861,211,2024-06-11,L. Novak
3862,211,2024-05-24,L. Novak
3863,211,2024-05-23,J. Thompson
3864,211,2024-06-13,J. Thompson
3865,211,2024-05-28,S. Wong
3866,211,2024-07-15,A. Patel
3867,211,2024-07-15,S. Wong
3868,211,2024-06-22,R. Khan
3869,212,2023-09-13,A. Patel
3870,212,2023-09-09,M. Fernandez
3871,212,2023-09-17,R. Khan
3872,212,2023-10-02,J. Thompson
3873,212,2023-09-29,J. Thompson
3874,212,2023-10-24,R. Khan
3875,212,2023-11-05,R. Khan
3876,212,2023-12-17,A. Patel
3877,212,2023-12-25,R. Khan
3878,212,2024-01-10,M. Fernandez
3879,212,2024-01-06,S. Wong
3880,212,2024-02-15,J. Thompson
3881,212,2024-02-02,A. Patel
3882,212,2024-01-27,S. Wong
3883,212,2024-02-03,J. Thompson
3884,212,2024-02-29,J. Thompson
3885,212,2024-04-11,R. Khan
3886,212,2024-03-25,L. Novak
3887,212,2024-04-06,R. Khan
3888,212,2024-06-10,J. Thompson
3889,212,2024-06-09,R. Khan
3890,212,2024-05-31,J. Thompson
3891,212,2024-07-04,J. Thompson
3892,212,2024-07-07,J. Thompson
3893,212,2024-07-26,A. Patel
3894,212,2024-08-11,M. Fernandez
3895,212,2024-07-28,M. Fernandez
3896,212,2024-08-10,M. Fernandez
3897,212,2024-09-10,L. Novak
3898,212,2024-08-25,M. Fernandez
3899,212,2024-09-06,S. Wong
3900,212,2024-09-07,R. Khan
3901,212,2024-08-23,A. Patel
3902,212,2024-09-29,A. Patel
3903,212,2024-09-27,R. Khan
3904,212,2024-10-23,S. Wong
3905,212,2024-11-29,M. Fernandez
3906,212,2024-12-01,M. Fernandez
3907,212,2024-12-20,M. Fernandez
3908,213,2023-07-07,L. Novak
3909,213,2023-07-12,J. Thompson
3910,213,2023-08-14,M. Fernandez
3911,213,2023-08-19,R. Khan
3912,213,2023-09-07,L. Novak
3913,213,2023-10-21,L. Novak
3914,213,2023-11-19,M. Fernandez
3915,213,2023-11-05,M. Fernandez
3916,213,2023-11-08,J. Thompson
3917,213,2023-11-08,S. Wong
3918,213,2023-12-24,S. Wong
3919,213,2024-01-17,J. Thompson
3920,213,2024-02-01,L. Novak
3921,213,2024-02-15,S. Wong
3922,213,2024-02-22,M. Fernandez
3923,213,2024-02-04,M. Fernandez
3924,213,2024-03-28,A. Patel
3925,213,2024-03-04,A. Patel
3926,213,2024-03-23,A. Patel
3927,213,2024-04-05,S. Wong
3928,213,2024-05-03,M. Fernandez
3929,213,2024-06-21,J. Thompson
3930,213,2024-06-30,R. Khan
3931,213,2024-07-25,A. Patel
3932,213,2024-08-24,L. Novak
3933,213,2024-08-04,A. Patel
3934,213,2024-08-11,R. Khan
3935,213,2024-08-15,S. Wong
3936,213,2024-08-18,L. Novak
3937,213,2024-09-18,S. Wong
3938,213,2024-10-21,M. Fernandez
3939,213,2024-10-02,J. Thompson
3940,213,2024-10-22,S. Wong
3941,213,2024-11-03,R. Khan
3942,213,2024-11-24,S. Wong
3943,213,2024-11-01,J. Thompson
3944,213,2024-10-29,S. Wong
3945,213,2024-11-28,R. Khan
3946,213,2024-12-12,A. Patel
3947,213,2024-11-27,S. Wong
3948,213,2024-12-09,A. Patel
3949,214,2023-07-28,L. Novak
3950,214,2023-08-07,S. Wong
3951,214,2023-08-04,S. Wong
3952,214,2023-07-15,J. Thompson
3953,214,2023-08-14,J. Thompson
3954,214,2023-08-10,L. Novak
3955,214,2023-10-18,M. Fernandez
3956,214,2023-10-30,L. Novak
3957,214,2023-11-05,J. Thompson
3958,214,2023-11-20,A. Patel
3959,214,2023-11-19,L. Novak
3960,214,2024-01-14,L. Novak
3961,214,2024-01-24,A. Patel
3962,214,2024-02-14,A. Patel
3963,214,2024-02-27,M. Fernandez
3964,214,2024-03-01,A. Patel
3965,214,2024-02-13,S. Wong
3966,214,2024-03-08,R. Khan
3967,214,2024-03-25,L. Novak
3968,214,2024-04-16,L. Novak
3969,214,2024-04-16,M. Fernandez
3970,214,2024-04-17,A. Patel
3971,214,2024-04-24,L. Novak
3972,214,2024-04-06,R. Khan
3973,214,2024-04-29,S. Wong
3974,214,2024-05-21,M. Fernandez
3975,214,2024-05-31,A. Patel
3976,214,2024-06-10,S. Wong
3977,214,2024-06-07,R. Khan
3978,214,2024-07-07,J. Thompson
3979,214,2024-07-12,L. Novak
3980,214,2024-07-23,L. Novak
3981,214,2024-08-19,J. Thompson
3982,214,2024-08-17,S. Wong
3983,214,2024-08-08,S. Wong
3984,214,2024-09-25,R. Khan
3985,214,2024-09-16,M. Fernandez
3986,214,2024-11-22,L. Novak
3987,214,2024-11-21,A. Patel
3988,214,2024-11-18,L. Novak
3989,214,2024-12-06,A. Patel
3990,215,2022-09-13,A. Patel
3991,215,2022-09-11,R. Khan
3992,215,2022-09-03,A. Patel
3993,215,2022-10-16,S. Wong
3994,215,2022-10-26,S. Wong
3995,215,2022-11-19,S. Wong
3996,215,2022-11-13,M. Fernandez
3997,215,2022-11-02,A. Patel
3998,215,2022-12-08,S. Wong
3999,215,2023-02-22,S. Wong
4000,215,2023-02-04,S. Wong
4001,215,2023-02-19,M. Fernandez
4002,215,2023-03-13,J. Thompson
4003,215,2023-03-12,R. Khan
4004,215,2023-03-12,A. Patel
4005,215,2023-03-15,S. Wong
4006,215,2023-04-07,A. Patel
4007,215,2023-05-19,R. Khan
4008,215,2023-05-13,L. Novak
4009,215,2023-05-27,M. Fernandez
4010,215,2023-07-07,A. Patel
4011,215,2023-07-17,R. Khan
4012,215,2023-08-06,R. Khan
4013,215,2023-08-11,M. Fernandez
4014,215,2023-09-21,L. Novak
4015,215,2023-10-07,R. Khan
4016,215,2023-11-19,J. Thompson
4017,215,2023-11-23,M. Fernandez
4018,215,2023-12-31,A. Patel
4019,215,2024-01-09,J. Thompson
4020,215,2024-01-30,A. Patel
4021,216,2022-11-28,M. Fernandez
4022,216,2022-12-26,J. Thompson
4023,216,2022-12-22,A. Patel
4024,216,2023-02-17,M. Fernandez
4025,216,2023-01-28,R. Khan
4026,216,2023-01-25,L. Novak
4027,216,2023-01-27,L. Novak
4028,217,2023-11-30,S. Wong
4029,217,2023-11-21,L. Novak
4030,217,2023-12-29,R. Khan
4031,217,2024-01-02,M. Fernandez
4032,217,2023-12-23,S. Wong
4033,217,2024-01-17,R. Khan
4034,217,2024-02-15,S. Wong
4035,217,2024-05-13,A. Patel
4036,217,2024-05-23,M. Fernandez
4037,217,2024-07-14,L. Novak
4038,217,2024-08-16,J. Thompson
4039,217,2024-10-29,L. Novak
4040,217,2024-10-31,L. Novak
4041,217,2024-10-24,M. Fernandez
4042,217,2024-12-07,L. Novak
4043,217,2024-12-13,J. Thompson
4044,217,2024-12-11,M. Fernandez
4045,218,2023-06-16,M. Fernandez
4046,218,2023-06-04,R. Khan
4047,218,2023-06-13,M. Fernandez
4048,218,2023-06-03,R. Khan
4049,219,2024-05-19,A. Patel
4050,219,2024-06-02,A. Patel
4051,219,2024-08-20,A. Patel
4052,219,2024-08-26,S. Wong
4053,219,2024-09-03,S. Wong
4054,219,2024-08-17,S. Wong
4055,219,2024-09-13,J. Thompson
4056,219,2024-09-13,A. Patel
4057,219,2024-10-30,R. Khan
4058,219,2024-10-12,J. Thompson
4059,219,2024-10-16,R. Khan
4060,219,2024-12-06,L. Novak
4061,219,2024-11-25,L. Novak
4062,219,2024-12-06,J. Thompson
4063,219,2024-12-25,L. Novak
4064,220,2024-02-05,S. Wong
4065,220,2024-01-29,R. Khan
4066,220,2024-01-22,M. Fernandez
4067,220,2024-01-25,L. Novak
4068,221,2023-05-31,J. Thompson
4069,221,2023-06-20,L. Novak
4070,221,2023-07-04,L. Novak
4071,221,2023-06-29,J. Thompson
4072,221,2023-07-13,A. Patel
4073,221,2023-08-26,A. Patel
4074,222,2023-03-28,R. Khan
4075,222,2023-05-05,M. Fernandez
4076,222,2023-05-15,S. Wong
4077,222,2023-06-21,L. Novak
4078,222,2023-07-19,R. Khan
4079,222,2023-07-30,R. Khan
4080,222,2023-08-21,L. Novak
4081,222,2023-11-12,J. Thompson
4082,222,2023-12-21,L. Novak
4083,222,2024-01-22,J. Thompson
4084,222,2024-02-04,M. Fernandez
4085,222,2024-01-20,J. Thompson
4086,222,2024-02-25,L. Novak
4087,222,2024-02-07,L. Novak
4088,222,2024-03-22,A. Patel
4089,222,2024-04-23,R. Khan
4090,222,2024-05-02,J. Thompson
4091,222,2024-05-26,L. Novak
4092,222,2024-05-26,M. Fernandez
4093,222,2024-05-22,M. Fernandez
4094,222,2024-06-27,J. Thompson
4095,222,2024-08-15,S. Wong
4096,222,2024-08-19,S. Wong
4097,222,2024-09-22,J. Thompson
4098,222,2024-09-06,S. Wong
4099,222,2024-10-29,R. Khan
4100,222,2024-11-14,R. Khan
4101,222,2024-11-12,A. Patel
4102,222,2024-12-30,S. Wong
4103,222,2024-12-21,M. Fernandez
4104,222,2024-12-15,J. Thompson
4105,223,2023-11-26,L. Novak
4106,223,2024-01-12,J. Thompson
4107,223,2024-01-03,A. Patel
4108,223,2024-01-07,A. Patel
4109,223,2024-01-24,J. Thompson
4110,223,2024-02-17,J. Thompson
4111,223,2024-01-23,J. Thompson
4112,223,2024-03-16,A. Patel
4113,223,2024-03-12,A. Patel
4114,223,2024-03-08,S. Wong
4115,223,2024-04-14,R. Khan
4116,223,2024-04-30,M. Fernandez
4117,223,2024-06-13,J. Thompson
4118,223,2024-06-14,S. Wong
4119,223,2024-08-03,S. Wong
4120,223,2024-08-12,L. Novak
4121,223,2024-08-11,M. Fernandez
4122,223,2024-08-31,L. Novak
4123,223,2024-09-08,J. Thompson
4124,223,2024-09-21,L. Novak
4125,223,2024-09-22,A. Patel
4126,223,2024-10-26,J. Thompson
4127,223,2024-12-31,R. Khan
4128,224,2024-01-10,S. Wong
4129,224,2024-01-28,R. Khan
4130,224,2024-01-11,R. Khan
4131,224,2024-01-23,A. Patel
4132,224,2024-02-18,S. Wong
4133,224,2024-02-10,L. Novak
4134,224,2024-02-05,M. Fernandez
4135,224,2024-03-23,M. Fernandez
4136,224,2024-04-11,A. Patel
4137,224,2024-04-25,A. Patel
4138,224,2024-05-21,J. Thompson
4139,224,2024-05-10,S. Wong
4140,224,2024-05-06,S. Wong
4141,224,2024-06-30,S. Wong
4142,224,2024-06-10,R. Khan
4143,224,2024-06-17,L. Novak
4144,224,2024-06-14,L. Novak
4145,224,2024-07-21,S. Wong
4146,224,2024-07-07,J. Thompson
4147,224,2024-08-05,J. Thompson
4148,224,2024-08-28,J. Thompson
4149,224,2024-08-22,J. Thompson
4150,224,2024-09-19,R. Khan
4151,224,2024-10-16,L. Novak
4152,224,2024-10-24,L. Novak
4153,224,2024-10-17,S. Wong
4154,224,2024-11-25,L. Novak
4155,224,2024-11-21,R. Khan
4156,224,2024-11-20,J. Thompson
4157,224,2024-12-15,R. Khan
4158,224,2024-12-19,S. Wong
4159,224,2024-12-10,M. Fernandez
4160,225,2023-09-29,L. Novak
4161,225,2023-10-12,S. Wong
4162,225,2023-11-12,A. Patel
4163,225,2023-10-31,M. Fernandez
4164,225,2023-11-04,J. Thompson
4165,225,2023-11-24,S. Wong
4166,225,2024-01-23,S. Wong
4167,225,2024-02-16,R. Khan
4168,225,2024-02-16,S. Wong
4169,225,2024-01-23,R. Khan
4170,225,2024-03-01,R. Khan
4171,225,2024-03-02,S. Wong
4172,225,2024-04-17,R. Khan
4173,225,2024-05-01,S. Wong
4174,225,2024-05-10,R. Khan
4175,225,2024-12-18,M. Fernandez
4176,226,2024-02-25,L. Novak
4177,226,2024-03-01,A. Patel
4178,226,2024-02-18,A. Patel
4179,226,2024-02-05,A. Patel
4180,226,2024-04-20,A. Patel
4181,226,2024-06-20,R. Khan
4182,226,2024-07-12,L. Novak
4183,226,2024-08-17,M. Fernandez
4184,226,2024-09-12,S. Wong
4185,226,2024-10-15,M. Fernandez
4186,226,2024-10-31,J. Thompson
4187,226,2024-11-11,L. Novak
4188,227,2022-07-10,J. Thompson
4189,227,2022-07-02,M. Fernandez
4190,227,2022-07-28,R. Khan
4191,227,2022-08-10,M. Fernandez
4192,227,2022-09-12,S. Wong
4193,227,2022-09-21,R. Khan
4194,227,2022-09-18,A. Patel
4195,227,2022-11-09,A. Patel
4196,227,2022-10-26,M. Fernandez
4197,227,2022-11-06,A. Patel
4198,227,2022-10-31,R. Khan
4199,227,2022-12-29,J. Thompson
4200,227,2022-12-28,R. Khan
4201,227,2023-04-10,J. Thompson
4202,227,2023-05-05,A. Patel
4203,227,2023-05-06,L. Novak
4204,228,2024-04-04,S. Wong
4205,228,2024-04-20,M. Fernandez
4206,228,2024-05-08,M. Fernandez
4207,228,2024-06-11,J. Thompson
4208,228,2024-06-28,M. Fernandez
4209,228,2024-06-27,J. Thompson
4210,228,2024-06-28,L. Novak
4211,228,2024-08-15,S. Wong
4212,228,2024-08-13,S. Wong
4213,228,2024-08-13,R. Khan
4214,228,2024-09-09,M. Fernandez
4215,228,2024-09-27,R. Khan
4216,228,2024-09-26,L. Novak
4217,228,2024-10-08,M. Fernandez
4218,228,2024-11-23,A. Patel
4219,228,2024-12-22,M. Fernandez
4220,229,2022-06-13,M. Fernandez
4221,229,2022-08-18,J. Thompson
4222,229,2022-09-24,R. Khan
4223,229,2022-09-08,R. Khan
4224,230,2024-03-30,M. Fernandez
4225,230,2024-05-07,R. Khan
4226,230,2024-05-27,A. Patel
4227,230,2024-07-26,J. Thompson
4228,230,2024-10-03,R. Khan
4229,230,2024-10-03,R. Khan
4230,231,2024-06-15,M. Fernandez
4231,231,2024-06-15,A. Patel
4232,231,2024-08-05,L. Novak
4233,231,2024-10-15,S. Wong
4234,231,2024-10-19,S. Wong
4235,231,2024-11-22,A. Patel
4236,231,2024-11-25,S. Wong
4237,232,2023-09-08,R. Khan
4238,232,2023-10-30,A. Patel
4239,232,2023-10-21,A. Patel
4240,232,2023-11-08,R. Khan
4241,232,2023-11-19,R. Khan
4242,232,2023-11-29,J. Thompson
4243,232,2023-12-21,R. Khan
4244,232,2024-01-23,L. Novak
4245,232,2024-02-03,R. Khan
4246,232,2024-03-11,S. Wong
4247,232,2024-04-13,S. Wong
4248,232,2024-04-28,R. Khan
4249,232,2024-04-20,R. Khan
4250,232,2024-04-21,A. Patel
4251,232,2024-06-03,R. Khan
4252,232,2024-07-25,R. Khan
4253,232,2024-07-30,A. Patel
4254,232,2024-08-23,M. Fernandez
4255,232,2024-09-09,J. Thompson
4256,232,2024-09-30,A. Patel
4257,232,2024-10-07,J. Thompson
4258,232,2024-09-30,R. Khan
4259,232,2024-11-07,A. Patel
4260,232,2024-10-22,M. Fernandez
4261,232,2024-12-10,L. Novak
4262,232,2024-12-01,A. Patel
4263,232,2024-12-26,S. Wong
4264,233,2022-11-11,R. Khan
4265,233,2022-12-12,L. Novak
4266,234,2022-10-22,L. Novak
4267,234,2022-12-09,J. Thompson
4268,234,2023-01-17,R. Khan
4269,234,2023-01-01,A. Patel
4270,234,2022-12-22,R. Khan
4271,234,2023-01-06,M. Fernandez
4272,234,2022-12-30,M. Fernandez
4273,234,2023-04-29,J. Thompson
4274,234,2023-05-12,R. Khan
4275,234,2023-06-03,A. Patel
4276,234,2023-06-05,L. Novak
4277,234,2023-05-27,R. Khan
4278,234,2023-05-20,L. Novak
4279,234,2023-05-22,M. Fernandez
4280,234,2023-07-21,L. Novak
4281,234,2023-08-06,S. Wong
4282,234,2023-08-30,M. Fernandez
4283,234,2023-10-06,A. Patel
4284,234,2023-11-01,S. Wong
4285,234,2023-11-13,J. Thompson
4286,234,2023-12-16,M. Fernandez
4287,234,2024-01-01,A. Patel
4288,234,2024-01-06,S. Wong
4289,234,2024-01-18,R. Khan
4290,234,2024-02-01,L. Novak
4291,234,2024-02-25,A. Patel
4292,234,2024-03-06,R. Khan
4293,234,2024-03-23,J. Thompson
4294,235,2023-01-16,A. Patel
4295,235,2023-01-27,S. Wong
4296,235,2023-02-12,R. Khan
4297,235,2023-04-14,J. Thompson
4298,235,2023-05-02,R. Khan
4299,235,2023-09-01,S. Wong
4300,235,2023-10-06,L. Novak
4301,235,2023-09-21,J. Thompson
4302,235,2023-11-09,M. Fernandez
4303,235,2023-11-22,M. Fernandez
4304,235,2023-11-29,M. Fernandez
4305,235,2023-12-28,R. Khan
4306,235,2024-03-08,A. Patel
4307,235,2024-04-01,R. Khan
4308,235,2024-03-29,S. Wong
4309,235,2024-04-20,J. Thompson
4310,235,2024-06-08,M. Fernandez
4311,235,2024-08-03,A. Patel
4312,235,2024-08-27,L. Novak
4313,235,2024-10-22,J. Thompson
4314,235,2024-11-17,A. Patel
4315,235,2024-11-28,A. Patel
4316,236,2022-09-22,M. Fernandez
4317,236,2022-10-15,L. Novak
4318,236,2022-11-16,R. Khan
4319,236,2022-12-24,J. Thompson
4320,236,2023-01-04,R. Khan
4321,236,2023-01-16,M. Fernandez
4322,236,2023-02-28,S. Wong
4323,236,2023-02-19,R. Khan
4324,236,2023-04-14,S. Wong
4325,236,2023-04-12,M. Fernandez
4326,236,2023-05-15,A. Patel
4327,236,2023-05-24,R. Khan
4328,236,2023-05-13,S. Wong
4329,236,2023-05-29,S. Wong
4330,236,2023-05-16,A. Patel
4331,236,2023-06-21,J. Thompson
4332,236,2023-06-29,M. Fernandez
4333,236,2023-06-29,A. Patel
4334,236,2023-07-25,S. Wong
4335,236,2023-08-17,J. Thompson
4336,236,2023-10-04,S. Wong
4337,236,2023-11-10,J. Thompson
4338,236,2023-11-22,J. Thompson
4339,236,2023-11-14,R. Khan
4340,236,2023-12-23,A. Patel
4341,236,2023-12-08,M. Fernandez
4342,236,2023-12-21,A. Patel
4343,236,2024-01-02,A. Patel
4344,236,2023-12-15,S. Wong
4345,236,2024-02-02,J. Thompson
4346,237,2023-05-14,A. Patel
4347,237,2023-06-15,R. Khan
4348,237,2023-07-30,L. Novak
4349,237,2023-07-17,M. Fernandez
4350,238,2023-09-17,L. Novak
4351,238,2023-10-31,M. Fernandez
4352,238,2024-01-24,S. Wong
4353,238,2024-03-23,R. Khan
4354,238,2024-04-29,J. Thompson
4355,238,2024-04-26,R. Khan
4356,238,2024-06-11,A. Patel
4357,238,2024-06-28,A. Patel
4358,239,2022-02-03,S. Wong
4359,239,2022-02-03,R. Khan
4360,239,2022-04-04,R. Khan
4361,239,2022-04-10,A. Patel
4362,239,2022-05-09,R. Khan
4363,239,2022-06-25,A. Patel
4364,239,2022-08-26,R. Khan
4365,240,2022-10-22,A. Patel
4366,240,2022-12-16,J. Thompson
4367,240,2022-12-16,J. Thompson
4368,240,2022-11-28,R. Khan
4369,240,2022-11-25,A. Patel
4370,240,2023-01-02,M. Fernandez
4371,240,2023-01-11,A. Patel
4372,240,2022-12-26,L. Novak
4373,240,2022-12-31,M. Fernandez
4374,240,2023-03-14,J. Thompson
4375,240,2023-02-18,A. Patel
4376,240,2023-03-12,S. Wong
4377,240,2023-03-20,A. Patel
4378,240,2023-03-28,A. Patel
4379,240,2023-04-01,R. Khan
4380,240,2023-06-09,S. Wong
4381,240,2023-07-14,R. Khan
4382,240,2023-08-06,A. Patel
4383,240,2023-07-27,R. Khan
4384,240,2023-08-30,S. Wong
4385,240,2023-08-18,A. Patel
4386,240,2023-09-23,S. Wong
4387,240,2023-10-09,J. Thompson
4388,240,2023-10-26,A. Patel
4389,240,2023-10-26,R. Khan
4390,240,2023-10-20,A. Patel
4391,240,2023-12-10,L. Novak
4392,240,2023-11-26,J. Thompson
4393,240,2023-11-28,A. Patel
4394,240,2023-12-04,M. Fernandez
4395,240,2024-02-10,S. Wong
4396,240,2024-01-17,A. Patel
4397,240,2024-02-08,J. Thompson
4398,240,2024-03-04,J. Thompson
4399,240,2024-03-26,J. Thompson
4400,240,2024-04-24,R. Khan
4401,240,2024-06-20,L. Novak
4402,240,2024-07-07,M. Fernandez
4403,240,2024-07-17,J. Thompson
4404,240,2024-07-21,A. Patel
4405,241,2023-10-31,J. Thompson
4406,241,2023-12-04,S. Wong
4407,241,2023-11-18,L. Novak
4408,241,2023-11-22,L. Novak
4409,241,2023-12-02,J. Thompson
4410,241,2023-12-26,S. Wong
4411,241,2024-01-14,J. Thompson
4412,241,2024-02-11,A. Patel
4413,241,2024-03-30,L. Novak
4414,241,2024-03-12,L. Novak
4415,241,2024-03-12,S. Wong
4416,241,2024-05-05,M. Fernandez
4417,241,2024-04-20,L. Novak
4418,241,2024-04-24,J. Thompson
4419,241,2024-05-30,A. Patel
4420,241,2024-05-26,L. Novak
4421,241,2024-05-26,J. Thompson
4422,241,2024-05-24,A. Patel
4423,241,2024-06-20,A. Patel
4424,241,2024-07-15,S. Wong
4425,241,2024-08-01,S. Wong
4426,241,2024-08-06,J. Thompson
4427,241,2024-07-23,R. Khan
4428,241,2024-07-25,S. Wong
4429,241,2024-07-15,R. Khan
4430,241,2024-08-15,M. Fernandez
4431,241,2024-08-22,A. Patel
4432,241,2024-09-12,J. Thompson
4433,241,2024-10-03,J. Thompson
4434,241,2024-09-21,L. Novak
4435,241,2024-10-10,M. Fernandez
4436,241,2024-10-13,M. Fernandez
4437,241,2024-11-19,L. Novak
4438,241,2024-12-31,A. Patel
4439,241,2024-12-29,R. Khan
4440,242,2022-04-24,J. Thompson
4441,242,2022-04-23,J. Thompson
4442,242,2022-05-28,M. Fernandez
4443,242,2022-05-26,M. Fernandez
4444,243,2023-09-13,A. Patel
4445,243,2023-09-21,A. Patel
4446,243,2023-09-22,L. Novak
4447,243,2023-09-23,A. Patel
4448,243,2023-10-28,A. Patel
4449,243,2023-10-29,A. Patel
4450,243,2023-10-19,L. Novak
4451,243,2023-11-16,L. Novak
4452,243,2023-11-29,R. Khan
4453,243,2023-12-10,M. Fernandez
4454,243,2023-12-21,M. Fernandez
4455,243,2024-01-29,L. Novak
4456,243,2024-02-09,S. Wong
4457,243,2024-03-08,S. Wong
4458,243,2024-05-05,R. Khan
4459,243,2024-04-29,M. Fernandez
4460,244,2024-02-14,L. Novak
4461,244,2024-02-25,A. Patel
4462,244,2024-02-19,M. Fernandez
4463,244,2024-02-10,L. Novak
4464,244,2024-02-20,J. Thompson
4465,244,2024-04-05,S. Wong
4466,244,2024-04-29,A. Patel
4467,244,2024-06-17,A. Patel
4468,244,2024-06-07,R. Khan
4469,244,2024-07-23,R. Khan
4470,244,2024-08-20,J. Thompson
4471,244,2024-08-16,R. Khan
4472,244,2024-08-08,M. Fernandez
4473,244,2024-08-14,M. Fernandez
4474,244,2024-09-22,M. Fernandez
4475,244,2024-09-14,J. Thompson
4476,244,2024-09-20,A. Patel
4477,244,2024-09-13,S. Wong
4478,244,2024-10-02,S. Wong
4479,245,2023-07-14,R. Khan
4480,245,2023-09-07,M. Fernandez
4481,245,2023-10-08,S. Wong
4482,245,2023-10-05,S. Wong
4483,245,2023-12-10,M. Fernandez
4484,245,2023-12-20,M. Fernandez
4485,245,2024-02-24,L. Novak
4486,245,2024-03-20,J. Thompson
4487,245,2024-05-04,J. Thompson
4488,245,2024-07-10,A. Patel
4489,246,2022-10-08,J. Thompson
4490,246,2022-11-08,S. Wong
4491,246,2022-12-18,L. Novak
4492,246,2022-12-13,L. Novak
4493,246,2022-12-08,A. Patel
4494,246,2023-01-20,S. Wong
4495,246,2023-01-31,R. Khan
4496,246,2023-01-22,M. Fernandez
4497,246,2023-01-22,A. Patel
4498,246,2023-03-13,R. Khan
4499,246,2023-03-09,M. Fernandez
4500,246,2023-05-02,L. Novak
4501,246,2023-05-30,R. Khan
4502,246,2023-06-04,J. Thompson
4503,246,2023-06-30,M. Fernandez
4504,246,2023-09-06,A. Patel
4505,246,2023-09-02,S. Wong
4506,246,2023-10-16,A. Patel
4507,246,2023-10-17,R. Khan
4508,246,2023-10-25,A. Patel
4509,246,2023-10-12,M. Fernandez
4510,246,2023-11-25,J. Thompson
4511,246,2023-11-28,M. Fernandez
4512,246,2023-11-06,R. Khan
4513,246,2023-11-25,S. Wong
4514,246,2023-11-17,M. Fernandez
4515,246,2023-11-14,S. Wong
4516,246,2023-12-21,S. Wong
4517,247,2022-11-26,L. Novak
4518,247,2022-12-22,R. Khan
4519,247,2023-01-09,R. Khan
4520,247,2023-01-11,L. Novak
4521,247,2023-03-21,A. Patel
4522,247,2023-06-15,L. Novak
4523,247,2023-06-19,M. Fernandez
4524,247,2023-06-08,A. Patel
4525,247,2023-07-10,L. Novak
4526,247,2023-07-16,S. Wong
4527,247,2023-07-18,L. Novak
4528,247,2023-08-19,S. Wong
4529,247,2023-09-06,M. Fernandez
4530,247,2023-09-13,L. Novak
4531,247,2023-11-20,R. Khan
4532,248,2022-04-15,S. Wong
4533,248,2022-03-25,J. Thompson
4534,249,2024-04-08,L. Novak
4535,249,2024-05-06,A. Patel
4536,249,2024-05-22,A. Patel
4537,249,2024-07-26,M. Fernandez
4538,250,2022-10-01,M. Fernandez
4539,250,2022-10-15,J. Thompson
4540,250,2022-10-03,A. Patel
4541,250,2022-12-24,J. Thompson
4542,250,2023-01-19,S. Wong
4543,250,2023-01-17,S. Wong
4544,250,2023-02-08,R. Khan
4545,250,2023-04-10,S. Wong
4546,250,2023-07-20,A. Patel
4547,251,2024-03-08,M. Fernandez
4548,251,2024-03-12,M. Fernandez
4549,251,2024-04-03,A. Patel
4550,251,2024-04-19,J. Thompson
4551,251,2024-04-29,S. Wong
4552,251,2024-05-17,R. Khan
4553,252,2023-11-08,R. Khan
4554,252,2023-11-07,J. Thompson
4555,252,2024-01-02,A. Patel
4556,252,2023-12-24,R. Khan
4557,252,2024-01-27,S. Wong
4558,252,2024-02-10,J. Thompson
4559,252,2024-02-28,M. Fernandez
4560,252,2024-03-28,L. Novak
4561,252,2024-04-10,R. Khan
4562,252,2024-04-28,M. Fernandez
4563,252,2024-04-13,L. Novak
4564,252,2024-06-08,J. Thompson
4565,252,2024-06-06,M. Fernandez
4566,252,2024-05-21,M. Fernandez
4567,252,2024-06-17,M. Fernandez
4568,252,2024-06-17,A. Patel
4569,252,2024-08-13,A. Patel
4570,252,2024-09-05,M. Fernandez
4571,252,2024-09-03,J. Thompson
4572,252,2024-09-01,A. Patel
4573,252,2024-09-26,R. Khan
4574,252,2024-12-03,J. Thompson
4575,252,2024-12-06,J. Thompson
4576,252,2024-11-09,R. Khan
4577,252,2024-12-27,L. Novak
4578,252,2024-12-17,A. Patel
4579,253,2022-03-21,M. Fernandez
4580,253,2022-04-30,A. Patel
4581,253,2022-07-02,S. Wong
4582,253,2022-08-03,R. Khan
4583,253,2022-09-23,S. Wong
4584,253,2022-10-13,A. Patel
4585,253,2022-11-10,J. Thompson
4586,253,2022-11-24,L. Novak
4587,253,2022-12-03,J. Thompson
4588,253,2023-01-01,J. Thompson
4589,253,2022-12-26,L. Novak
4590,253,2023-03-05,A. Patel
4591,253,2023-03-10,J. Thompson
4592,253,2023-03-28,J. Thompson
4593,253,2023-04-02,L. Novak
4594,253,2023-04-21,M. Fernandez
4595,254,2023-11-18,J. Thompson
4596,254,2023-11-15,A. Patel
4597,254,2023-12-11,S. Wong
4598,254,2023-12-03,S. Wong
4599,254,2023-12-22,J. Thompson
4600,254,2024-01-11,J. Thompson
4601,254,2024-01-16,R. Khan
4602,254,2024-01-29,L. Novak
4603,254,2024-03-18,R. Khan
4604,254,2024-04-13,S. Wong
4605,254,2024-04-11,R. Khan
4606,254,2024-04-24,J. Thompson
4607,254,2024-05-14,M. Fernandez
4608,254,2024-05-13,R. Khan
4609,254,2024-04-29,L. Novak
4610,254,2024-07-17,S. Wong
4611,254,2024-06-22,L. Novak
4612,254,2024-07-10,J. Thompson
4613,254,2024-07-19,M. Fernandez
4614,254,2024-06-27,R. Khan
4615,254,2024-09-17,M. Fernandez
4616,254,2024-09-07,J. Thompson
4617,254,2024-12-01,J. Thompson
4618,254,2024-12-02,J. Thompson
4619,254,2024-12-24,J. Thompson
4620,255,2023-05-12,R. Khan
4621,255,2023-05-19,A. Patel
4622,255,2023-05-20,L. Novak
4623,256,2023-05-28,M. Fernandez
4624,256,2023-05-31,S. Wong
4625,256,2023-07-04,M. Fernandez
4626,256,2023-07-11,J. Thompson
4627,256,2023-06-26,J. Thompson
4628,256,2023-06-24,J. Thompson
4629,256,2023-07-21,A. Patel
4630,256,2023-08-31,A. Patel
4631,256,2023-08-28,S. Wong
4632,256,2023-10-10,S. Wong
4633,257,2023-03-01,J. Thompson
4634,257,2023-05-25,M. Fernandez
4635,257,2023-07-20,M. Fernandez
4636,257,2023-07-08,M. Fernandez
4637,257,2023-10-04,J. Thompson
4638,257,2023-10-27,J. Thompson
4639,258,2023-09-03,L. Novak
4640,258,2023-10-03,J. Thompson
4641,258,2023-10-06,M. Fernandez
4642,258,2023-11-29,S. Wong
4643,258,2023-12-14,S. Wong
4644,258,2023-12-20,L. Novak
4645,258,2023-12-02,J. Thompson
4646,258,2024-01-02,M. Fernandez
4647,258,2024-01-09,S. Wong
4648,258,2024-01-18,S. Wong
4649,258,2024-01-14,J. Thompson
4650,258,2024-01-31,R. Khan
4651,258,2024-01-30,M. Fernandez
4652,258,2024-02-26,J. Thompson
4653,258,2024-03-17,J. Thompson
4654,258,2024-04-15,A. Patel
4655,258,2024-04-15,R. Khan
4656,258,2024-04-17,J. Thompson
4657,258,2024-04-13,S. Wong
4658,258,2024-04-04,L. Novak
4659,258,2024-05-21,R. Khan
4660,258,2024-06-10,M. Fernandez
4661,258,2024-07-02,L. Novak
4662,258,2024-07-09,A. Patel
4663,258,2024-08-13,J. Thompson
4664,258,2024-08-02,A. Patel
4665,258,2024-09-01,L. Novak
4666,258,2024-09-25,S. Wong
4667,258,2024-09-19,S. Wong
4668,258,2024-11-14,M. Fernandez
4669,258,2024-11-08,S. Wong
4670,258,2024-12-12,A. Patel
4671,258,2024-11-19,R. Khan
4672,258,2024-12-18,A. Patel
4673,259,2023-05-22,R. Khan
4674,259,2023-07-10,R. Khan
4675,259,2023-06-30,L. Novak
4676,259,2023-06-29,S. Wong
4677,259,2023-07-17,J. Thompson
4678,259,2023-07-29,R. Khan
4679,259,2023-09-04,S. Wong
4680,259,2023-08-30,L. Novak
4681,259,2023-08-19,J. Thompson
4682,259,2023-10-11,S. Wong
4683,259,2023-10-08,R. Khan
4684,259,2023-09-24,J. Thompson
4685,259,2023-10-29,J. Thompson
4686,259,2023-11-05,R. Khan
4687,259,2023-11-10,M. Fernandez
4688,259,2023-11-22,R. Khan
4689,259,2023-12-05,S. Wong
4690,259,2023-12-03,R. Khan
4691,259,2024-01-03,L. Novak
4692,259,2023-12-18,A. Patel
4693,259,2024-02-05,J. Thompson
4694,259,2024-01-30,J. Thompson
4695,259,2024-01-17,S. Wong
4696,259,2024-02-15,S. Wong
4697,259,2024-02-13,S. Wong
4698,259,2024-02-24,M. Fernandez
4699,259,2024-03-17,A. Patel
4700,259,2024-04-29,R. Khan
4701,259,2024-05-05,J. Thompson
4702,259,2024-04-30,L. Novak
4703,259,2024-05-20,M. Fernandez
4704,259,2024-05-30,J. Thompson
4705,259,2024-06-20,R. Khan
4706,259,2024-06-29,R. Khan
4707,259,2024-06-27,R. Khan
4708,259,2024-07-02,J. Thompson
4709,259,2024-08-02,R. Khan
4710,259,2024-07-25,R. Khan
4711,259,2024-07-30,S. Wong
4712,259,2024-07-13,M. Fernandez
4713,259,2024-08-06,M. Fernandez
4714,259,2024-09-10,M. Fernandez
4715,259,2024-09-22,A. Patel
4716,259,2024-10-09,R. Khan
4717,259,2024-10-17,A. Patel
4718,259,2024-10-28,R. Khan
4719,259,2024-11-27,A. Patel
4720,259,2024-12-12,R. Khan
4721,260,2023-02-10,R. Khan
4722,260,2023-01-29,J. Thompson
4723,260,2023-02-19,L. Novak
4724,261,2023-01-24,A. Patel
4725,261,2023-02-25,S. Wong
4726,261,2023-03-03,S. Wong
4727,261,2023-03-09,R. Khan
4728,261,2023-03-27,A. Patel
4729,261,2023-04-13,L. Novak
4730,261,2023-04-17,R. Khan
4731,261,2023-04-15,M. Fernandez
4732,261,2023-05-07,L. Novak
4733,261,2023-06-15,J. Thompson
4734,261,2023-06-06,R. Khan
4735,261,2023-06-13,S. Wong
4736,261,2023-07-23,M. Fernandez
4737,261,2023-07-25,S. Wong
4738,261,2023-07-18,M. Fernandez
4739,261,2023-08-06,M. Fernandez
4740,261,2023-10-12,R. Khan
4741,261,2023-10-21,S. Wong
4742,261,2023-10-11,S. Wong
4743,261,2023-11-06,M. Fernandez
4744,261,2023-11-11,L. Novak
4745,261,2023-11-10,S. Wong
4746,261,2023-12-15,S. Wong
4747,261,2023-12-05,J. Thompson
4748,261,2023-12-29,S. Wong
4749,261,2023-12-04,M. Fernandez
4750,261,2023-12-15,J. Thompson
4751,261,2023-12-22,J. Thompson
4752,261,2024-01-15,S. Wong
4753,261,2024-01-20,R. Khan
4754,261,2024-02-20,R. Khan
4755,261,2024-02-26,L. Novak
4756,261,2024-04-16,S. Wong
4757,261,2024-05-20,J. Thompson
4758,261,2024-06-03,J. Thompson
4759,261,2024-06-16,M. Fernandez
4760,261,2024-06-16,L. Novak
4761,262,2023-02-16,S. Wong
4762,262,2023-04-13,A. Patel
4763,262,2023-08-02,L. Novak
4764,262,2023-08-04,A. Patel
4765,262,2023-10-17,A. Patel
4766,262,2023-11-15,M. Fernandez
4767,262,2023-11-15,R. Khan
4768,262,2023-12-24,J. Thompson
4769,262,2023-12-28,R. Khan
4770,262,2024-01-17,J. Thompson
4771,262,2024-02-17,R. Khan
4772,262,2024-03-13,J. Thompson
4773,262,2024-03-23,S. Wong
4774,262,2024-03-25,R. Khan
4775,262,2024-04-27,M. Fernandez
4776,262,2024-04-22,L. Novak
4777,262,2024-05-21,R. Khan
4778,262,2024-06-24,M. Fernandez
4779,262,2024-06-30,M. Fernandez
4780,262,2024-07-13,M. Fernandez
4781,262,2024-07-16,J. Thompson
4782,262,2024-07-12,S. Wong
4783,262,2024-07-21,S. Wong
4784,263,2024-02-19,A. Patel
4785,263,2024-03-03,R. Khan
4786,263,2024-03-31,M. Fernandez
4787,263,2024-04-26,J. Thompson
4788,263,2024-06-13,M. Fernandez
4789,263,2024-07-15,S. Wong
4790,263,2024-09-29,M. Fernandez
4791,263,2024-10-22,S. Wong
4792,263,2024-11-06,A. Patel
4793,264,2023-01-02,S. Wong
4794,264,2023-01-24,M. Fernandez
4795,264,2023-01-29,J. Thompson
4796,264,2023-01-18,A. Patel
4797,264,2023-02-14,A. Patel
4798,264,2023-02-17,M. Fernandez
4799,264,2023-02-16,S. Wong
4800,264,2023-03-20,L. Novak
4801,264,2023-03-11,S. Wong
4802,264,2023-04-22,S. Wong
4803,264,2023-06-15,A. Patel
4804,264,2023-07-15,A. Patel
4805,264,2023-08-22,J. Thompson
4806,264,2023-08-05,L. Novak
4807,264,2023-09-16,J. Thompson
4808,264,2023-09-20,M. Fernandez
4809,264,2023-09-26,L. Novak
4810,264,2023-10-18,R. Khan
4811,264,2023-10-23,L. Novak
4812,264,2023-11-25,S. Wong
4813,264,2024-01-25,S. Wong
4814,264,2024-01-08,R. Khan
4815,264,2024-01-18,A. Patel
4816,264,2024-02-20,R. Khan
4817,264,2024-02-22,L. Novak
4818,264,2024-03-24,R. Khan
4819,264,2024-03-28,L. Novak
4820,264,2024-03-08,L. Novak
4821,264,2024-03-05,A. Patel
4822,264,2024-04-11,R. Khan
4823,264,2024-04-06,S. Wong
4824,264,2024-04-04,A. Patel
4825,264,2024-05-26,L. Novak
4826,264,2024-05-11,J. Thompson
4827,264,2024-05-09,M. Fernandez
4828,264,2024-06-22,A. Patel
4829,264,2024-06-02,S. Wong
4830,265,2022-04-04,A. Patel
4831,265,2022-03-20,S. Wong
4832,265,2022-04-16,J. Thompson
4833,265,2022-05-11,M. Fernandez
4834,265,2022-06-03,S. Wong
4835,265,2022-06-27,M. Fernandez
4836,266,2024-04-27,R. Khan
4837,266,2024-04-24,A. Patel
4838,266,2024-05-13,S. Wong
4839,266,2024-08-11,J. Thompson
4840,267,2023-09-29,A. Patel
4841,267,2023-10-21,A. Patel
4842,267,2023-10-23,A. Patel
4843,267,2023-12-02,R. Khan
4844,267,2024-01-07,S. Wong
4845,267,2024-02-19,M. Fernandez
4846,267,2024-03-21,J. Thompson
4847,267,2024-03-18,S. Wong
4848,267,2024-04-27,S. Wong
4849,267,2024-04-10,M. Fernandez
4850,267,2024-04-01,M. Fernandez
4851,268,2023-07-30,M. Fernandez
4852,268,2023-08-10,R. Khan
4853,268,2023-08-24,A. Patel
4854,268,2023-09-22,J. Thompson
4855,269,2022-01-21,J. Thompson
4856,269,2022-03-06,S. Wong
4857,269,2022-03-09,S. Wong
4858,270,2022-08-10,J. Thompson
4859,270,2022-12-09,A. Patel
4860,270,2022-12-19,S. Wong
4861,270,2022-12-20,A. Patel
4862,270,2023-01-26,M. Fernandez
4863,270,2023-01-26,S. Wong
4864,270,2023-02-13,A. Patel
4865,270,2023-03-26,M. Fernandez
4866,270,2023-04-29,M. Fernandez
4867,270,2023-06-11,M. Fernandez
4868,270,2023-05-25,L. Novak
4869,270,2023-07-29,A. Patel
4870,270,2023-09-22,M. Fernandez
4871,270,2023-10-15,L. Novak
4872,270,2023-11-13,M. Fernandez
4873,270,2023-11-02,A. Patel
4874,270,2023-12-05,M. Fernandez
4875,270,2024-01-10,S. Wong
4876,270,2023-12-27,L. Novak
4877,270,2024-01-27,J. Thompson
4878,270,2024-02-21,R. Khan
4879,270,2024-05-07,M. Fernandez
4880,270,2024-05-15,J. Thompson
4881,270,2024-05-24,R. Khan
4882,271,2022-05-01,M. Fernandez
4883,271,2022-05-22,S. Wong
4884,271,2022-06-04,J. Thompson
4885,271,2022-06-01,J. Thompson
4886,271,2022-06-03,L. Novak
4887,271,2022-07-29,M. Fernandez
4888,271,2022-09-07,R. Khan
4889,271,2022-11-09,M. Fernandez
4890,271,2022-12-08,L. Novak
4891,271,2023-02-09,R. Khan
4892,272,2023-02-15,M. Fernandez
4893,272,2023-05-02,M. Fernandez
4894,272,2023-05-20,M. Fernandez
4895,272,2023-07-07,J. Thompson
4896,272,2023-08-30,S. Wong
4897,272,2023-08-08,J. Thompson
4898,272,2023-09-18,S. Wong
4899,272,2023-11-15,L. Novak
4900,272,2023-11-25,S. Wong
4901,272,2024-01-01,J. Thompson
4902,273,2022-09-03,M. Fernandez
4903,273,2022-09-09,M. Fernandez
4904,273,2022-09-16,L. Novak
4905,273,2022-10-29,L. Novak
4906,273,2022-10-29,M. Fernandez
4907,273,2022-12-03,S. Wong
4908,273,2022-11-27,S. Wong
4909,273,2022-12-13,S. Wong
4910,273,2023-01-19,L. Novak
4911,273,2023-03-03,S. Wong
4912,273,2023-02-20,R. Khan
4913,273,2023-05-02,R. Khan
4914,273,2023-06-17,R. Khan
4915,273,2023-07-03,M. Fernandez
4916,273,2023-08-23,A. Patel
4917,273,2023-12-05,M. Fernandez
4918,273,2023-12-02,S. Wong
4919,273,2023-12-31,J. Thompson
4920,273,2023-12-13,L. Novak
4921,274,2023-05-25,R. Khan
4922,274,2023-05-23,A. Patel
4923,274,2023-05-17,J. Thompson
4924,274,2023-06-18,J. Thompson
4925,274,2023-06-19,L. Novak
4926,274,2023-08-05,S. Wong
4927,274,2023-07-30,J. Thompson
4928,274,2023-10-28,L. Novak
4929,275,2023-03-15,M. Fernandez
4930,275,2023-04-03,A. Patel
4931,275,2023-04-09,L. Novak
4932,275,2023-04-29,M. Fernandez
4933,275,2023-05-14,M. Fernandez
4934,275,2023-05-30,L. Novak
4935,275,2023-05-23,L. Novak
4936,275,2023-06-22,S. Wong
4937,275,2023-08-11,R. Khan
4938,275,2023-07-20,S. Wong
4939,275,2023-08-27,J. Thompson
4940,275,2023-09-27,M. Fernandez
4941,275,2023-11-04,R. Khan
4942,275,2024-01-28,S. Wong
4943,275,2024-01-23,A. Patel
4944,275,2024-01-25,M. Fernandez
4945,275,2024-02-12,S. Wong
4946,275,2024-04-08,J. Thompson
4947,275,2024-05-13,S. Wong
4948,275,2024-06-14,J. Thompson
4949,275,2024-08-03,R. Khan
4950,275,2024-08-04,J. Thompson
4951,275,2024-08-26,S. Wong
4952,275,2024-09-02,J. Thompson
4953,276,2022-04-07,A. Patel
4954,276,2022-03-25,R. Khan
4955,276,2022-04-09,L. Novak
4956,276,2022-05-03,L. Novak
4957,276,2022-05-12,L. Novak
4958,276,2022-05-25,J. Thompson
4959,276,2022-07-10,S. Wong
4960,276,2022-07-07,R. Khan
4961,276,2022-07-02,J. Thompson
4962,276,2022-07-11,M. Fernandez
4963,276,2022-06-28,M. Fernandez
4964,276,2022-06-22,R. Khan
4965,276,2022-07-29,R. Khan
4966,276,2022-08-09,L. Novak
4967,276,2022-08-26,L. Novak
4968,276,2022-09-15,J. Thompson
4969,276,2022-09-06,R. Khan
4970,276,2022-09-28,R. Khan
4971,276,2022-10-26,M. Fernandez
4972,276,2022-10-23,R. Khan
4973,276,2022-11-06,S. Wong
4974,276,2022-12-10,M. Fernandez
4975,276,2022-12-02,L. Novak
4976,276,2022-11-24,J. Thompson
4977,276,2022-12-05,L. Novak
4978,276,2022-12-14,L. Novak
4979,276,2023-01-06,S. Wong
4980,276,2023-01-12,J. Thompson
4981,276,2023-01-11,L. Novak
4982,276,2023-02-09,R. Khan
4983,276,2023-03-15,S. Wong
4984,276,2023-03-16,S. Wong
4985,276,2023-03-01,S. Wong
4986,276,2023-03-10,L. Novak
4987,276,2023-02-19,R. Khan
4988,276,2023-03-06,R. Khan
4989,276,2023-03-31,M. Fernandez
4990,276,2023-04-07,R. Khan
4991,276,2023-04-02,L. Novak
4992,276,2023-04-03,A. Patel
4993,276,2023-04-22,J. Thompson
4994,276,2023-05-14,R. Khan
4995,276,2023-07-09,S. Wong
4996,276,2023-07-07,L. Novak
4997,276,2023-07-12,S. Wong
4998,276,2023-07-19,L. Novak
4999,276,2023-07-23,R. Khan
5000,276,2023-08-17,S. Wong
5001,276,2023-09-17,M. Fernandez
5002,276,2023-10-02,R. Khan
5003,277,2022-10-31,L. Novak
5004,277,2022-10-25,M. Fernandez
5005,277,2022-11-08,J. Thompson
5006,277,2022-11-23,S. Wong
5007,277,2022-11-15,R. Khan
5008,277,2022-11-28,L. Novak
5009,277,2022-11-25,R. Khan
5010,277,2022-11-26,L. Novak
5011,277,2023-01-23,J. Thompson
5012,277,2023-02-02,S. Wong
5013,277,2023-03-20,L. Novak
5014,277,2023-03-12,J. Thompson
5015,277,2023-04-19,R. Khan
5016,277,2023-05-28,S. Wong
5017,277,2023-05-14,L. Novak
5018,277,2023-08-15,S. Wong
5019,277,2023-09-10,M. Fernandez
5020,277,2023-10-29,S. Wong
5021,277,2023-10-30,L. Novak
5022,277,2023-10-14,M. Fernandez
5023,277,2023-11-30,M. Fernandez
5024,277,2023-12-23,A. Patel
5025,277,2023-12-10,R. Khan
5026,277,2023-12-04,M. Fernandez
5027,277,2024-01-05,A. Patel
5028,277,2024-01-03,L. Novak
5029,277,2024-02-08,L. Novak
5030,277,2024-02-18,S. Wong
5031,277,2024-04-21,S. Wong
5032,277,2024-04-21,S. Wong
5033,277,2024-05-28,J. Thompson
5034,277,2024-06-25,L. Novak
5035,277,2024-07-09,M. Fernandez
5036,277,2024-07-24,J. Thompson
5037,277,2024-07-02,S. Wong
5038,277,2024-09-08,S. Wong
5039,278,2023-09-10,A. Patel
5040,278,2023-09-18,L. Novak
5041,278,2023-09-25,J. Thompson
5042,278,2023-10-21,L. Novak
5043,278,2023-10-08,R. Khan
5044,278,2023-11-20,M. Fernandez
5045,278,2023-11-10,J. Thompson
5046,278,2023-12-14,A. Patel
5047,278,2024-02-08,R. Khan
5048,278,2024-02-10,M. Fernandez
5049,278,2024-04-06,L. Novak
5050,278,2024-04-24,L. Novak
5051,278,2024-04-21,S. Wong
5052,278,2024-05-14,A. Patel
5053,278,2024-05-06,A. Patel
5054,278,2024-05-03,L. Novak
5055,278,2024-06-26,M. Fernandez
5056,278,2024-06-18,M. Fernandez
5057,278,2024-05-31,L. Novak
5058,278,2024-06-27,J. Thompson
5059,278,2024-07-06,A. Patel
5060,278,2024-10-09,L. Novak
5061,278,2024-10-21,L. Novak
5062,278,2024-10-04,S. Wong
5063,278,2024-11-20,S. Wong
5064,278,2024-11-01,M. Fernandez
5065,278,2024-11-01,J. Thompson
5066,278,2024-12-04,M. Fernandez
5067,279,2023-04-30,S. Wong
5068,279,2023-05-09,A. Patel
5069,279,2023-06-12,S. Wong
5070,279,2023-06-23,S. Wong
5071,279,2023-08-23,A. Patel
5072,279,2023-08-28,M. Fernandez
5073,279,2023-12-09,S. Wong
5074,279,2023-12-29,S. Wong
5075,279,2024-07-21,J. Thompson
5076,279,2024-09-25,M. Fernandez
5077,279,2024-10-25,J. Thompson
5078,279,2024-12-20,S. Wong
5079,280,2024-06-05,J. Thompson
5080,281,2022-12-16,L. Novak
5081,281,2023-02-03,M. Fernandez
5082,281,2023-01-30,J. Thompson
5083,281,2023-02-14,M. Fernandez
5084,282,2022-04-30,A. Patel
5085,282,2022-04-26,J. Thompson
5086,282,2022-04-11,M. Fernandez
5087,282,2022-06-03,M. Fernandez
5088,282,2022-06-04,L. Novak
5089,282,2022-05-08,R. Khan
5090,282,2022-06-22,L. Novak
5091,282,2022-07-08,L. Novak
5092,282,2022-09-28,L. Novak
5093,282,2022-10-23,A. Patel
5094,282,2022-10-12,S. Wong
5095,282,2022-10-08,A. Patel
5096,282,2022-10-08,A. Patel
5097,282,2022-11-17,M. Fernandez
5098,282,2022-12-30,A. Patel
5099,282,2022-12-08,S. Wong
5100,282,2022-12-15,M. Fernandez
5101,282,2022-12-10,A. Patel
5102,282,2023-01-04,J. Thompson
5103,282,2023-02-24,A. Patel
5104,282,2023-02-25,A. Patel
5105,282,2023-02-27,J. Thompson
5106,282,2023-03-17,S. Wong
5107,282,2023-04-13,A. Patel
5108,282,2023-04-21,J. Thompson
5109,282,2023-04-30,S. Wong
5110,282,2023-04-07,J. Thompson
5111,282,2023-05-04,A. Patel
5112,282,2023-05-08,L. Novak
5113,282,2023-06-14,J. Thompson
5114,282,2023-06-23,L. Novak
5115,282,2023-06-19,M. Fernandez
5116,282,2023-07-05,J. Thompson
5117,282,2023-08-12,J. Thompson
5118,282,2023-09-23,R. Khan
5119,282,2023-09-09,M. Fernandez
5120,282,2023-09-05,R. Khan
5121,282,2023-10-13,A. Patel
5122,282,2023-10-16,S. Wong
5123,282,2023-10-01,L. Novak
5124,282,2023-10-21,S. Wong
5125,282,2023-11-17,R. Khan
5126,282,2023-11-25,J. Thompson
5127,282,2023-12-21,J. Thompson
5128,282,2024-01-25,A. Patel
5129,282,2024-02-08,J. Thompson
5130,282,2024-03-01,M. Fernandez
5131,282,2024-03-25,R. Khan
5132,282,2024-03-22,M. Fernandez
5133,282,2024-04-04,M. Fernandez
5134,282,2024-04-19,L. Novak
5135,282,2024-04-07,L. Novak
5136,282,2024-04-03,L. Novak
5137,282,2024-03-31,M. Fernandez
5138,282,2024-05-24,L. Novak
5139,282,2024-05-04,M. Fernandez
5140,282,2024-05-10,R. Khan
5141,282,2024-05-04,L. Novak
5142,282,2024-06-13,J. Thompson
5143,282,2024-06-16,J. Thompson
5144,282,2024-05-30,M. Fernandez
5145,282,2024-06-28,A. Patel
5146,282,2024-07-10,A. Patel
5147,282,2024-06-26,S. Wong
5148,282,2024-08-07,A. Patel
5149,283,2022-06-23,R. Khan
5150,283,2022-06-23,J. Thompson
5151,283,2022-06-09,J. Thompson
5152,283,2022-08-17,J. Thompson
5153,283,2022-08-25,M. Fernandez
5154,283,2022-09-30,L. Novak
5155,283,2022-10-13,M. Fernandez
5156,283,2022-11-17,J. Thompson
5157,283,2022-11-15,R. Khan
5158,283,2023-02-22,A. Patel
5159,284,2022-04-10,L. Novak
5160,284,2022-04-17,S. Wong
5161,284,2022-04-15,J. Thompson
5162,284,2022-04-17,A. Patel
5163,284,2022-05-10,A. Patel
5164,284,2022-04-28,A. Patel
5165,284,2022-07-05,L. Novak
5166,284,2022-08-04,M. Fernandez
5167,284,2022-09-08,S. Wong
5168,284,2022-09-12,A. Patel
5169,284,2022-10-20,L. Novak
5170,284,2022-10-27,S. Wong
5171,284,2022-11-02,R. Khan
5172,284,2022-11-06,A. Patel
5173,284,2022-12-12,L. Novak
5174,284,2022-12-25,M. Fernandez
5175,284,2023-01-09,R. Khan
5176,284,2023-02-23,L. Novak
5177,284,2023-04-12,A. Patel
5178,284,2023-04-26,J. Thompson
5179,284,2023-05-02,R. Khan
5180,284,2023-07-02,J. Thompson
5181,284,2023-06-23,L. Novak
5182,284,2023-08-17,R. Khan
5183,284,2023-09-07,S. Wong
5184,284,2023-09-30,S. Wong
5185,284,2023-10-22,S. Wong
5186,284,2023-12-23,L. Novak
5187,284,2024-02-08,M. Fernandez
5188,284,2024-01-27,S. Wong
5189,284,2024-05-03,R. Khan
5190,284,2024-05-19,A. Patel
5191,284,2024-07-13,L. Novak
5192,284,2024-08-07,A. Patel
5193,284,2024-07-31,S. Wong
5194,285,2022-08-19,R. Khan
5195,286,2022-12-19,M. Fernandez
5196,286,2022-12-13,J. Thompson
5197,286,2023-01-06,M. Fernandez
5198,286,2023-01-10,A. Patel
5199,286,2023-01-16,R. Khan
5200,286,2023-03-17,R. Khan
5201,286,2023-03-14,J. Thompson
5202,286,2023-04-07,L. Novak
5203,286,2023-04-28,A. Patel
5204,286,2023-05-22,M. Fernandez
5205,286,2023-06-11,R. Khan
5206,286,2023-06-05,R. Khan
5207,286,2023-07-23,S. Wong
5208,286,2023-08-25,R. Khan
5209,286,2023-08-21,L. Novak
5210,286,2023-08-05,S. Wong
5211,286,2023-09-11,A. Patel
5212,286,2023-08-31,L. Novak
5213,286,2023-11-08,L. Novak
5214,286,2023-11-25,S. Wong
5215,286,2023-12-24,L. Novak
5216,286,2023-12-25,S. Wong
5217,286,2023-12-07,A. Patel
5218,286,2024-02-12,S. Wong
5219,286,2024-02-20,A. Patel
5220,286,2024-03-25,L. Novak
5221,286,2024-03-02,R. Khan
5222,286,2024-04-14,J. Thompson
5223,286,2024-04-12,M. Fernandez
5224,286,2024-05-08,R. Khan
5225,286,2024-06-28,A. Patel
5226,286,2024-07-07,A. Patel
5227,286,2024-09-05,L. Novak
5228,286,2024-08-31,M. Fernandez
5229,286,2024-09-12,J. Thompson
5230,286,2024-09-03,A. Patel
5231,286,2024-10-13,S. Wong
5232,286,2024-11-20,A. Patel
5233,286,2024-10-27,R. Khan
5234,286,2024-11-02,A. Patel
5235,287,2023-11-22,S. Wong
5236,287,2023-11-17,R. Khan
5237,287,2023-12-15,L. Novak
5238,287,2024-01-24,J. Thompson
5239,287,2024-02-03,A. Patel
5240,287,2024-01-30,A. Patel
5241,287,2024-02-07,L. Novak
5242,287,2024-02-07,L. Novak
5243,287,2024-07-06,M. Fernandez
5244,287,2024-06-28,M. Fernandez
5245,287,2024-07-04,M. Fernandez
5246,287,2024-06-10,S. Wong
5247,287,2024-06-19,M. Fernandez
5248,287,2024-08-04,R. Khan
5249,287,2024-07-11,S. Wong
5250,287,2024-07-17,S. Wong
5251,287,2024-09-10,S. Wong
5252,287,2024-09-10,J. Thompson
5253,287,2024-09-26,R. Khan
5254,287,2024-09-19,J. Thompson
5255,287,2024-10-16,J. Thompson
5256,287,2024-10-13,L. Novak
5257,287,2024-12-01,S. Wong
5258,287,2024-11-24,M. Fernandez
5259,287,2024-11-11,M. Fernandez
5260,287,2024-12-23,A. Patel
5261,287,2024-12-09,S. Wong
5262,288,2023-10-17,M. Fernandez
5263,288,2023-10-10,M. Fernandez
5264,288,2024-01-05,S. Wong
5265,288,2024-02-29,S. Wong
5266,288,2024-02-12,J. Thompson
5267,288,2024-03-29,J. Thompson
5268,288,2024-06-22,M. Fernandez
5269,288,2024-06-13,L. Novak
5270,288,2024-10-09,A. Patel
5271,288,2024-10-13,J. Thompson
5272,288,2024-10-16,M. Fernandez
5273,288,2024-11-26,J. Thompson
5274,288,2024-11-02,S. Wong
5275,288,2024-12-21,J. Thompson
5276,288,2024-12-15,A. Patel
5277,288,2024-12-06,A. Patel
5278,288,2024-12-31,M. Fernandez
5279,289,2022-08-09,L. Novak
5280,289,2022-08-13,J. Thompson
5281,289,2022-09-24,S. Wong
5282,289,2022-10-06,A. Patel
5283,289,2022-11-04,J. Thompson
5284,289,2022-11-08,J. Thompson
5285,290,2024-06-06,S. Wong
5286,290,2024-06-07,M. Fernandez
5287,290,2024-06-07,S. Wong
5288,290,2024-06-09,M. Fernandez
5289,290,2024-05-22,A. Patel
5290,290,2024-07-09,R. Khan
5291,290,2024-07-24,S. Wong
5292,290,2024-10-08,J. Thompson
5293,290,2024-09-21,M. Fernandez
5294,290,2024-12-03,A. Patel
5295,290,2024-11-25,S. Wong
5296,290,2024-12-12,M. Fernandez
5297,291,2022-09-13,S. Wong
5298,291,2022-08-20,R. Khan
5299,291,2022-10-15,L. Novak
5300,291,2022-11-01,L. Novak
5301,291,2022-11-07,A. Patel
5302,291,2022-10-21,L. Novak
5303,291,2022-12-03,L. Novak
5304,291,2022-12-14,S. Wong
5305,291,2022-11-22,J. Thompson
5306,291,2022-12-22,A. Patel
5307,291,2023-01-03,L. Novak
5308,291,2023-01-30,J. Thompson
5309,291,2023-02-05,M. Fernandez
5310,291,2023-01-17,L. Novak
5311,291,2023-03-12,J. Thompson
5312,291,2023-04-09,L. Novak
5313,291,2023-05-21,M. Fernandez
5314,291,2023-06-02,S. Wong
5315,291,2023-06-10,R. Khan
5316,291,2023-06-03,J. Thompson
5317,291,2023-06-26,J. Thompson
5318,291,2023-08-06,A. Patel
5319,291,2023-08-27,M. Fernandez
5320,291,2023-09-11,J. Thompson
5321,291,2023-09-19,M. Fernandez
5322,291,2023-10-29,M. Fernandez
5323,291,2023-11-26,M. Fernandez
5324,291,2023-12-18,J. Thompson
5325,291,2023-12-24,A. Patel
5326,291,2024-01-25,L. Novak
5327,291,2024-01-25,R. Khan
5328,291,2024-03-22,S. Wong
5329,291,2024-06-07,S. Wong
5330,291,2024-06-02,S. Wong
5331,291,2024-06-03,M. Fernandez
5332,291,2024-05-25,R. Khan
5333,291,2024-05-19,J. Thompson
5334,291,2024-06-28,A. Patel
5335,291,2024-06-10,J. Thompson
5336,291,2024-07-25,S. Wong
5337,291,2024-07-10,M. Fernandez
5338,291,2024-07-24,J. Thompson
5339,291,2024-09-30,L. Novak
5340,291,2024-09-08,J. Thompson
5341,291,2024-09-24,J. Thompson
5342,291,2024-10-22,R. Khan
5343,291,2024-11-21,L. Novak
5344,291,2024-11-25,L. Novak
5345,292,2024-05-03,S. Wong
5346,292,2024-05-08,J. Thompson
5347,292,2024-04-24,A. Patel
5348,292,2024-04-22,J. Thompson
5349,292,2024-05-11,L. Novak
5350,292,2024-05-14,M. Fernandez
5351,292,2024-07-08,R. Khan
5352,292,2024-07-04,R. Khan
5353,292,2024-06-19,L. Novak
5354,292,2024-08-13,M. Fernandez
5355,292,2024-08-05,J. Thompson
5356,292,2024-07-28,S. Wong
5357,292,2024-07-20,J. Thompson
5358,292,2024-07-28,A. Patel
5359,292,2024-07-19,A. Patel
5360,292,2024-08-31,M. Fernandez
5361,292,2024-09-02,A. Patel
5362,292,2024-09-01,R. Khan
5363,292,2024-08-24,L. Novak
5364,292,2024-08-25,A. Patel
5365,292,2024-09-27,S. Wong
5366,292,2024-09-21,R. Khan
5367,292,2024-10-01,L. Novak
5368,292,2024-09-29,M. Fernandez
5369,292,2024-09-16,R. Khan
5370,292,2024-10-27,R. Khan
5371,292,2024-10-18,S. Wong
5372,292,2024-11-03,A. Patel
5373,292,2024-11-17,S. Wong
5374,292,2024-11-20,S. Wong
5375,292,2024-11-16,A. Patel
5376,292,2024-12-09,R. Khan
5377,292,2024-11-29,S. Wong
5378,292,2024-11-30,J. Thompson
5379,292,2024-11-16,S. Wong
5380,292,2024-12-24,A. Patel
5381,292,2024-12-20,M. Fernandez
5382,293,2023-10-29,M. Fernandez
5383,294,2024-01-01,J. Thompson
5384,294,2024-01-08,R. Khan
5385,294,2024-02-01,S. Wong
5386,294,2024-02-13,L. Novak
5387,294,2024-03-11,M. Fernandez
5388,294,2024-03-09,J. Thompson
5389,294,2024-02-19,J. Thompson
5390,294,2024-03-05,S. Wong
5391,294,2024-03-28,M. Fernandez
5392,294,2024-03-31,L. Novak
5393,294,2024-03-30,J. Thompson
5394,294,2024-04-19,R. Khan
5395,294,2024-06-03,J. Thompson
5396,294,2024-07-02,J. Thompson
5397,294,2024-07-02,L. Novak
5398,294,2024-07-12,R. Khan
5399,294,2024-09-08,L. Novak
5400,294,2024-08-17,R. Khan
5401,294,2024-08-31,A. Patel
5402,294,2024-09-12,J. Thompson
5403,294,2024-11-06,M. Fernandez
5404,294,2024-11-08,L. Novak
5405,294,2024-10-19,R. Khan
5406,294,2024-11-05,S. Wong
5407,294,2024-10-27,L. Novak
5408,294,2024-11-28,M. Fernandez
5409,294,2024-12-04,L. Novak
5410,294,2024-12-23,A. Patel
5411,294,2024-12-26,J. Thompson
5412,295,2022-07-17,L. Novak
5413,295,2022-07-11,L. Novak
5414,295,2022-08-22,A. Patel
5415,295,2022-08-04,S. Wong
5416,295,2022-10-25,M. Fernandez
5417,295,2022-11-26,A. Patel
5418,295,2022-11-05,A. Patel
5419,295,2022-11-05,A. Patel
5420,295,2022-12-24,J. Thompson
5421,295,2022-12-06,S. Wong
5422,295,2023-01-07,L. Novak
5423,295,2023-02-14,R. Khan
5424,295,2023-02-09,R. Khan
5425,295,2023-03-21,J. Thompson
5426,295,2023-03-20,S. Wong
5427,295,2023-04-08,L. Novak
5428,295,2023-04-27,J. Thompson
5429,295,2023-04-03,S. Wong
5430,295,2023-04-14,M. Fernandez
5431,295,2023-04-10,S. Wong
5432,295,2023-04-16,L. Novak
5433,295,2023-04-02,A. Patel
5434,295,2023-04-13,L. Novak
5435,295,2023-04-10,L. Novak
5436,295,2023-05-01,R. Khan
5437,295,2023-05-16,A. Patel
5438,295,2023-05-21,L. Novak
5439,295,2023-06-13,L. Novak
5440,295,2023-06-22,J. Thompson
5441,295,2023-07-01,A. Patel
5442,295,2023-07-01,R. Khan
5443,295,2023-07-16,A. Patel
5444,295,2023-07-27,R. Khan
5445,295,2023-08-15,L. Novak
5446,295,2023-09-06,A. Patel
5447,295,2023-09-17,L. Novak
5448,295,2023-10-21,J. Thompson
5449,295,2023-10-20,J. Thompson
5450,295,2023-10-22,S. Wong
5451,295,2023-11-13,A. Patel
5452,295,2023-11-17,S. Wong
5453,295,2023-11-19,M. Fernandez
5454,295,2023-11-29,A. Patel
5455,295,2023-12-18,R. Khan
5456,295,2024-01-03,A. Patel
5457,295,2024-01-15,R. Khan
5458,295,2024-02-13,A. Patel
5459,295,2024-02-14,J. Thompson
5460,295,2024-01-26,L. Novak
5461,295,2024-02-20,S. Wong
5462,295,2024-03-11,S. Wong
5463,295,2024-03-21,J. Thompson
5464,295,2024-03-17,L. Novak
5465,295,2024-04-15,S. Wong
5466,295,2024-04-30,R. Khan
5467,295,2024-05-08,S. Wong
5468,295,2024-06-12,L. Novak
5469,295,2024-06-06,A. Patel
5470,295,2024-06-14,R. Khan
5471,295,2024-07-12,J. Thompson
5472,295,2024-06-28,M. Fernandez
5473,295,2024-07-08,J. Thompson
5474,295,2024-07-03,A. Patel
5475,295,2024-06-24,M. Fernandez
5476,295,2024-08-15,M. Fernandez
5477,295,2024-07-27,S. Wong
5478,295,2024-07-30,R. Khan
5479,295,2024-09-10,M. Fernandez
5480,295,2024-10-06,A. Patel
5481,296,2022-05-27,A. Patel
5482,296,2022-06-14,J. Thompson
5483,296,2022-06-15,J. Thompson
5484,296,2022-06-09,A. Patel
5485,296,2022-07-19,J. Thompson
5486,296,2022-07-29,M. Fernandez
5487,296,2022-09-13,R. Khan
5488,296,2022-08-29,R. Khan
5489,297,2023-02-10,R. Khan
5490,297,2023-02-27,J. Thompson
5491,297,2023-03-09,A. Patel
5492,297,2023-03-12,J. Thompson
5493,297,2023-04-16,M. Fernandez
5494,297,2023-04-13,S. Wong
5495,297,2023-04-16,R. Khan
5496,297,2023-05-11,M. Fernandez
5497,297,2023-05-16,M. Fernandez
5498,297,2023-05-30,S. Wong
5499,297,2023-05-22,L. Novak
5500,297,2023-06-10,M. Fernandez
5501,297,2023-05-31,L. Novak
5502,297,2023-07-02,L. Novak
5503,297,2023-07-31,R. Khan
5504,297,2023-08-16,M. Fernandez
5505,297,2023-09-09,M. Fernandez
5506,297,2023-10-24,S. Wong
5507,297,2023-10-22,A. Patel
5508,297,2023-10-18,R. Khan
5509,297,2024-02-09,R. Khan
5510,297,2024-02-22,L. Novak
5511,297,2024-03-17,M. Fernandez
5512,297,2024-06-09,M. Fernandez
5513,297,2024-06-15,R. Khan
5514,297,2024-08-25,S. Wong
5515,297,2024-08-14,S. Wong
5516,297,2024-09-06,R. Khan
5517,297,2024-10-04,S. Wong
5518,297,2024-10-09,R. Khan
5519,297,2024-11-02,L. Novak
5520,297,2024-10-29,A. Patel
5521,297,2024-12-15,M. Fernandez
5522,297,2024-12-15,L. Novak
5523,298,2023-01-15,L. Novak
5524,298,2023-01-24,J. Thompson
5525,298,2023-03-30,R. Khan
5526,298,2023-09-03,J. Thompson
5527,299,2022-04-07,J. Thompson
5528,299,2022-04-20,A. Patel
5529,299,2022-04-04,L. Novak
5530,299,2022-06-23,J. Thompson
5531,299,2022-05-31,R. Khan
5532,299,2022-07-07,A. Patel
5533,299,2022-07-07,S. Wong
5534,299,2022-10-11,L. Novak
5535,299,2022-09-26,M. Fernandez
5536,299,2022-10-12,J. Thompson
5537,299,2022-10-15,M. Fernandez
5538,299,2022-10-31,L. Novak
5539,299,2022-11-08,J. Thompson
5540,299,2022-11-07,M. Fernandez
5541,299,2022-11-03,S. Wong
5542,299,2022-11-17,L. Novak
5543,299,2022-10-27,J. Thompson
5544,299,2023-02-24,R. Khan
5545,299,2023-04-11,A. Patel
5546,299,2023-04-18,S. Wong
5547,299,2023-04-11,R. Khan
5548,299,2023-05-07,A. Patel
5549,299,2023-05-02,L. Novak
5550,299,2023-05-14,L. Novak
5551,299,2023-05-27,J. Thompson
5552,299,2023-07-07,A. Patel
5553,299,2023-07-12,M. Fernandez
5554,299,2023-07-02,R. Khan
5555,299,2023-08-31,A. Patel
5556,299,2023-09-14,L. Novak
5557,299,2023-09-27,J. Thompson
5558,299,2023-11-02,J. Thompson
5559,299,2023-11-27,R. Khan
5560,299,2023-11-27,L. Novak
5561,299,2023-12-15,L. Novak
5562,299,2023-11-25,S. Wong
5563,299,2024-01-07,J. Thompson
5564,299,2023-12-21,M. Fernandez
5565,299,2023-12-22,L. Novak
5566,299,2024-01-29,M. Fernandez
5567,299,2024-01-23,J. Thompson
5568,299,2024-01-19,L. Novak
5569,299,2024-02-02,S. Wong
5570,299,2024-03-22,A. Patel
5571,299,2024-04-11,M. Fernandez
5572,299,2024-05-10,S. Wong
5573,299,2024-04-27,J. Thompson
5574,299,2024-05-30,L. Novak
5575,299,2024-06-04,L. Novak
5576,299,2024-06-12,J. Thompson
5577,299,2024-06-23,M. Fernandez
5578,299,2024-07-10,J. Thompson
5579,299,2024-07-09,L. Novak
5580,299,2024-06-30,R. Khan
5581,299,2024-07-26,A. Patel
5582,299,2024-07-31,S. Wong
5583,299,2024-09-07,A. Patel
5584,300,2023-10-01,M. Fernandez
5585,300,2023-10-06,M. Fernandez
5586,300,2023-10-17,L. Novak
5587,300,2023-11-11,R. Khan
5588,300,2023-10-27,J. Thompson
5589,300,2023-10-26,M. Fernandez
5590,300,2023-11-01,M. Fernandez
5591,300,2023-10-30,J. Thompson
5592,300,2023-12-31,R. Khan
5593,300,2024-01-17,R. Khan
5594,300,2023-12-26,L. Novak
5595,300,2024-01-06,J. Thompson
5596,300,2024-01-14,L. Novak
5597,300,2024-01-15,S. Wong
5598,300,2024-02-11,A. Patel
5599,300,2024-02-01,L. Novak
5600,300,2024-02-23,A. Patel
5601,300,2024-05-14,L. Novak
5602,300,2024-06-06,A. Patel
5603,300,2024-08-07,M. Fernandez
5604,300,2024-08-11,R. Khan
5605,300,2024-09-19,R. Khan
5606,300,2024-10-13,A. Patel
5607,300,2024-09-30,S. Wong
5608,300,2024-09-29,S. Wong
5609,300,2024-09-24,S. Wong
5610,300,2024-11-02,L. Novak
5611,300,2024-11-12,L. Novak
5612,300,2024-12-06,M. Fernandez
5613,300,2024-12-12,S. Wong
5614,301,2023-04-25,J. Thompson
5615,301,2023-04-25,L. Novak
5616,301,2023-04-14,J. Thompson
5617,301,2023-04-19,M. Fernandez
5618,301,2023-05-16,L. Novak
5619,301,2023-06-30,A. Patel
5620,301,2023-06-22,A. Patel
5621,301,2023-07-12,M. Fernandez
5622,301,2023-07-16,A. Patel
5623,301,2023-07-22,M. Fernandez
5624,301,2023-07-21,R. Khan
5625,301,2023-08-14,S. Wong
5626,301,2023-08-25,J. Thompson
5627,301,2023-08-20,L. Novak
5628,301,2023-10-01,M. Fernandez
5629,301,2023-11-09,L. Novak
5630,301,2023-11-18,M. Fernandez
5631,301,2023-12-07,S. Wong
5632,301,2024-01-07,R. Khan
5633,301,2024-02-12,S. Wong
5634,301,2024-03-11,A. Patel
5635,301,2024-03-08,S. Wong
5636,301,2024-03-26,S. Wong
5637,301,2024-04-12,R. Khan
5638,301,2024-05-23,R. Khan
5639,301,2024-05-09,J. Thompson
5640,301,2024-06-06,A. Patel
5641,301,2024-07-16,M. Fernandez
5642,301,2024-08-23,A. Patel
5643,301,2024-08-04,S. Wong
5644,301,2024-09-28,L. Novak
5645,301,2024-09-14,J. Thompson
5646,301,2024-09-20,S. Wong
5647,301,2024-10-24,S. Wong
5648,301,2024-11-19,M. Fernandez
5649,301,2024-11-02,A. Patel
5650,301,2024-11-20,R. Khan
5651,301,2024-12-31,A. Patel
5652,302,2022-08-11,S. Wong
5653,302,2022-10-13,A. Patel
5654,302,2022-11-10,J. Thompson
5655,302,2022-11-26,R. Khan
5656,302,2022-12-31,A. Patel
5657,302,2023-02-12,S. Wong
5658,302,2023-03-30,M. Fernandez
5659,302,2023-04-13,M. Fernandez
5660,302,2023-06-22,A. Patel
5661,302,2023-07-28,J. Thompson
5662,302,2023-09-06,S. Wong
5663,302,2023-10-26,J. Thompson
5664,302,2023-10-26,M. Fernandez
5665,302,2023-10-08,L. Novak
5666,302,2023-11-05,L. Novak
5667,302,2023-12-13,M. Fernandez
5668,303,2022-05-18,R. Khan
5669,303,2022-06-03,S. Wong
5670,303,2022-06-30,A. Patel
5671,303,2022-07-16,M. Fernandez
5672,303,2022-07-14,M. Fernandez
5673,303,2022-06-27,L. Novak
5674,303,2022-10-14,R. Khan
5675,303,2022-10-11,J. Thompson
5676,303,2022-12-02,R. Khan
5677,303,2022-11-26,J. Thompson
5678,303,2023-01-04,L. Novak
5679,303,2023-02-09,J. Thompson
5680,303,2023-01-28,J. Thompson
5681,303,2023-03-13,M. Fernandez
5682,303,2023-03-09,R. Khan
5683,303,2023-04-10,J. Thompson
5684,303,2023-04-02,M. Fernandez
5685,303,2023-03-23,L. Novak
5686,303,2023-05-28,R. Khan
5687,303,2023-06-18,J. Thompson
5688,303,2023-07-10,R. Khan
5689,303,2023-08-09,A. Patel
5690,303,2023-11-08,R. Khan
5691,303,2023-10-24,A. Patel
5692,303,2023-10-27,J. Thompson
5693,303,2023-11-29,A. Patel
5694,303,2023-11-24,M. Fernandez
5695,303,2024-01-04,R. Khan
5696,303,2024-01-10,J. Thompson
5697,303,2024-01-04,J. Thompson
5698,303,2024-01-22,J. Thompson
5699,303,2024-01-21,S. Wong
5700,303,2024-02-04,S. Wong
5701,303,2024-01-21,R. Khan
5702,303,2024-03-10,A. Patel
5703,303,2024-03-09,J. Thompson
5704,303,2024-03-04,J. Thompson
5705,303,2024-03-05,J. Thompson
5706,303,2024-03-20,M. Fernandez
5707,303,2024-03-20,S. Wong
5708,303,2024-03-26,S. Wong
5709,303,2024-05-07,M. Fernandez
5710,303,2024-05-06,R. Khan
5711,303,2024-04-17,R. Khan
5712,303,2024-04-21,J. Thompson
5713,303,2024-04-18,R. Khan
5714,303,2024-06-08,L. Novak
5715,303,2024-07-30,S. Wong
5716,303,2024-07-31,A. Patel
5717,303,2024-07-26,A. Patel
5718,303,2024-09-05,R. Khan
5719,303,2024-08-27,S. Wong
5720,303,2024-09-03,L. Novak
5721,304,2022-11-25,S. Wong
5722,304,2022-11-12,S. Wong
5723,304,2023-01-03,L. Novak
5724,304,2023-01-29,A. Patel
5725,304,2023-01-30,S. Wong
5726,304,2023-02-10,J. Thompson
5727,305,2022-01-23,M. Fernandez
5728,305,2022-01-28,M. Fernandez
5729,305,2022-03-02,R. Khan
5730,305,2022-03-24,L. Novak
5731,305,2022-04-29,J. Thompson
5732,305,2022-04-14,M. Fernandez
5733,305,2022-08-06,M. Fernandez
5734,305,2022-08-31,S. Wong
5735,305,2022-09-15,M. Fernandez
5736,305,2022-11-30,L. Novak
5737,305,2022-12-06,S. Wong
5738,305,2022-12-13,A. Patel
5739,305,2022-12-31,L. Novak
5740,305,2023-03-01,L. Novak
5741,305,2023-04-30,M. Fernandez
5742,305,2023-04-23,M. Fernandez
5743,305,2023-06-23,S. Wong
5744,306,2022-09-26,A. Patel
5745,306,2022-10-13,A. Patel
5746,306,2022-11-06,S. Wong
5747,306,2022-10-19,M. Fernandez
5748,306,2022-12-29,R. Khan
5749,306,2023-01-27,S. Wong
5750,306,2023-02-09,S. Wong
5751,306,2023-02-07,M. Fernandez
5752,306,2023-02-24,S. Wong
5753,306,2023-02-23,J. Thompson
5754,306,2023-03-20,L. Novak
5755,306,2023-04-28,S. Wong
5756,306,2023-04-18,S. Wong
5757,306,2023-04-26,M. Fernandez
5758,306,2023-05-22,L. Novak
5759,306,2023-05-31,R. Khan
5760,306,2023-06-05,R. Khan
5761,306,2023-08-04,M. Fernandez
5762,306,2023-08-11,R. Khan
5763,306,2023-08-12,J. Thompson
5764,306,2023-08-09,J. Thompson
5765,306,2023-09-29,M. Fernandez
5766,306,2023-10-11,J. Thompson
5767,306,2023-09-27,S. Wong
5768,306,2023-10-28,M. Fernandez
5769,306,2023-10-16,M. Fernandez
5770,306,2023-11-02,R. Khan
5771,306,2023-12-03,L. Novak
5772,306,2023-12-10,M. Fernandez
5773,306,2023-11-24,S. Wong
5774,306,2023-11-20,L. Novak
5775,306,2023-12-20,R. Khan
5776,306,2023-12-24,J. Thompson
5777,306,2024-01-16,S. Wong
5778,306,2024-02-05,A. Patel
5779,306,2024-01-26,A. Patel
5780,306,2024-01-19,M. Fernandez
5781,306,2024-01-31,L. Novak
5782,306,2024-03-08,M. Fernandez
5783,306,2024-03-29,A. Patel
5784,306,2024-04-25,M. Fernandez
5785,306,2024-04-20,S. Wong
5786,306,2024-05-05,L. Novak
5787,306,2024-05-19,L. Novak
5788,306,2024-06-01,L. Novak
5789,306,2024-06-10,L. Novak
5790,306,2024-06-22,M. Fernandez
5791,306,2024-07-29,A. Patel
5792,306,2024-07-17,L. Novak
5793,306,2024-07-15,R. Khan
5794,307,2024-03-02,A. Patel
5795,307,2024-03-12,R. Khan
5796,307,2024-03-06,M. Fernandez
5797,307,2024-04-06,R. Khan
5798,307,2024-04-13,S. Wong
5799,307,2024-05-22,A. Patel
5800,307,2024-05-20,M. Fernandez
5801,307,2024-05-13,M. Fernandez
5802,307,2024-05-14,R. Khan
5803,307,2024-06-26,L. Novak
5804,307,2024-07-28,R. Khan
5805,307,2024-08-19,L. Novak
5806,307,2024-08-11,A. Patel
5807,307,2024-09-12,A. Patel
5808,307,2024-09-17,M. Fernandez
5809,307,2024-09-25,M. Fernandez
5810,307,2024-09-25,R. Khan
5811,307,2024-09-04,S. Wong
5812,307,2024-10-02,R. Khan
5813,307,2024-10-18,S. Wong
5814,307,2024-10-13,S. Wong
5815,307,2024-10-18,J. Thompson
5816,307,2024-11-07,M. Fernandez
5817,307,2024-11-23,A. Patel
5818,307,2024-11-26,M. Fernandez
5819,308,2024-02-23,L. Novak
5820,308,2024-03-15,A. Patel
5821,308,2024-03-31,J. Thompson
5822,308,2024-07-28,L. Novak
5823,308,2024-07-29,L. Novak
5824,309,2023-02-21,J. Thompson
5825,309,2023-03-14,M. Fernandez
5826,309,2023-03-30,A. Patel
5827,309,2023-04-01,L. Novak
5828,309,2023-06-02,M. Fernandez
5829,309,2023-08-06,L. Novak
5830,309,2023-08-19,A. Patel
5831,309,2023-08-14,S. Wong
5832,309,2023-08-23,M. Fernandez
5833,309,2023-09-02,A. Patel
5834,309,2023-08-13,L. Novak
5835,309,2023-08-12,A. Patel
5836,309,2023-10-02,R. Khan
5837,309,2023-09-17,J. Thompson
5838,309,2023-10-26,J. Thompson
5839,309,2023-11-10,L. Novak
5840,309,2023-11-28,S. Wong
5841,309,2023-12-14,L. Novak
5842,309,2023-12-10,L. Novak
5843,309,2024-01-18,R. Khan
5844,309,2024-02-01,L. Novak
5845,309,2024-01-24,L. Novak
5846,309,2024-02-10,A. Patel
5847,309,2024-03-28,S. Wong
5848,309,2024-05-21,L. Novak
5849,309,2024-05-23,S. Wong
5850,309,2024-07-24,M. Fernandez
5851,309,2024-07-15,J. Thompson
5852,309,2024-08-25,R. Khan
5853,309,2024-08-08,L. Novak
5854,309,2024-08-21,A. Patel
5855,311,2023-04-15,M. Fernandez
5856,311,2023-05-15,S. Wong
5857,311,2023-06-27,A. Patel
5858,311,2023-07-31,L. Novak
5859,311,2023-10-29,M. Fernandez
5860,311,2023-12-02,R. Khan
5861,312,2022-03-05,M. Fernandez
5862,312,2022-02-23,J. Thompson
5863,312,2022-03-27,J. Thompson
5864,312,2022-04-09,S. Wong
5865,312,2022-05-07,R. Khan
5866,312,2022-06-15,R. Khan
5867,312,2022-07-01,A. Patel
5868,312,2022-07-14,J. Thompson
5869,312,2022-07-23,R. Khan
5870,312,2022-08-04,R. Khan
5871,312,2022-08-27,M. Fernandez
5872,312,2022-09-30,A. Patel
5873,312,2022-11-14,R. Khan
5874,312,2022-11-09,L. Novak
5875,312,2022-11-15,R. Khan
5876,312,2022-11-14,M. Fernandez
5877,312,2022-11-23,M. Fernandez
5878,312,2023-01-09,R. Khan
5879,312,2023-01-03,J. Thompson
5880,312,2023-01-23,A. Patel
5881,312,2023-02-03,L. Novak
5882,312,2023-03-01,L. Novak
5883,312,2023-06-24,M. Fernandez
5884,312,2023-07-04,M. Fernandez
5885,312,2023-06-27,L. Novak
5886,312,2023-07-26,M. Fernandez
5887,312,2023-08-01,L. Novak
5888,312,2023-08-23,A. Patel
5889,312,2023-11-03,M. Fernandez
5890,312,2023-10-24,A. Patel
5891,312,2023-12-02,S. Wong
5892,312,2024-01-01,S. Wong
5893,312,2024-01-06,L. Novak
5894,312,2024-01-26,R. Khan
5895,312,2024-01-30,J. Thompson
5896,312,2024-01-13,A. Patel
5897,312,2024-03-22,R. Khan
5898,312,2024-03-20,J. Thompson
5899,312,2024-04-05,R. Khan
5900,312,2024-04-30,J. Thompson
5901,313,2024-05-25,M. Fernandez
5902,313,2024-05-26,L. Novak
5903,313,2024-07-09,R. Khan
5904,313,2024-07-26,M. Fernandez
5905,313,2024-09-05,M. Fernandez
5906,313,2024-09-09,M. Fernandez
5907,314,2022-04-26,R. Khan
5908,314,2022-05-08,S. Wong
5909,314,2022-06-10,J. Thompson
5910,314,2022-08-10,J. Thompson
5911,314,2022-08-19,A. Patel
5912,314,2022-09-29,S. Wong
5913,314,2022-10-09,A. Patel
5914,314,2022-11-25,L. Novak
5915,314,2022-12-12,A. Patel
5916,314,2022-12-19,A. Patel
5917,314,2023-01-27,M. Fernandez
5918,314,2023-01-26,S. Wong
5919,314,2023-02-27,R. Khan
5920,314,2023-04-09,R. Khan
5921,314,2023-03-30,M. Fernandez
5922,314,2023-05-05,L. Novak
5923,314,2023-05-03,J. Thompson
5924,314,2023-04-27,M. Fernandez
5925,314,2023-04-30,L. Novak
5926,314,2023-05-22,S. Wong
5927,314,2023-06-01,A. Patel
5928,314,2023-07-06,R. Khan
5929,314,2023-07-03,M. Fernandez
5930,314,2023-07-28,L. Novak
5931,314,2023-07-18,J. Thompson
5932,314,2023-08-20,R. Khan
5933,314,2023-08-24,L. Novak
5934,314,2023-08-23,J. Thompson
5935,314,2023-09-14,A. Patel
5936,314,2023-11-13,M. Fernandez
5937,314,2024-01-03,M. Fernandez
5938,314,2023-12-18,L. Novak
5939,314,2024-01-23,R. Khan
5940,314,2024-02-15,M. Fernandez
5941,315,2022-03-31,A. Patel
5942,315,2022-05-05,J. Thompson
5943,315,2022-05-08,M. Fernandez
5944,315,2022-05-17,L. Novak
5945,315,2022-09-14,S. Wong
5946,315,2022-10-01,S. Wong
5947,315,2022-12-12,R. Khan
5948,316,2022-12-14,S. Wong
5949,316,2022-12-31,L. Novak
5950,316,2022-12-08,S. Wong
5951,316,2022-12-20,R. Khan
5952,316,2022-12-31,S. Wong
5953,316,2022-12-11,R. Khan
5954,316,2022-12-18,A. Patel
5955,316,2022-12-30,S. Wong
5956,316,2022-12-22,A. Patel
5957,316,2023-01-10,A. Patel
5958,316,2023-01-18,R. Khan
5959,316,2023-02-03,A. Patel
5960,316,2023-01-30,A. Patel
5961,316,2023-02-24,A. Patel
5962,316,2023-02-11,R. Khan
5963,316,2023-02-18,L. Novak
5964,316,2023-04-02,M. Fernandez
5965,316,2023-03-22,S. Wong
5966,316,2023-04-02,S. Wong
5967,316,2023-04-29,R. Khan
5968,316,2023-04-11,J. Thompson
5969,316,2023-04-14,M. Fernandez
5970,316,2023-04-26,A. Patel
5971,316,2023-05-13,A. Patel
5972,316,2023-05-16,R. Khan
5973,316,2023-07-03,L. Novak
5974,316,2023-07-28,L. Novak
5975,316,2023-07-22,A. Patel
5976,316,2023-08-05,L. Novak
5977,316,2023-08-26,L. Novak
5978,316,2023-08-18,M. Fernandez
5979,316,2023-09-01,M. Fernandez
5980,316,2023-09-11,L. Novak
5981,316,2023-09-08,R. Khan
5982,316,2023-10-29,J. Thompson
5983,316,2023-10-06,M. Fernandez
5984,316,2023-11-28,S. Wong
5985,316,2023-11-21,S. Wong
5986,316,2023-11-15,M. Fernandez
5987,316,2023-11-15,M. Fernandez
5988,316,2023-12-24,M. Fernandez
5989,316,2023-12-19,A. Patel
5990,316,2024-01-14,S. Wong
5991,316,2024-01-23,M. Fernandez
5992,316,2024-01-19,L. Novak
5993,316,2024-01-28,L. Novak
5994,316,2024-02-25,M. Fernandez
5995,316,2024-02-05,J. Thompson
5996,316,2024-02-09,L. Novak
5997,316,2024-03-03,A. Patel
5998,316,2024-03-16,J. Thompson
5999,316,2024-04-17,S. Wong
6000,316,2024-05-24,R. Khan
6001,316,2024-05-22,L. Novak
6002,316,2024-05-25,S. Wong
6003,316,2024-06-30,S. Wong
6004,316,2024-07-20,S. Wong
6005,316,2024-08-03,A. Patel
6006,316,2024-09-10,R. Khan
6007,316,2024-09-07,A. Patel
6008,316,2024-09-24,L. Novak
6009,316,2024-09-18,M. Fernandez
6010,316,2024-10-07,A. Patel
6011,316,2024-10-20,L. Novak
6012,316,2024-09-28,S. Wong
6013,316,2024-10-21,L. Novak
6014,316,2024-11-01,M. Fernandez
6015,316,2024-11-16,S. Wong
6016,316,2024-11-14,A. Patel
6017,316,2024-11-03,S. Wong
6018,316,2024-11-11,M. Fernandez
6019,316,2024-12-04,A. Patel
6020,316,2024-12-21,M. Fernandez
6021,316,2024-12-01,J. Thompson
6022,317,2022-05-14,L. Novak
6023,318,2024-02-11,R. Khan
6024,318,2024-03-02,J. Thompson
6025,318,2024-02-16,A. Patel
6026,318,2024-04-11,A. Patel
6027,318,2024-04-02,J. Thompson
6028,318,2024-06-06,A. Patel
6029,318,2024-06-30,J. Thompson
6030,318,2024-06-23,M. Fernandez
6031,318,2024-07-01,A. Patel
6032,318,2024-07-27,A. Patel
6033,318,2024-08-12,J. Thompson
6034,318,2024-09-24,R. Khan
6035,318,2024-09-15,M. Fernandez
6036,318,2024-10-19,R. Khan
6037,318,2024-10-28,R. Khan
6038,318,2024-10-23,R. Khan
6039,318,2024-11-04,S. Wong
6040,318,2024-10-11,S. Wong
6041,319,2022-10-16,L. Novak
6042,319,2022-10-16,J. Thompson
6043,319,2022-11-13,S. Wong
6044,319,2022-11-26,J. Thompson
6045,319,2022-12-15,L. Novak
6046,319,2022-11-22,A. Patel
6047,319,2022-12-16,A. Patel
6048,319,2022-12-15,A. Patel
6049,319,2023-01-15,M. Fernandez
6050,319,2023-05-02,R. Khan
6051,319,2023-06-30,A. Patel
6052,319,2023-06-18,S. Wong
6053,319,2023-06-26,L. Novak
6054,319,2023-06-21,R. Khan
6055,319,2023-08-04,J. Thompson
6056,319,2023-08-07,A. Patel
6057,319,2023-09-04,R. Khan
6058,319,2023-09-12,M. Fernandez
6059,319,2023-11-02,L. Novak
6060,319,2023-10-21,R. Khan
6061,319,2023-10-30,A. Patel
6062,319,2023-10-26,S. Wong
6063,319,2023-11-20,R. Khan
6064,319,2023-11-28,R. Khan
6065,319,2023-11-16,L. Novak
6066,319,2023-11-28,J. Thompson
6067,319,2024-02-01,S. Wong
6068,319,2024-05-07,A. Patel
6069,319,2024-04-18,J. Thompson
6070,319,2024-05-06,J. Thompson
6071,319,2024-06-17,R. Khan
6072,320,2024-02-29,L. Novak
6073,320,2024-03-06,M. Fernandez
6074,320,2024-02-29,R. Khan
6075,320,2024-03-28,S. Wong
6076,320,2024-03-20,J. Thompson
6077,320,2024-05-18,S. Wong
6078,320,2024-05-27,M. Fernandez
6079,320,2024-07-04,L. Novak
6080,320,2024-08-24,J. Thompson
6081,320,2024-11-07,M. Fernandez
6082,320,2024-12-08,A. Patel
6083,321,2024-02-29,S. Wong
6084,321,2024-02-17,A. Patel
6085,321,2024-03-17,J. Thompson
6086,321,2024-04-14,S. Wong
6087,321,2024-05-01,L. Novak
6088,322,2023-10-31,R. Khan
6089,322,2023-10-31,R. Khan
6090,322,2023-12-08,L. Novak
6091,322,2024-01-06,J. Thompson
6092,322,2023-12-17,R. Khan
6093,322,2024-04-01,R. Khan
6094,322,2024-03-11,J. Thompson
6095,322,2024-03-28,R. Khan
6096,322,2024-04-10,A. Patel
6097,322,2024-04-15,R. Khan
6098,322,2024-04-14,A. Patel
6099,322,2024-06-02,L. Novak
6100,322,2024-06-02,S. Wong
6101,322,2024-05-12,S. Wong
6102,322,2024-06-13,L. Novak
6103,322,2024-08-05,M. Fernandez
6104,322,2024-07-29,L. Novak
6105,322,2024-09-18,J. Thompson
6106,322,2024-10-15,M. Fernandez
6107,322,2024-11-03,L. Novak
6108,322,2024-11-15,L. Novak
6109,322,2024-12-22,S. Wong
6110,322,2024-12-23,J. Thompson
6111,323,2023-03-28,A. Patel
6112,323,2023-03-31,J. Thompson
6113,323,2023-04-28,M. Fernandez
6114,323,2023-05-16,S. Wong
6115,323,2023-05-07,A. Patel
6116,323,2023-06-08,S. Wong
6117,323,2023-07-29,M. Fernandez
6118,323,2023-07-29,A. Patel
6119,323,2023-08-28,R. Khan
6120,323,2023-11-14,J. Thompson
6121,323,2023-12-19,J. Thompson
6122,323,2024-01-09,A. Patel
6123,323,2024-01-31,A. Patel
6124,323,2024-02-16,J. Thompson
6125,323,2024-01-26,A. Patel
6126,323,2024-04-17,A. Patel
6127,323,2024-04-15,S. Wong
6128,323,2024-03-26,S. Wong
6129,323,2024-04-22,R. Khan
6130,323,2024-05-10,R. Khan
6131,323,2024-06-02,L. Novak
6132,323,2024-05-26,L. Novak
6133,323,2024-06-16,M. Fernandez
6134,323,2024-07-16,S. Wong
6135,323,2024-07-31,L. Novak
6136,323,2024-08-08,A. Patel
6137,323,2024-08-19,J. Thompson
6138,323,2024-10-07,M. Fernandez
6139,323,2024-11-04,S. Wong
6140,323,2024-10-17,L. Novak
6141,323,2024-10-26,A. Patel
6142,323,2024-10-24,S. Wong
6143,323,2024-10-29,L. Novak
6144,323,2024-10-25,R. Khan
6145,323,2024-11-29,R. Khan
6146,323,2024-12-18,L. Novak
6147,324,2022-10-13,S. Wong
6148,324,2022-10-12,S. Wong
6149,324,2022-11-17,A. Patel
6150,324,2022-12-26,A. Patel
6151,325,2022-12-30,M. Fernandez
6152,325,2022-12-20,M. Fernandez
6153,325,2022-12-19,J. Thompson
6154,325,2023-01-02,S. Wong
6155,325,2022-12-25,J. Thompson
6156,325,2023-02-05,M. Fernandez
6157,325,2023-02-12,A. Patel
6158,325,2023-03-02,A. Patel
6159,325,2023-02-21,S. Wong
6160,325,2023-03-18,S. Wong
6161,325,2023-03-24,M. Fernandez
6162,325,2023-04-22,J. Thompson
6163,325,2023-06-01,S. Wong
6164,325,2023-06-05,S. Wong
6165,325,2023-07-01,J. Thompson
6166,325,2023-06-24,R. Khan
6167,325,2023-07-22,J. Thompson
6168,325,2023-08-26,R. Khan
6169,325,2023-09-16,J. Thompson
6170,325,2023-09-17,M. Fernandez
6171,325,2023-10-16,A. Patel
6172,325,2023-10-19,A. Patel
6173,325,2023-11-03,S. Wong
6174,325,2023-10-27,M. Fernandez
6175,325,2023-10-15,A. Patel
6176,325,2023-11-10,M. Fernandez
6177,325,2023-12-10,J. Thompson
6178,325,2023-12-12,A. Patel
6179,325,2024-01-18,R. Khan
6180,325,2024-02-29,A. Patel
6181,325,2024-03-04,L. Novak
6182,325,2024-03-10,A. Patel
6183,325,2024-03-12,M. Fernandez
6184,325,2024-04-22,R. Khan
6185,325,2024-04-09,J. Thompson
6186,325,2024-05-30,J. Thompson
6187,325,2024-05-26,L. Novak
6188,326,2024-05-12,S. Wong
6189,326,2024-05-14,J. Thompson
6190,326,2024-06-20,J. Thompson
6191,326,2024-06-26,S. Wong
6192,326,2024-07-13,J. Thompson
6193,326,2024-07-21,R. Khan
6194,327,2023-09-05,A. Patel
6195,327,2023-09-14,A. Patel
6196,327,2023-10-02,M. Fernandez
6197,327,2023-10-22,L. Novak
6198,327,2023-10-10,J. Thompson
6199,327,2023-10-31,R. Khan
6200,328,2024-04-08,A. Patel
6201,328,2024-03-23,M. Fernandez
6202,328,2024-03-27,R. Khan
6203,328,2024-10-03,R. Khan
6204,328,2024-10-25,S. Wong
6205,328,2024-10-24,R. Khan
6206,328,2024-11-03,L. Novak
6207,328,2024-11-27,S. Wong
6208,328,2024-12-28,M. Fernandez
6209,328,2024-12-31,J. Thompson
6210,328,2024-12-31,J. Thompson
6211,329,2022-07-29,A. Patel
6212,329,2022-08-17,S. Wong
6213,329,2022-08-20,A. Patel
6214,329,2022-10-02,A. Patel
6215,329,2022-09-26,R. Khan
6216,329,2022-09-18,M. Fernandez
6217,329,2022-10-23,S. Wong
6218,329,2022-10-22,S. Wong
6219,329,2022-10-22,R. Khan
6220,329,2022-11-06,R. Khan
6221,329,2022-11-22,M. Fernandez
6222,329,2022-12-30,R. Khan
6223,329,2023-01-15,A. Patel
6224,329,2023-01-26,J. Thompson
6225,329,2023-01-09,J. Thompson
6226,329,2023-01-18,J. Thompson
6227,329,2023-01-23,S. Wong
6228,329,2023-02-13,A. Patel
6229,329,2023-02-10,R. Khan
6230,329,2023-03-20,M. Fernandez
6231,329,2023-03-13,M. Fernandez
6232,329,2023-03-20,M. Fernandez
6233,329,2023-04-09,M. Fernandez
6234,329,2023-05-31,L. Novak
6235,329,2023-05-26,R. Khan
6236,329,2023-05-22,J. Thompson
6237,329,2023-05-11,S. Wong
6238,329,2023-07-02,M. Fernandez
6239,329,2023-07-01,L. Novak
6240,329,2023-07-07,R. Khan
6241,329,2023-07-14,M. Fernandez
6242,329,2023-08-25,J. Thompson
6243,329,2023-09-27,L. Novak
6244,329,2023-10-23,L. Novak
6245,329,2023-10-09,R. Khan
6246,329,2023-10-21,R. Khan
6247,329,2023-11-18,M. Fernandez
6248,329,2023-11-11,A. Patel
6249,329,2023-12-05,M. Fernandez
6250,329,2023-12-09,M. Fernandez
6251,329,2023-12-15,R. Khan
6252,329,2024-01-30,L. Novak
6253,329,2024-03-13,A. Patel
6254,329,2024-03-20,A. Patel
6255,329,2024-03-07,S. Wong
6256,329,2024-03-22,A. Patel
6257,329,2024-04-12,J. Thompson
6258,330,2022-03-30,M. Fernandez
6259,330,2022-03-09,J. Thompson
6260,330,2022-04-12,R. Khan
6261,330,2022-05-01,S. Wong
6262,330,2022-04-13,M. Fernandez
6263,330,2022-04-06,A. Patel
6264,330,2022-05-16,L. Novak
6265,330,2022-05-25,R. Khan
6266,330,2022-05-12,S. Wong
6267,330,2022-06-21,L. Novak
6268,330,2022-07-29,R. Khan
6269,330,2022-07-24,R. Khan
6270,330,2022-08-17,S. Wong
6271,330,2022-08-03,J. Thompson
6272,330,2022-08-08,A. Patel
6273,330,2022-09-10,A. Patel
6274,330,2022-10-08,J. Thompson
6275,330,2022-10-28,R. Khan
6276,330,2022-10-10,S. Wong
6277,330,2022-10-12,S. Wong
6278,330,2022-12-23,M. Fernandez
6279,330,2022-12-14,A. Patel
6280,330,2023-02-14,J. Thompson
6281,330,2023-02-04,A. Patel
6282,330,2023-03-10,S. Wong
6283,330,2023-04-09,L. Novak
6284,330,2023-05-22,M. Fernandez
6285,330,2023-05-05,S. Wong
6286,330,2023-06-16,R. Khan
6287,330,2023-07-17,A. Patel
6288,330,2023-07-17,M. Fernandez
6289,330,2023-07-24,L. Novak
6290,330,2023-07-28,J. Thompson
6291,330,2023-08-08,J. Thompson
6292,330,2023-09-16,R. Khan
6293,330,2023-09-11,S. Wong
6294,330,2023-09-22,A. Patel
6295,330,2023-09-13,R. Khan
6296,330,2023-09-21,A. Patel
6297,330,2023-10-08,A. Patel
6298,330,2023-10-10,M. Fernandez
6299,330,2023-11-07,L. Novak
6300,330,2024-01-10,A. Patel
6301,330,2024-01-19,A. Patel
6302,330,2024-01-08,S. Wong
6303,330,2024-01-08,S. Wong
6304,330,2024-02-03,R. Khan
6305,330,2024-03-20,A. Patel
6306,330,2024-03-08,A. Patel
6307,330,2024-03-13,A. Patel
6308,330,2024-03-03,M. Fernandez
6309,330,2024-03-04,R. Khan
6310,330,2024-03-01,L. Novak
6311,330,2024-04-15,M. Fernandez
6312,330,2024-03-27,S. Wong
6313,330,2024-05-16,J. Thompson
6314,330,2024-05-02,R. Khan
6315,330,2024-05-04,J. Thompson
6316,330,2024-05-08,L. Novak
6317,330,2024-05-11,M. Fernandez
6318,330,2024-05-08,L. Novak
6319,330,2024-06-17,R. Khan
6320,330,2024-07-13,J. Thompson
6321,330,2024-07-06,L. Novak
6322,332,2023-09-29,R. Khan
6323,332,2023-10-10,S. Wong
6324,332,2023-10-02,R. Khan
6325,332,2023-11-17,J. Thompson
6326,332,2023-10-24,L. Novak
6327,332,2023-11-24,M. Fernandez
6328,332,2024-01-11,R. Khan
6329,332,2024-01-28,S. Wong
6330,332,2024-03-11,R. Khan
6331,332,2024-03-09,L. Novak
6332,332,2024-03-16,J. Thompson
6333,332,2024-06-02,L. Novak
6334,332,2024-06-04,S. Wong
6335,333,2023-02-11,R. Khan
6336,333,2023-02-07,R. Khan
6337,333,2023-02-07,A. Patel
6338,333,2023-03-30,L. Novak
6339,333,2023-05-04,M. Fernandez
6340,333,2023-04-22,J. Thompson
6341,333,2023-05-24,A. Patel
6342,333,2023-05-08,A. Patel
6343,333,2023-06-04,M. Fernandez
6344,333,2023-05-29,L. Novak
6345,333,2023-05-14,A. Patel
6346,333,2023-06-28,M. Fernandez
6347,333,2023-06-14,L. Novak
6348,333,2023-06-09,R. Khan
6349,333,2023-07-31,R. Khan
6350,333,2023-08-30,A. Patel
6351,333,2023-08-18,A. Patel
6352,333,2023-09-11,S. Wong
6353,333,2023-09-18,R. Khan
6354,333,2023-10-11,M. Fernandez
6355,333,2023-10-13,A. Patel
6356,333,2023-11-29,R. Khan
6357,333,2023-11-22,L. Novak
6358,333,2023-12-14,J. Thompson
6359,333,2024-01-08,S. Wong
6360,333,2024-01-30,R. Khan
6361,333,2024-01-22,S. Wong
6362,333,2024-02-18,M. Fernandez
6363,333,2024-02-15,L. Novak
6364,333,2024-02-11,J. Thompson
6365,333,2024-03-11,A. Patel
6366,333,2024-03-18,S. Wong
6367,333,2024-04-12,L. Novak
6368,333,2024-05-27,L. Novak
6369,333,2024-05-14,L. Novak
6370,333,2024-06-16,R. Khan
6371,333,2024-07-12,R. Khan
6372,333,2024-07-05,A. Patel
6373,333,2024-07-06,A. Patel
6374,333,2024-08-23,A. Patel
6375,333,2024-08-10,R. Khan
6376,333,2024-08-05,R. Khan
6377,333,2024-08-18,R. Khan
6378,333,2024-10-24,R. Khan
6379,333,2024-10-14,R. Khan
6380,333,2024-11-18,J. Thompson
6381,333,2024-11-19,A. Patel
6382,334,2023-01-03,J. Thompson
6383,334,2022-12-29,S. Wong
6384,334,2023-02-01,S. Wong
6385,334,2023-01-29,M. Fernandez
6386,334,2023-01-12,A. Patel
6387,334,2023-02-04,R. Khan
6388,334,2023-03-03,M. Fernandez
6389,334,2023-04-07,A. Patel
6390,334,2023-04-03,L. Novak
6391,334,2023-03-27,J. Thompson
6392,334,2023-05-16,J. Thompson
6393,334,2023-05-16,A. Patel
6394,334,2023-06-25,A. Patel
6395,334,2023-08-06,L. Novak
6396,334,2023-08-01,L. Novak
6397,334,2023-09-01,S. Wong
6398,334,2023-10-19,A. Patel
6399,334,2024-01-30,M. Fernandez
6400,334,2024-01-29,A. Patel
6401,334,2024-02-08,A. Patel
6402,334,2024-03-31,M. Fernandez
6403,334,2024-04-11,J. Thompson
6404,334,2024-04-12,S. Wong
6405,334,2024-04-10,J. Thompson
6406,334,2024-05-10,L. Novak
6407,334,2024-06-13,L. Novak
6408,334,2024-07-11,S. Wong
6409,334,2024-08-17,R. Khan
6410,334,2024-08-31,R. Khan
6411,334,2024-09-25,S. Wong
6412,334,2024-10-29,S. Wong
6413,334,2024-10-12,A. Patel
6414,334,2024-10-11,M. Fernandez
6415,334,2024-11-14,A. Patel
6416,334,2024-11-02,A. Patel
6417,334,2024-11-02,A. Patel
6418,334,2024-11-17,S. Wong
6419,334,2024-11-28,L. Novak
6420,334,2024-12-20,J. Thompson
6421,335,2022-12-14,A. Patel
6422,336,2022-10-09,L. Novak
6423,337,2022-04-16,M. Fernandez
6424,337,2022-05-16,J. Thompson
6425,337,2022-04-25,M. Fernandez
6426,337,2022-06-13,M. Fernandez
6427,337,2022-07-16,A. Patel
6428,337,2022-07-03,L. Novak
6429,337,2022-07-24,A. Patel
6430,337,2022-08-02,J. Thompson
6431,337,2022-09-04,J. Thompson
6432,337,2022-12-07,J. Thompson
6433,337,2022-11-28,R. Khan
6434,337,2023-01-14,R. Khan
6435,337,2023-01-15,R. Khan
6436,337,2023-03-09,J. Thompson
6437,337,2023-03-14,M. Fernandez
6438,337,2023-03-30,L. Novak
6439,337,2023-04-29,S. Wong
6440,338,2024-01-11,S. Wong
6441,338,2024-02-09,M. Fernandez
6442,338,2024-01-26,L. Novak
6443,338,2024-02-27,A. Patel
6444,338,2024-02-16,A. Patel
6445,338,2024-02-18,J. Thompson
6446,338,2024-03-02,R. Khan
6447,338,2024-08-21,S. Wong
6448,339,2022-04-17,R. Khan
6449,339,2022-05-18,S. Wong
6450,339,2022-04-30,L. Novak
6451,339,2022-06-15,L. Novak
6452,339,2022-07-29,L. Novak
6453,339,2022-09-19,J. Thompson
6454,339,2022-09-09,L. Novak
6455,339,2023-02-02,L. Novak
6456,339,2023-03-26,R. Khan
6457,339,2023-05-04,L. Novak
6458,339,2023-05-10,A. Patel
6459,340,2022-05-26,R. Khan
6460,340,2022-08-06,L. Novak
6461,340,2022-07-31,L. Novak
6462,340,2022-09-05,A. Patel
6463,340,2022-11-20,J. Thompson
6464,341,2023-01-15,S. Wong
6465,341,2023-01-18,A. Patel
6466,341,2023-01-26,R. Khan
6467,341,2023-02-15,L. Novak
6468,341,2023-04-01,R. Khan
6469,341,2023-04-22,J. Thompson
6470,341,2023-04-08,S. Wong
6471,341,2023-05-27,A. Patel
6472,341,2023-05-26,L. Novak
6473,341,2023-07-01,S. Wong
6474,341,2023-08-01,J. Thompson
6475,341,2023-07-25,A. Patel
6476,341,2023-08-22,J. Thompson
6477,341,2023-08-26,L. Novak
6478,341,2023-08-17,R. Khan
6479,341,2023-10-24,A. Patel
6480,341,2023-10-27,J. Thompson
6481,341,2023-11-09,M. Fernandez
6482,341,2023-12-16,J. Thompson
6483,341,2023-12-08,J. Thompson
6484,341,2023-12-17,S. Wong
6485,341,2024-04-13,R. Khan
6486,341,2024-04-22,M. Fernandez
6487,341,2024-04-14,A. Patel
6488,341,2024-05-13,A. Patel
6489,341,2024-07-08,M. Fernandez
6490,341,2024-09-22,S. Wong
6491,341,2024-08-31,R. Khan
6492,342,2023-01-30,L. Novak
6493,342,2023-07-24,A. Patel
6494,343,2022-07-05,J. Thompson
6495,343,2022-06-08,M. Fernandez
6496,343,2022-06-30,M. Fernandez
6497,343,2022-06-16,M. Fernandez
6498,343,2022-06-18,A. Patel
6499,343,2022-07-30,M. Fernandez
6500,343,2022-10-30,R. Khan
6501,343,2022-10-10,S. Wong
6502,343,2022-11-06,M. Fernandez
6503,343,2022-11-27,L. Novak
6504,343,2022-12-17,L. Novak
6505,344,2024-03-05,L. Novak
6506,344,2024-03-18,S. Wong
6507,344,2024-04-11,A. Patel
6508,344,2024-05-13,A. Patel
6509,344,2024-05-20,A. Patel
6510,344,2024-06-04,R. Khan
6511,344,2024-06-17,A. Patel
6512,344,2024-07-31,S. Wong
6513,344,2024-10-13,L. Novak
6514,344,2024-11-19,L. Novak
6515,344,2024-11-15,A. Patel
6516,344,2024-11-29,A. Patel
6517,345,2024-02-24,S. Wong
6518,345,2024-02-29,S. Wong
6519,345,2024-04-11,J. Thompson
6520,345,2024-04-14,S. Wong
6521,345,2024-05-18,A. Patel
6522,345,2024-05-04,S. Wong
6523,345,2024-05-25,S. Wong
6524,345,2024-07-15,L. Novak
6525,345,2024-06-28,S. Wong
6526,345,2024-07-15,S. Wong
6527,345,2024-08-26,L. Novak
6528,345,2024-09-18,R. Khan
6529,345,2024-11-16,M. Fernandez
6530,345,2024-11-16,M. Fernandez
6531,345,2024-11-26,S. Wong
6532,345,2024-12-07,R. Khan
6533,346,2022-07-08,L. Novak
6534,346,2022-06-30,A. Patel
6535,346,2022-08-01,R. Khan
6536,346,2022-07-28,R. Khan
6537,346,2022-08-19,R. Khan
6538,346,2022-09-07,A. Patel
6539,346,2022-08-15,M. Fernandez
6540,346,2022-10-04,R. Khan
6541,346,2022-11-05,S. Wong
6542,346,2022-12-09,L. Novak
6543,346,2022-12-09,M. Fernandez
6544,346,2022-12-27,R. Khan
6545,346,2023-01-29,L. Novak
6546,346,2023-02-02,M. Fernandez
6547,346,2023-02-06,A. Patel
6548,346,2023-03-02,A. Patel
6549,346,2023-03-29,S. Wong
6550,346,2023-03-16,S. Wong
6551,346,2023-03-29,L. Novak
6552,346,2023-05-13,S. Wong
6553,346,2023-05-27,M. Fernandez
6554,346,2023-05-19,J. Thompson
6555,346,2023-06-25,R. Khan
6556,346,2023-07-20,S. Wong
6557,346,2023-07-12,M. Fernandez
6558,346,2023-07-12,R. Khan
6559,346,2023-08-01,S. Wong
6560,346,2023-08-25,R. Khan
6561,346,2023-08-10,M. Fernandez
6562,346,2023-08-21,L. Novak
6563,346,2023-08-31,L. Novak
6564,346,2023-09-28,J. Thompson
6565,346,2023-10-09,L. Novak
6566,346,2023-11-19,R. Khan
6567,346,2023-11-30,L. Novak
6568,346,2023-11-21,M. Fernandez
6569,346,2023-12-04,J. Thompson
6570,346,2023-11-29,L. Novak
6571,346,2023-12-09,M. Fernandez
6572,346,2023-12-17,A. Patel
6573,346,2023-12-17,A. Patel
6574,346,2023-12-22,R. Khan
6575,346,2024-02-01,S. Wong
6576,346,2024-01-10,L. Novak
6577,346,2024-01-22,A. Patel
6578,346,2024-02-01,M. Fernandez
6579,346,2024-01-23,A. Patel
6580,346,2024-01-08,R. Khan
6581,346,2024-03-03,M. Fernandez
6582,346,2024-02-27,M. Fernandez
6583,346,2024-03-25,R. Khan
6584,346,2024-03-18,J. Thompson
6585,346,2024-03-25,A. Patel
6586,346,2024-04-08,L. Novak
6587,346,2024-05-22,M. Fernandez
6588,346,2024-05-14,S. Wong
6589,346,2024-05-29,M. Fernandez
6590,346,2024-06-01,R. Khan
6591,346,2024-06-06,L. Novak
6592,346,2024-06-13,L. Novak
6593,346,2024-07-02,S. Wong
6594,346,2024-06-20,L. Novak
6595,346,2024-07-02,M. Fernandez
6596,346,2024-07-21,S. Wong
6597,346,2024-08-31,M. Fernandez
6598,346,2024-08-21,M. Fernandez
6599,346,2024-09-08,R. Khan
6600,346,2024-09-18,L. Novak
6601,346,2024-10-11,S. Wong
6602,346,2024-10-08,S. Wong
6603,346,2024-10-14,J. Thompson
6604,346,2024-10-19,R. Khan
6605,346,2024-10-18,M. Fernandez
6606,346,2024-11-10,S. Wong
6607,347,2023-03-28,R. Khan
6608,347,2023-04-16,J. Thompson
6609,347,2023-04-07,J. Thompson
6610,347,2023-04-12,J. Thompson
6611,347,2023-08-11,A. Patel
6612,347,2023-08-18,M. Fernandez
6613,347,2023-08-05,L. Novak
6614,347,2023-09-02,S. Wong
6615,347,2023-10-28,A. Patel
6616,347,2023-11-09,M. Fernandez
6617,347,2023-11-21,J. Thompson
6618,347,2023-11-29,J. Thompson
6619,347,2024-01-15,S. Wong
6620,347,2024-01-13,S. Wong
6621,347,2024-02-01,L. Novak
6622,347,2024-02-02,M. Fernandez
6623,347,2024-02-08,A. Patel
6624,347,2024-01-19,S. Wong
6625,347,2024-01-31,S. Wong
6626,347,2024-03-11,M. Fernandez
6627,347,2024-03-05,S. Wong
6628,347,2024-06-09,M. Fernandez
6629,347,2024-06-17,J. Thompson
6630,347,2024-06-19,J. Thompson
6631,347,2024-06-18,M. Fernandez
6632,347,2024-08-02,M. Fernandez
6633,347,2024-07-22,L. Novak
6634,347,2024-07-18,J. Thompson
6635,347,2024-07-24,L. Novak
6636,347,2024-09-02,S. Wong
6637,347,2024-09-09,J. Thompson
6638,347,2024-08-16,J. Thompson
6639,348,2023-11-12,S. Wong
6640,348,2023-11-04,L. Novak
6641,348,2023-12-03,S. Wong
6642,348,2023-11-17,R. Khan
6643,348,2023-12-01,A. Patel
6644,348,2023-11-22,L. Novak
6645,348,2023-11-28,L. Novak
6646,348,2023-12-30,J. Thompson
6647,348,2024-01-13,S. Wong
6648,348,2023-12-25,M. Fernandez
6649,348,2024-01-27,L. Novak
6650,348,2024-02-22,L. Novak
6651,348,2024-03-27,S. Wong
6652,348,2024-04-07,J. Thompson
6653,348,2024-03-26,M. Fernandez
6654,348,2024-05-04,L. Novak
6655,348,2024-04-29,L. Novak
6656,348,2024-04-18,A. Patel
6657,348,2024-05-26,R. Khan
6658,348,2024-05-29,J. Thompson
6659,348,2024-05-24,M. Fernandez
6660,348,2024-05-30,L. Novak
6661,348,2024-08-05,J. Thompson
6662,348,2024-08-02,M. Fernandez
6663,348,2024-07-28,A. Patel
6664,348,2024-08-10,S. Wong
6665,348,2024-08-02,M. Fernandez
6666,348,2024-09-08,M. Fernandez
6667,348,2024-08-14,S. Wong
6668,348,2024-08-23,J. Thompson
6669,348,2024-08-17,L. Novak
6670,348,2024-10-09,J. Thompson
6671,348,2024-10-05,R. Khan
6672,348,2024-10-19,J. Thompson
6673,348,2024-10-13,M. Fernandez
6674,348,2024-10-15,M. Fernandez
6675,348,2024-11-19,J. Thompson
6676,348,2024-11-15,L. Novak
6677,349,2022-11-23,S. Wong
6678,349,2022-12-02,M. Fernandez
6679,350,2023-12-11,M. Fernandez
6680,350,2023-11-26,M. Fernandez
6681,350,2024-02-14,S. Wong
6682,350,2024-03-15,A. Patel
6683,350,2024-03-21,M. Fernandez
6684,350,2024-03-02,R. Khan
6685,350,2024-03-29,L. Novak
6686,350,2024-04-15,R. Khan
6687,350,2024-06-26,A. Patel
6688,350,2024-08-18,M. Fernandez
6689,350,2024-08-26,A. Patel
6690,350,2024-09-25,S. Wong
6691,351,2023-03-14,L. Novak
6692,351,2023-04-08,L. Novak
6693,351,2023-04-29,J. Thompson
6694,351,2023-05-19,J. Thompson
6695,351,2023-06-22,A. Patel
6696,351,2023-07-22,R. Khan
6697,351,2023-08-17,L. Novak
6698,351,2023-10-12,M. Fernandez
6699,351,2023-12-19,S. Wong
6700,351,2023-11-27,M. Fernandez
6701,351,2023-12-10,R. Khan
6702,351,2023-11-29,M. Fernandez
6703,351,2024-01-14,M. Fernandez
6704,351,2024-01-16,L. Novak
6705,352,2022-08-06,A. Patel
6706,352,2022-08-02,J. Thompson
6707,352,2022-09-26,A. Patel
6708,352,2022-10-14,L. Novak
6709,352,2022-09-29,A. Patel
6710,352,2022-12-09,M. Fernandez
6711,352,2022-11-22,R. Khan
6712,352,2023-01-02,L. Novak
6713,352,2023-03-24,R. Khan
6714,352,2023-04-08,R. Khan
6715,353,2023-10-21,L. Novak
6716,353,2023-10-31,R. Khan
6717,353,2023-10-23,J. Thompson
6718,353,2023-11-27,L. Novak
6719,353,2023-12-20,A. Patel
6720,353,2024-01-05,A. Patel
6721,353,2024-01-27,A. Patel
6722,353,2024-02-09,J. Thompson
6723,353,2024-05-24,M. Fernandez
6724,353,2024-05-24,R. Khan
6725,353,2024-05-31,S. Wong
6726,353,2024-06-07,L. Novak
6727,353,2024-06-09,L. Novak
6728,353,2024-09-13,J. Thompson
6729,353,2024-10-15,L. Novak
6730,353,2024-11-06,L. Novak
6731,353,2024-10-25,J. Thompson
6732,353,2024-10-25,S. Wong
6733,354,2024-06-04,R. Khan
6734,354,2024-05-28,L. Novak
6735,354,2024-07-07,S. Wong
6736,354,2024-07-30,A. Patel
6737,354,2024-08-02,S. Wong
6738,354,2024-08-04,A. Patel
6739,354,2024-08-23,J. Thompson
6740,354,2024-09-23,R. Khan
6741,354,2024-11-04,R. Khan
6742,354,2024-11-26,M. Fernandez
6743,354,2024-11-16,R. Khan
6744,355,2022-07-01,M. Fernandez
6745,355,2022-06-20,R. Khan
6746,355,2022-10-25,A. Patel
6747,355,2022-11-08,J. Thompson
6748,355,2022-11-28,R. Khan
6749,355,2022-11-26,J. Thompson
6750,355,2022-11-18,R. Khan
6751,355,2022-11-19,L. Novak
6752,355,2022-12-25,M. Fernandez
6753,355,2022-12-24,L. Novak
6754,355,2023-02-16,S. Wong
6755,355,2023-04-11,S. Wong
6756,355,2023-05-20,M. Fernandez
6757,355,2023-08-23,S. Wong
6758,355,2023-09-15,M. Fernandez
6759,355,2023-10-30,M. Fernandez
6760,356,2023-05-10,A. Patel
6761,356,2023-05-05,A. Patel
6762,356,2023-05-10,S. Wong
6763,356,2023-05-02,S. Wong
6764,356,2023-05-05,A. Patel
6765,356,2023-06-11,J. Thompson
6766,356,2023-06-02,M. Fernandez
6767,356,2023-05-28,L. Novak
6768,356,2023-06-16,M. Fernandez
6769,356,2023-06-24,M. Fernandez
6770,356,2023-07-01,L. Novak
6771,356,2023-07-30,M. Fernandez
6772,356,2023-07-22,J. Thompson
6773,356,2023-07-24,R. Khan
6774,356,2023-09-14,J. Thompson
6775,356,2023-10-15,R. Khan
6776,356,2023-10-23,L. Novak
6777,356,2023-10-27,R. Khan
6778,356,2023-11-29,L. Novak
6779,356,2023-12-19,L. Novak
6780,356,2023-12-20,R. Khan
6781,356,2024-01-24,S. Wong
6782,356,2024-03-14,R. Khan
6783,356,2024-03-15,L. Novak
6784,356,2024-03-31,J. Thompson
6785,356,2024-05-05,M. Fernandez
6786,356,2024-06-11,J. Thompson
6787,356,2024-05-29,S. Wong
6788,356,2024-08-09,L. Novak
6789,356,2024-08-19,S. Wong
6790,356,2024-08-15,A. Patel
6791,356,2024-09-28,J. Thompson
6792,356,2024-10-05,M. Fernandez
6793,356,2024-09-24,L. Novak
6794,356,2024-10-06,J. Thompson
6795,357,2023-02-11,S. Wong
6796,357,2023-02-13,A. Patel
6797,357,2023-04-07,A. Patel
6798,357,2023-04-15,R. Khan
6799,357,2023-06-06,S. Wong
6800,357,2023-07-15,J. Thompson
6801,357,2023-07-19,R. Khan
6802,357,2023-07-14,M. Fernandez
6803,357,2023-08-11,J. Thompson
6804,357,2023-08-16,R. Khan
6805,357,2023-08-06,J. Thompson
6806,357,2023-09-05,R. Khan
6807,357,2023-09-03,M. Fernandez
6808,357,2023-09-05,A. Patel
6809,357,2023-10-06,R. Khan
6810,357,2023-10-22,R. Khan
6811,357,2023-10-28,A. Patel
6812,357,2023-11-12,R. Khan
6813,357,2023-11-02,A. Patel
6814,357,2023-12-01,M. Fernandez
6815,357,2023-12-21,A. Patel
6816,357,2023-12-30,M. Fernandez
6817,357,2024-01-15,S. Wong
6818,357,2024-02-03,R. Khan
6819,357,2024-04-02,L. Novak
6820,357,2024-04-02,S. Wong
6821,357,2024-04-02,R. Khan
6822,357,2024-05-22,M. Fernandez
6823,357,2024-07-18,L. Novak
6824,357,2024-12-28,R. Khan
6825,357,2024-12-26,L. Novak
6826,358,2023-06-12,M. Fernandez
6827,358,2023-07-25,R. Khan
6828,358,2023-07-08,S. Wong
6829,358,2023-07-05,L. Novak
6830,358,2023-07-13,A. Patel
6831,358,2023-08-22,A. Patel
6832,358,2023-08-20,S. Wong
6833,358,2023-07-30,R. Khan
6834,358,2023-09-01,L. Novak
6835,358,2023-09-11,S. Wong
6836,358,2023-09-08,A. Patel
6837,358,2023-09-09,M. Fernandez
6838,358,2023-09-08,L. Novak
6839,358,2023-09-02,R. Khan
6840,358,2023-10-15,M. Fernandez
6841,358,2023-10-24,A. Patel
6842,358,2023-11-20,J. Thompson
6843,358,2023-11-09,J. Thompson
6844,358,2023-10-31,L. Novak
6845,358,2023-11-07,S. Wong
6846,358,2023-12-15,L. Novak
6847,358,2023-12-20,M. Fernandez
6848,358,2023-12-08,J. Thompson
6849,358,2023-12-06,J. Thompson
6850,358,2024-01-07,L. Novak
6851,358,2024-02-16,R. Khan
6852,358,2024-03-13,R. Khan
6853,358,2024-03-18,M. Fernandez
6854,358,2024-04-18,S. Wong
6855,358,2024-05-31,J. Thompson
6856,358,2024-06-04,L. Novak
6857,358,2024-05-28,J. Thompson
6858,358,2024-07-17,R. Khan
6859,358,2024-06-30,J. Thompson
6860,358,2024-06-23,R. Khan
6861,358,2024-07-24,J. Thompson
6862,358,2024-07-30,J. Thompson
6863,358,2024-09-11,R. Khan
6864,358,2024-09-11,A. Patel
6865,358,2024-09-06,R. Khan
6866,358,2024-09-05,J. Thompson
6867,358,2024-10-11,L. Novak
6868,358,2024-10-06,S. Wong
6869,358,2024-10-11,S. Wong
6870,358,2024-09-30,M. Fernandez
6871,358,2024-11-05,L. Novak
6872,358,2024-12-03,M. Fernandez
6873,358,2024-12-26,L. Novak
6874,358,2024-12-26,L. Novak
6875,359,2022-08-26,L. Novak
6876,359,2022-10-23,L. Novak
6877,359,2022-11-05,S. Wong
6878,359,2022-11-27,A. Patel
6879,359,2022-12-05,R. Khan
6880,359,2022-12-27,M. Fernandez
6881,359,2023-01-06,L. Novak
6882,359,2022-12-26,A. Patel
6883,359,2023-01-01,S. Wong
6884,359,2023-02-04,S. Wong
6885,359,2023-02-27,S. Wong
6886,359,2023-05-11,R. Khan
6887,359,2023-05-02,R. Khan
6888,359,2023-05-08,A. Patel
6889,359,2023-06-19,M. Fernandez
6890,359,2023-07-19,J. Thompson
6891,359,2023-10-23,R. Khan
6892,359,2023-10-18,R. Khan
6893,360,2022-06-09,R. Khan
6894,360,2022-07-17,M. Fernandez
6895,360,2022-07-10,S. Wong
6896,360,2022-07-30,R. Khan
6897,360,2022-09-20,A. Patel
6898,360,2022-10-31,L. Novak
6899,360,2022-11-03,L. Novak
6900,360,2022-11-08,L. Novak
6901,360,2022-12-01,L. Novak
6902,360,2022-12-10,M. Fernandez
6903,360,2022-12-08,A. Patel
6904,360,2022-11-29,A. Patel
6905,360,2023-01-07,L. Novak
6906,360,2023-02-08,J. Thompson
6907,360,2023-02-03,S. Wong
6908,360,2023-03-11,R. Khan
6909,360,2023-05-03,A. Patel
6910,360,2023-04-25,R. Khan
6911,360,2023-05-08,M. Fernandez
6912,360,2023-05-25,M. Fernandez
6913,360,2023-06-02,S. Wong
6914,360,2023-07-19,J. Thompson
6915,360,2023-07-18,R. Khan
6916,360,2023-07-18,L. Novak
6917,360,2023-07-24,L. Novak
6918,360,2023-07-26,R. Khan
6919,360,2023-09-17,M. Fernandez
6920,360,2023-09-16,R. Khan
6921,360,2023-10-03,A. Patel
6922,360,2023-10-08,A. Patel
6923,360,2023-10-26,J. Thompson
6924,360,2023-12-18,R. Khan
6925,360,2023-12-11,J. Thompson
6926,360,2024-01-01,M. Fernandez
6927,360,2023-12-26,A. Patel
6928,360,2024-02-05,S. Wong
6929,360,2024-03-06,R. Khan
6930,360,2024-02-29,M. Fernandez
6931,360,2024-02-19,M. Fernandez
6932,360,2024-06-02,M. Fernandez
6933,360,2024-07-09,L. Novak
6934,360,2024-07-20,J. Thompson
6935,360,2024-07-19,J. Thompson
6936,360,2024-08-04,S. Wong
6937,361,2024-06-01,A. Patel
6938,361,2024-06-19,J. Thompson
6939,361,2024-06-04,R. Khan
6940,361,2024-07-30,A. Patel
6941,361,2024-09-08,L. Novak
6942,361,2024-11-02,R. Khan
6943,361,2024-11-27,A. Patel
6944,361,2024-12-02,M. Fernandez
6945,361,2024-12-29,M. Fernandez
6946,362,2022-06-10,R. Khan
6947,362,2022-07-02,A. Patel
6948,362,2022-07-24,L. Novak
6949,363,2024-01-31,S. Wong
6950,363,2024-01-15,L. Novak
6951,363,2024-02-11,J. Thompson
6952,363,2024-02-09,M. Fernandez
6953,363,2024-03-07,A. Patel
6954,363,2024-02-20,J. Thompson
6955,363,2024-02-22,R. Khan
6956,363,2024-03-03,M. Fernandez
6957,363,2024-03-16,J. Thompson
6958,363,2024-04-25,R. Khan
6959,363,2024-04-22,R. Khan
6960,363,2024-04-26,A. Patel
6961,363,2024-05-19,S. Wong
6962,363,2024-06-03,J. Thompson
6963,363,2024-07-01,M. Fernandez
6964,363,2024-07-23,S. Wong
6965,363,2024-08-15,A. Patel
6966,363,2024-09-13,A. Patel
6967,363,2024-10-01,J. Thompson
6968,363,2024-09-21,M. Fernandez
6969,363,2024-09-15,A. Patel
6970,363,2024-11-06,L. Novak
6971,363,2024-12-01,L. Novak
6972,363,2024-12-02,S. Wong
6973,363,2024-12-04,S. Wong
6974,363,2024-12-15,A. Patel
6975,363,2024-12-11,J. Thompson
6976,364,2022-11-16,A. Patel
6977,364,2022-11-18,A. Patel
6978,364,2022-10-26,M. Fernandez
6979,364,2022-11-18,J. Thompson
6980,364,2023-04-29,M. Fernandez
6981,365,2023-03-31,L. Novak
6982,365,2023-05-01,J. Thompson
6983,365,2023-06-23,R. Khan
6984,365,2023-06-24,R. Khan
6985,365,2023-06-19,M. Fernandez
6986,365,2023-07-06,M. Fernandez
6987,365,2023-09-23,A. Patel
6988,365,2023-10-29,L. Novak
6989,365,2023-10-23,L. Novak
6990,365,2023-11-03,R. Khan
6991,365,2023-11-13,M. Fernandez
6992,365,2023-12-04,S. Wong
6993,365,2023-12-17,M. Fernandez
6994,365,2023-12-20,S. Wong
6995,365,2024-04-03,L. Novak
6996,365,2024-05-18,R. Khan
6997,365,2024-08-14,R. Khan
6998,365,2024-08-09,M. Fernandez
6999,365,2024-09-22,L. Novak
7000,365,2024-11-06,S. Wong
7001,365,2024-11-17,J. Thompson
7002,365,2024-12-01,M. Fernandez
7003,365,2024-12-07,A. Patel
7004,365,2024-12-05,L. Novak
7005,366,2024-05-11,A. Patel
7006,366,2024-06-05,L. Novak
7007,366,2024-06-11,A. Patel
7008,366,2024-07-21,M. Fernandez
7009,366,2024-08-23,R. Khan
7010,366,2024-08-08,J. Thompson
7011,366,2024-09-25,L. Novak
7012,366,2024-09-22,A. Patel
7013,366,2024-11-10,L. Novak
7014,366,2024-11-27,M. Fernandez
7015,366,2024-12-29,A. Patel
7016,366,2024-12-27,J. Thompson
7017,367,2023-11-06,M. Fernandez
7018,367,2023-10-13,A. Patel
7019,367,2023-10-16,S. Wong
7020,367,2023-11-25,A. Patel
7021,367,2023-12-04,L. Novak
7022,367,2023-12-20,S. Wong
7023,367,2023-12-20,R. Khan
7024,367,2023-12-22,J. Thompson
7025,367,2024-03-12,J. Thompson
7026,367,2024-03-17,L. Novak
7027,367,2024-05-17,J. Thompson
7028,367,2024-06-22,L. Novak
7029,367,2024-07-13,M. Fernandez
7030,367,2024-07-29,R. Khan
7031,367,2024-08-10,A. Patel
7032,367,2024-08-18,S. Wong
7033,367,2024-08-22,R. Khan
7034,367,2024-09-30,R. Khan
7035,367,2024-10-05,L. Novak
7036,367,2024-10-30,J. Thompson
7037,367,2024-10-07,M. Fernandez
7038,367,2024-10-07,L. Novak
7039,367,2024-10-30,M. Fernandez
7040,367,2024-10-29,M. Fernandez
7041,367,2024-10-30,A. Patel
7042,367,2024-11-05,M. Fernandez
7043,367,2024-11-28,R. Khan
7044,367,2024-11-12,M. Fernandez
7045,367,2024-12-22,R. Khan
7046,367,2024-12-10,J. Thompson
7047,367,2024-12-17,J. Thompson
7048,368,2023-04-09,A. Patel
7049,368,2023-05-22,M. Fernandez
7050,368,2023-07-25,L. Novak
7051,368,2023-08-03,A. Patel
7052,368,2023-07-26,A. Patel
7053,368,2023-08-31,R. Khan
7054,369,2023-04-08,S. Wong
7055,369,2023-06-10,R. Khan
7056,369,2023-06-07,A. Patel
7057,369,2023-06-08,R. Khan
7058,369,2023-07-15,A. Patel
7059,369,2023-07-04,M. Fernandez
7060,369,2023-08-14,S. Wong
7061,369,2023-08-07,S. Wong
7062,369,2023-08-30,L. Novak
7063,369,2023-10-26,R. Khan
7064,369,2023-11-23,L. Novak
7065,369,2023-12-11,R. Khan
7066,369,2024-03-22,M. Fernandez
7067,369,2024-03-22,J. Thompson
7068,369,2024-04-20,M. Fernandez
7069,369,2024-04-08,S. Wong
7070,369,2024-05-03,A. Patel
7071,369,2024-06-15,M. Fernandez
7072,369,2024-07-20,L. Novak
7073,369,2024-08-27,R. Khan
7074,369,2024-08-28,M. Fernandez
7075,369,2024-10-20,S. Wong
7076,369,2024-11-13,A. Patel
7077,369,2024-12-14,L. Novak
7078,369,2024-12-12,R. Khan
7079,369,2024-12-14,S. Wong
7080,370,2023-07-11,M. Fernandez
7081,370,2023-06-30,S. Wong
7082,370,2023-08-14,S. Wong
7083,370,2023-08-07,S. Wong
7084,370,2023-08-07,M. Fernandez
7085,370,2023-08-28,M. Fernandez
7086,370,2023-08-30,R. Khan
7087,370,2023-09-02,J. Thompson
7088,370,2023-08-27,S. Wong
7089,371,2022-02-20,L. Novak
7090,371,2022-03-23,A. Patel
7091,371,2022-03-29,R. Khan
7092,371,2022-03-31,R. Khan
7093,371,2022-03-31,J. Thompson
7094,371,2022-05-06,R. Khan
7095,371,2022-06-08,R. Khan
7096,371,2022-07-20,L. Novak
7097,371,2022-08-11,R. Khan
7098,371,2022-09-14,L. Novak
7099,371,2022-09-04,L. Novak
7100,371,2022-10-02,R. Khan
7101,371,2022-10-02,J. Thompson
7102,371,2022-10-09,S. Wong
7103,371,2022-10-13,J. Thompson
7104,371,2022-10-01,M. Fernandez
7105,371,2022-09-19,M. Fernandez
7106,371,2022-10-26,M. Fernandez
7107,371,2022-10-29,L. Novak
7108,371,2022-12-01,A. Patel
7109,371,2023-01-07,M. Fernandez
7110,371,2023-01-12,S. Wong
7111,371,2023-04-12,S. Wong
7112,371,2023-03-30,R. Khan
7113,371,2023-04-08,R. Khan
7114,371,2023-04-07,R. Khan
7115,371,2023-04-01,R. Khan
7116,371,2023-05-13,S. Wong
7117,371,2023-04-21,S. Wong
7118,371,2023-05-28,S. Wong
7119,371,2023-07-08,M. Fernandez
7120,371,2023-07-04,M. Fernandez
7121,371,2023-07-26,M. Fernandez
7122,371,2023-08-22,M. Fernandez
7123,371,2023-09-03,J. Thompson
7124,371,2023-10-27,S. Wong
7125,371,2023-10-13,R. Khan
7126,371,2023-11-01,S. Wong
7127,371,2023-11-20,M. Fernandez
7128,371,2023-12-26,M. Fernandez
7129,371,2024-01-27,A. Patel
7130,371,2024-02-16,L. Novak
7131,371,2024-03-04,R. Khan
7132,371,2024-02-23,R. Khan
7133,371,2024-04-02,M. Fernandez
7134,371,2024-03-18,S. Wong
7135,372,2022-09-28,A. Patel
7136,372,2022-10-13,A. Patel
7137,373,2022-09-17,M. Fernandez
7138,373,2022-11-16,J. Thompson
7139,373,2022-12-17,M. Fernandez
7140,373,2022-12-26,A. Patel
7141,373,2022-12-18,J. Thompson
7142,374,2024-03-10,A. Patel
7143,374,2024-02-19,L. Novak
7144,374,2024-02-17,L. Novak
7145,374,2024-03-23,R. Khan
7146,374,2024-03-21,R. Khan
7147,374,2024-07-26,A. Patel
7148,375,2023-03-10,L. Novak
7149,375,2023-02-27,R. Khan
7150,375,2023-04-07,M. Fernandez
7151,375,2023-03-18,S. Wong
7152,375,2023-03-25,R. Khan
7153,375,2023-05-27,A. Patel
7154,375,2023-08-17,L. Novak
7155,376,2023-05-12,S. Wong
7156,376,2023-05-24,R. Khan
7157,376,2023-06-28,J. Thompson
7158,376,2023-06-21,S. Wong
7159,376,2023-07-27,R. Khan
7160,376,2023-07-23,A. Patel
7161,376,2023-07-30,S. Wong
7162,376,2023-09-11,A. Patel
7163,376,2023-09-27,R. Khan
7164,376,2023-09-11,R. Khan
7165,376,2023-09-11,R. Khan
7166,376,2023-10-30,M. Fernandez
7167,376,2023-11-29,M. Fernandez
7168,376,2023-11-07,R. Khan
7169,376,2023-11-02,J. Thompson
7170,376,2023-12-19,R. Khan
7171,376,2023-12-27,M. Fernandez
7172,376,2023-12-15,S. Wong
7173,376,2024-02-08,M. Fernandez
7174,376,2024-02-17,L. Novak
7175,376,2024-02-06,J. Thompson
7176,376,2024-03-21,M. Fernandez
7177,376,2024-03-14,R. Khan
7178,376,2024-03-07,L. Novak
7179,376,2024-03-20,R. Khan
7180,376,2024-04-19,J. Thompson
7181,376,2024-04-11,M. Fernandez
7182,376,2024-03-31,S. Wong
7183,376,2024-05-25,A. Patel
7184,376,2024-05-06,J. Thompson
7185,376,2024-05-04,L. Novak
7186,376,2024-04-30,A. Patel
7187,376,2024-05-21,R. Khan
7188,376,2024-06-23,L. Novak
7189,376,2024-06-15,A. Patel
7190,376,2024-06-06,A. Patel
7191,376,2024-06-21,S. Wong
7192,376,2024-07-13,S. Wong
7193,376,2024-07-03,M. Fernandez
7194,376,2024-07-06,R. Khan
7195,376,2024-08-25,A. Patel
7196,376,2024-08-22,R. Khan
7197,376,2024-08-25,J. Thompson
7198,376,2024-08-25,M. Fernandez
7199,376,2024-09-10,R. Khan
7200,376,2024-09-15,A. Patel
7201,376,2024-08-31,R. Khan
7202,376,2024-10-24,M. Fernandez
7203,376,2024-10-09,A. Patel
7204,376,2024-10-13,R. Khan
7205,376,2024-11-18,M. Fernandez
7206,376,2024-12-14,J. Thompson
7207,376,2024-12-05,A. Patel
7208,376,2024-12-10,S. Wong
7209,377,2024-01-28,J. Thompson
7210,377,2024-01-06,A. Patel
7211,377,2024-01-18,M. Fernandez
7212,377,2024-02-18,S. Wong
7213,377,2024-02-14,M. Fernandez
7214,377,2024-03-10,R. Khan
7215,377,2024-03-29,J. Thompson
7216,377,2024-03-04,S. Wong
7217,377,2024-03-13,M. Fernandez
7218,377,2024-05-29,M. Fernandez
7219,377,2024-07-25,A. Patel
7220,377,2024-07-20,M. Fernandez
7221,377,2024-07-12,M. Fernandez
7222,377,2024-08-14,S. Wong
7223,377,2024-08-13,M. Fernandez
7224,377,2024-09-24,J. Thompson
7225,377,2024-10-11,J. Thompson
7226,377,2024-11-25,M. Fernandez
7227,377,2024-11-19,J. Thompson
7228,377,2024-11-25,A. Patel
7229,377,2024-12-08,M. Fernandez
7230,377,2024-12-10,M. Fernandez
7231,378,2022-02-25,L. Novak
7232,378,2022-03-17,R. Khan
7233,378,2022-04-17,A. Patel
7234,378,2022-04-17,S. Wong
7235,378,2022-04-25,L. Novak
7236,378,2022-06-04,L. Novak
7237,378,2022-07-01,S. Wong
7238,378,2022-07-05,J. Thompson
7239,378,2022-09-03,S. Wong
7240,378,2022-10-30,R. Khan
7241,378,2022-10-14,A. Patel
7242,378,2022-11-30,A. Patel
7243,378,2022-11-22,J. Thompson
7244,378,2022-11-23,M. Fernandez
7245,378,2022-12-30,L. Novak
7246,378,2023-01-03,J. Thompson
7247,378,2022-12-18,S. Wong
7248,378,2023-01-17,R. Khan
7249,378,2023-01-12,R. Khan
7250,378,2023-01-24,R. Khan
7251,378,2023-03-05,S. Wong
7252,378,2023-04-06,J. Thompson
7253,378,2023-03-18,M. Fernandez
7254,378,2023-05-03,S. Wong
7255,378,2023-06-02,S. Wong
7256,378,2023-05-24,L. Novak
7257,378,2023-06-05,S. Wong
7258,378,2023-06-19,R. Khan
7259,378,2023-07-01,R. Khan
7260,378,2023-06-27,J. Thompson
7261,378,2023-08-29,A. Patel
7262,378,2023-09-13,R. Khan
7263,378,2023-10-17,S. Wong
7264,379,2022-12-22,A. Patel
7265,379,2023-01-08,R. Khan
7266,379,2023-01-31,S. Wong
7267,379,2023-02-25,L. Novak
7268,379,2023-03-10,J. Thompson
7269,379,2023-04-03,J. Thompson
7270,379,2023-03-18,J. Thompson
7271,379,2023-03-28,J. Thompson
7272,379,2023-04-30,M. Fernandez
7273,379,2023-05-04,L. Novak
7274,379,2023-05-29,S. Wong
7275,379,2023-06-27,R. Khan
7276,379,2023-07-07,M. Fernandez
7277,379,2023-07-07,M. Fernandez
7278,379,2023-08-06,M. Fernandez
7279,379,2023-07-12,A. Patel
7280,379,2023-08-15,S. Wong
7281,379,2023-09-18,R. Khan
7282,379,2023-10-15,S. Wong
7283,379,2023-10-23,A. Patel
7284,379,2023-11-17,M. Fernandez
7285,379,2023-11-18,J. Thompson
7286,379,2023-11-25,S. Wong
7287,379,2024-02-04,M. Fernandez
7288,379,2024-01-18,A. Patel
7289,379,2024-01-29,A. Patel
7290,379,2024-02-10,J. Thompson
7291,379,2024-03-18,A. Patel
7292,379,2024-04-03,J. Thompson
7293,379,2024-03-14,J. Thompson
7294,379,2024-03-09,M. Fernandez
7295,379,2024-03-25,A. Patel
7296,379,2024-04-08,L. Novak
7297,379,2024-04-08,M. Fernandez
7298,379,2024-05-09,R. Khan
7299,379,2024-05-31,M. Fernandez
7300,379,2024-06-16,J. Thompson
7301,379,2024-07-25,R. Khan
7302,379,2024-07-16,R. Khan
7303,379,2024-08-02,A. Patel
7304,379,2024-08-16,A. Patel
7305,379,2024-08-07,A. Patel
7306,379,2024-08-23,S. Wong
7307,379,2024-09-07,M. Fernandez
7308,379,2024-10-11,A. Patel
7309,379,2024-10-09,S. Wong
7310,379,2024-11-08,J. Thompson
7311,380,2022-09-28,M. Fernandez
7312,380,2022-09-27,M. Fernandez
7313,380,2022-10-21,A. Patel
7314,380,2022-11-01,L. Novak
7315,380,2022-11-30,L. Novak
7316,380,2022-11-27,L. Novak
7317,380,2022-12-04,A. Patel
7318,380,2022-11-21,A. Patel
7319,380,2022-11-22,J. Thompson
7320,380,2023-01-03,J. Thompson
7321,380,2023-01-12,M. Fernandez
7322,380,2023-01-03,L. Novak
7323,380,2022-12-31,A. Patel
7324,380,2023-02-11,A. Patel
7325,380,2023-01-27,L. Novak
7326,380,2023-02-09,M. Fernandez
7327,380,2023-02-14,J. Thompson
7328,380,2023-02-16,L. Novak
7329,380,2023-04-07,M. Fernandez
7330,380,2023-05-04,J. Thompson
7331,380,2023-06-08,M. Fernandez
7332,380,2023-06-20,J. Thompson
7333,380,2023-06-29,L. Novak
7334,380,2023-07-28,L. Novak
7335,380,2023-08-31,R. Khan
7336,380,2023-10-19,S. Wong
7337,380,2023-11-14,S. Wong
7338,380,2023-11-19,S. Wong
7339,380,2023-12-07,J. Thompson
7340,380,2023-12-16,R. Khan
7341,380,2024-03-06,R. Khan
7342,380,2024-02-20,S. Wong
7343,380,2024-02-20,A. Patel
7344,380,2024-03-03,J. Thompson
7345,381,2024-03-21,L. Novak
7346,381,2024-04-28,R. Khan
7347,381,2024-04-29,A. Patel
7348,381,2024-04-29,S. Wong
7349,381,2024-05-28,L. Novak
7350,381,2024-05-21,M. Fernandez
7351,381,2024-05-19,R. Khan
7352,381,2024-06-08,L. Novak
7353,381,2024-06-16,S. Wong
7354,381,2024-06-25,L. Novak
7355,381,2024-07-31,J. Thompson
7356,381,2024-07-21,A. Patel
7357,381,2024-07-20,L. Novak
7358,381,2024-10-23,S. Wong
7359,381,2024-10-31,J. Thompson
7360,381,2024-11-23,M. Fernandez
7361,381,2024-12-06,A. Patel
7362,381,2024-12-27,S. Wong
7363,382,2023-02-08,L. Novak
7364,382,2023-01-14,M. Fernandez
7365,382,2023-01-16,A. Patel
7366,382,2023-01-22,S. Wong
7367,382,2023-02-25,J. Thompson
7368,382,2023-03-05,R. Khan
7369,382,2023-03-09,J. Thompson
7370,382,2023-03-10,A. Patel
7371,382,2023-03-20,L. Novak
7372,382,2023-05-28,L. Novak
7373,382,2023-06-22,A. Patel
7374,382,2023-06-27,S. Wong
7375,382,2023-06-28,J. Thompson
7376,382,2023-07-04,S. Wong
7377,382,2023-07-26,S. Wong
7378,382,2023-09-30,M. Fernandez
7379,382,2023-09-21,R. Khan
7380,382,2023-09-13,A. Patel
7381,382,2023-09-15,A. Patel
7382,382,2023-09-12,J. Thompson
7383,382,2023-10-27,S. Wong
7384,382,2023-11-29,A. Patel
7385,382,2023-11-15,R. Khan
7386,382,2023-11-28,S. Wong
7387,382,2023-12-19,J. Thompson
7388,382,2023-12-13,S. Wong
7389,382,2023-12-27,L. Novak
7390,382,2023-12-23,R. Khan
7391,382,2024-01-12,R. Khan
7392,382,2024-02-03,L. Novak
7393,382,2024-02-20,J. Thompson
7394,382,2024-02-08,S. Wong
7395,382,2024-04-01,J. Thompson
7396,382,2024-03-18,L. Novak
7397,382,2024-03-17,S. Wong
7398,382,2024-03-21,M. Fernandez
7399,382,2024-04-27,M. Fernandez
7400,382,2024-05-16,J. Thompson
7401,382,2024-05-08,A. Patel
7402,382,2024-07-02,R. Khan
7403,382,2024-07-06,R. Khan
7404,382,2024-07-30,J. Thompson
7405,382,2024-08-24,M. Fernandez
7406,382,2024-09-09,R. Khan
7407,382,2024-09-20,S. Wong
7408,382,2024-09-13,A. Patel
7409,382,2024-10-23,M. Fernandez
7410,382,2024-11-04,A. Patel
7411,382,2024-11-20,S. Wong
7412,382,2024-11-10,R. Khan
7413,382,2024-11-05,R. Khan
7414,383,2023-02-19,R. Khan
7415,383,2023-04-05,L. Novak
7416,383,2023-05-17,M. Fernandez
7417,383,2023-05-23,S. Wong
7418,383,2023-05-10,S. Wong
7419,383,2023-05-03,S. Wong
7420,384,2024-04-05,M. Fernandez
7421,384,2024-03-27,J. Thompson
7422,384,2024-04-06,L. Novak
7423,384,2024-05-18,J. Thompson
7424,385,2023-03-11,S. Wong
7425,385,2023-03-18,L. Novak
7426,385,2023-04-22,A. Patel
7427,385,2023-06-02,L. Novak
7428,386,2022-11-22,J. Thompson
7429,386,2022-11-21,M. Fernandez
7430,386,2022-12-03,M. Fernandez
7431,386,2023-02-15,L. Novak
7432,386,2023-03-02,A. Patel
7433,386,2023-03-17,A. Patel
7434,386,2023-03-13,A. Patel
7435,386,2023-03-13,L. Novak
7436,386,2023-03-03,L. Novak
7437,386,2023-04-07,L. Novak
7438,386,2023-05-12,M. Fernandez
7439,386,2023-06-12,A. Patel
7440,386,2023-06-06,L. Novak
7441,386,2023-06-17,M. Fernandez
7442,386,2023-06-13,J. Thompson
7443,386,2023-06-22,A. Patel
7444,386,2023-07-04,J. Thompson
7445,386,2023-07-04,A. Patel
7446,386,2023-08-20,R. Khan
7447,386,2023-08-12,R. Khan
7448,386,2023-08-03,J. Thompson
7449,386,2023-08-20,J. Thompson
7450,386,2023-08-08,M. Fernandez
7451,386,2023-07-26,R. Khan
7452,386,2023-09-12,R. Khan
7453,386,2023-10-02,R. Khan
7454,386,2023-10-10,J. Thompson
7455,386,2023-10-14,S. Wong
7456,386,2023-10-06,M. Fernandez
7457,386,2023-09-26,M. Fernandez
7458,386,2023-10-26,R. Khan
7459,386,2023-10-26,J. Thompson
7460,386,2023-12-02,J. Thompson
7461,386,2023-12-04,R. Khan
7462,386,2023-12-27,R. Khan
7463,386,2024-01-25,J. Thompson
7464,386,2024-02-05,A. Patel
7465,386,2024-02-24,M. Fernandez
7466,386,2024-02-27,R. Khan
7467,386,2024-03-03,A. Patel
7468,386,2024-02-26,L. Novak
7469,386,2024-03-13,S. Wong
7470,387,2022-11-14,J. Thompson
7471,387,2023-01-12,L. Novak
7472,387,2022-12-30,A. Patel
7473,387,2023-01-29,M. Fernandez
7474,387,2023-03-21,L. Novak
7475,387,2023-03-24,J. Thompson
7476,387,2023-03-10,M. Fernandez
7477,387,2023-03-22,L. Novak
7478,387,2023-04-13,S. Wong
7479,387,2023-05-08,L. Novak
7480,387,2023-05-19,A. Patel
7481,387,2023-06-17,J. Thompson
7482,387,2023-06-17,S. Wong
7483,387,2023-06-02,L. Novak
7484,387,2023-07-21,L. Novak
7485,387,2023-07-16,R. Khan
7486,387,2023-07-23,A. Patel
7487,387,2023-08-17,A. Patel
7488,387,2023-08-05,L. Novak
7489,387,2023-08-22,S. Wong
7490,387,2023-08-11,M. Fernandez
7491,387,2023-10-12,R. Khan
7492,387,2023-11-12,R. Khan
7493,387,2023-11-10,S. Wong
7494,387,2023-10-25,M. Fernandez
7495,387,2023-12-02,L. Novak
7496,387,2023-11-29,M. Fernandez
7497,387,2023-12-16,A. Patel
7498,387,2023-12-03,A. Patel
7499,387,2023-11-27,L. Novak
7500,387,2024-01-12,S. Wong
7501,387,2024-01-30,S. Wong
7502,387,2024-02-15,R. Khan
7503,387,2024-02-15,A. Patel
7504,387,2024-03-08,J. Thompson
7505,387,2024-03-27,S. Wong
7506,387,2024-03-29,L. Novak
7507,387,2024-05-18,R. Khan
7508,387,2024-05-08,A. Patel
7509,387,2024-05-15,R. Khan
7510,387,2024-05-13,S. Wong
7511,387,2024-04-27,S. Wong
7512,387,2024-05-16,S. Wong
7513,387,2024-05-31,R. Khan
7514,387,2024-05-22,R. Khan
7515,387,2024-06-14,M. Fernandez
7516,387,2024-07-17,R. Khan
7517,387,2024-07-16,A. Patel
7518,387,2024-07-30,R. Khan
7519,387,2024-08-21,A. Patel
7520,387,2024-08-24,M. Fernandez
7521,387,2024-09-27,A. Patel
7522,387,2024-09-27,S. Wong
7523,388,2023-12-25,S. Wong
7524,388,2024-01-01,A. Patel
7525,388,2023-12-23,A. Patel
7526,388,2023-12-08,M. Fernandez
7527,388,2024-01-28,S. Wong
7528,388,2024-01-16,M. Fernandez
7529,388,2024-01-20,M. Fernandez
7530,388,2024-03-02,A. Patel
7531,388,2024-02-06,L. Novak
7532,388,2024-04-13,M. Fernandez
7533,388,2024-04-24,M. Fernandez
7534,388,2024-05-21,J. Thompson
7535,388,2024-05-25,M. Fernandez
7536,388,2024-05-08,S. Wong
7537,388,2024-06-29,R. Khan
7538,388,2024-06-20,S. Wong
7539,388,2024-06-11,R. Khan
7540,388,2024-06-30,J. Thompson
7541,388,2024-07-24,S. Wong
7542,388,2024-07-21,S. Wong
7543,388,2024-07-16,A. Patel
7544,388,2024-08-17,R. Khan
7545,388,2024-08-27,S. Wong
7546,388,2024-09-20,R. Khan
7547,388,2024-10-21,L. Novak
7548,388,2024-10-10,L. Novak
7549,388,2024-10-18,M. Fernandez
7550,388,2024-11-26,R. Khan
7551,388,2024-11-25,J. Thompson
7552,388,2024-11-10,M. Fernandez
7553,388,2024-12-04,L. Novak
7554,388,2024-12-18,M. Fernandez
7555,388,2024-12-25,S. Wong
7556,389,2024-06-23,R. Khan
7557,389,2024-06-20,M. Fernandez
7558,389,2024-07-30,M. Fernandez
7559,389,2024-08-02,R. Khan
7560,389,2024-07-25,R. Khan
7561,389,2024-07-13,A. Patel
7562,389,2024-08-09,S. Wong
7563,389,2024-08-08,M. Fernandez
7564,389,2024-08-17,S. Wong
7565,389,2024-09-02,J. Thompson
7566,389,2024-09-21,M. Fernandez
7567,389,2024-10-10,A. Patel
7568,389,2024-11-21,A. Patel
7569,389,2024-11-10,M. Fernandez
7570,389,2024-11-14,R. Khan
7571,390,2023-11-02,S. Wong
7572,390,2023-11-26,S. Wong
7573,390,2023-12-25,L. Novak
7574,390,2024-01-22,J. Thompson
7575,390,2024-02-08,R. Khan
7576,390,2024-04-09,L. Novak
7577,390,2024-05-04,A. Patel
7578,390,2024-05-09,S. Wong
7579,390,2024-05-02,R. Khan
7580,390,2024-06-09,R. Khan
7581,390,2024-06-13,M. Fernandez
7582,390,2024-06-15,R. Khan
7583,390,2024-07-15,M. Fernandez
7584,390,2024-07-16,R. Khan
7585,390,2024-09-25,M. Fernandez
7586,390,2024-09-19,J. Thompson
7587,390,2024-12-21,S. Wong
7588,390,2024-12-16,S. Wong
7589,390,2024-12-30,L. Novak
7590,390,2024-12-12,M. Fernandez
7591,391,2023-06-28,A. Patel
7592,391,2023-06-10,S. Wong
7593,391,2023-07-03,S. Wong
7594,391,2023-08-14,A. Patel
7595,391,2023-10-05,S. Wong
7596,391,2023-10-04,J. Thompson
7597,391,2023-09-11,A. Patel
7598,392,2023-10-23,L. Novak
7599,392,2023-10-17,R. Khan
7600,392,2023-10-29,M. Fernandez
7601,392,2023-12-04,R. Khan
7602,392,2023-11-22,R. Khan
7603,392,2023-11-18,J. Thompson
7604,393,2022-09-25,M. Fernandez
7605,393,2022-09-19,M. Fernandez
7606,393,2022-08-30,M. Fernandez
7607,393,2022-09-09,A. Patel
7608,393,2022-10-17,L. Novak
7609,393,2022-10-03,M. Fernandez
7610,393,2022-10-21,S. Wong
7611,393,2022-10-23,M. Fernandez
7612,393,2022-11-07,S. Wong
7613,393,2022-11-28,S. Wong
7614,393,2023-01-14,S. Wong
7615,393,2023-02-10,M. Fernandez
7616,393,2023-02-14,J. Thompson
7617,393,2023-01-27,R. Khan
7618,393,2023-03-01,A. Patel
7619,393,2023-04-24,M. Fernandez
7620,393,2023-04-16,S. Wong
7621,393,2023-04-21,S. Wong
7622,393,2023-04-23,R. Khan
7623,393,2023-05-20,M. Fernandez
7624,393,2023-05-09,J. Thompson
7625,393,2023-05-12,M. Fernandez
7626,393,2023-07-08,A. Patel
7627,393,2023-06-27,L. Novak
7628,393,2023-08-17,R. Khan
7629,393,2023-09-13,R. Khan
7630,393,2023-09-12,M. Fernandez
7631,393,2023-09-07,A. Patel
7632,393,2023-10-17,M. Fernandez
7633,393,2023-10-17,M. Fernandez
7634,393,2023-10-29,S. Wong
7635,393,2023-11-08,L. Novak
7636,393,2023-12-18,J. Thompson
7637,393,2023-11-27,J. Thompson
7638,393,2024-01-11,J. Thompson
7639,393,2023-12-26,S. Wong
7640,393,2023-12-31,A. Patel
7641,393,2024-01-13,M. Fernandez
7642,393,2023-12-28,R. Khan
7643,393,2024-01-22,M. Fernandez
7644,393,2024-02-13,J. Thompson
7645,393,2024-02-15,L. Novak
7646,393,2024-02-09,M. Fernandez
7647,393,2024-02-25,S. Wong
7648,393,2024-03-28,R. Khan
7649,393,2024-04-29,J. Thompson
7650,394,2022-02-26,J. Thompson
7651,394,2022-05-28,L. Novak
7652,394,2022-05-04,J. Thompson
7653,394,2022-08-04,M. Fernandez
7654,395,2023-02-07,R. Khan
7655,395,2023-03-23,S. Wong
7656,395,2023-03-28,S. Wong
7657,395,2023-04-27,J. Thompson
7658,395,2023-05-04,R. Khan
7659,395,2023-06-29,J. Thompson
7660,395,2023-07-10,R. Khan
7661,395,2023-08-20,J. Thompson
7662,395,2023-09-02,S. Wong
7663,396,2023-01-27,M. Fernandez
7664,396,2023-04-02,L. Novak
7665,396,2023-04-07,L. Novak
7666,398,2023-08-16,L. Novak
7667,398,2023-08-18,A. Patel
7668,398,2023-08-19,L. Novak
7669,398,2023-09-16,M. Fernandez
7670,398,2023-09-18,L. Novak
7671,398,2023-09-02,J. Thompson
7672,398,2023-11-22,R. Khan
7673,398,2023-11-11,M. Fernandez
7674,398,2023-12-03,A. Patel
7675,398,2023-12-16,M. Fernandez
7676,398,2023-12-07,A. Patel
7677,398,2023-12-30,J. Thompson
7678,398,2024-01-10,R. Khan
7679,398,2024-01-18,S. Wong
7680,398,2024-01-06,A. Patel
7681,398,2024-01-27,M. Fernandez
7682,398,2024-02-14,M. Fernandez
7683,398,2024-03-09,M. Fernandez
7684,398,2024-04-28,M. Fernandez
7685,398,2024-05-20,J. Thompson
7686,398,2024-06-16,M. Fernandez
7687,398,2024-06-02,L. Novak
7688,398,2024-07-21,J. Thompson
7689,398,2024-08-07,M. Fernandez
7690,398,2024-08-10,L. Novak
7691,398,2024-08-16,L. Novak
7692,398,2024-08-01,R. Khan
7693,398,2024-08-24,S. Wong
7694,398,2024-09-01,A. Patel
7695,398,2024-09-06,R. Khan
7696,398,2024-09-24,J. Thompson
7697,398,2024-10-05,L. Novak
7698,398,2024-10-11,R. Khan
7699,398,2024-10-06,R. Khan
7700,398,2024-11-05,A. Patel
7701,398,2024-11-09,J. Thompson
7702,398,2024-11-02,S. Wong
7703,398,2024-11-15,A. Patel
7704,398,2024-11-26,S. Wong
7705,398,2024-11-24,J. Thompson
7706,398,2024-11-23,J. Thompson
7707,399,2023-04-16,L. Novak
7708,399,2023-04-09,J. Thompson
7709,399,2023-04-14,A. Patel
7710,399,2023-05-19,L. Novak
7711,399,2023-05-17,R. Khan
7712,399,2023-06-20,A. Patel
7713,399,2023-06-09,A. Patel
7714,399,2023-06-11,L. Novak
7715,399,2023-06-17,M. Fernandez
7716,399,2023-07-22,R. Khan
7717,399,2023-07-16,A. Patel
7718,399,2023-08-12,A. Patel
7719,399,2023-08-01,A. Patel
7720,399,2023-09-22,L. Novak
7721,399,2023-09-16,S. Wong
7722,400,2022-05-13,R. Khan
7723,400,2022-05-21,L. Novak
7724,400,2022-05-14,M. Fernandez
7725,400,2022-05-15,R. Khan
7726,400,2022-06-20,R. Khan
7727,400,2022-06-13,A. Patel
7728,400,2022-06-11,L. Novak
7729,400,2022-07-07,L. Novak
7730,400,2022-08-26,J. Thompson
7731,400,2022-08-22,A. Patel
7732,400,2022-08-26,A. Patel
