order_item_id,order_id,product_id,quantity,discount_pct,line_total
1,1,1,11,5,6773.17
2,2,7,12,0,7026.6
3,2,15,2,0,1188.44
4,2,14,9,0,6108.03
5,3,21,3,0,2426.91
6,3,12,12,0,4702.92
7,3,27,12,0,4163.88
8,4,24,6,0,4817.52
9,4,17,9,0,754.11
10,5,26,3,0,1644.51
11,5,13,4,0,606.52
12,6,18,6,0,3499.32
13,7,26,8,0,4385.36
14,7,10,9,0,7628.4
15,7,27,3,0,1040.97
16,8,8,7,0,2711.31
17,8,3,12,0,401.64
18,8,16,12,0,2392.08
19,9,29,7,0,5856.34
20,9,3,10,0,334.7
21,9,13,2,0,303.26
22,9,9,3,0,730.44
23,10,16,8,0,1594.72
24,11,8,6,0,2323.98
25,11,15,3,0,1782.66
26,11,7,9,0,5269.95
27,11,10,11,0,9323.6
28,11,29,10,0,8366.2
29,12,13,9,0,1364.67
30,12,7,1,0,585.55
31,12,28,2,0,487.94
32,12,15,9,0,5347.98
33,13,19,3,0,1684.56
34,13,8,6,10,2091.58
35,14,3,9,0,301.23
36,14,28,5,0,1219.85
37,14,15,2,0,1188.44
38,15,6,5,0,3291.45
39,15,18,3,0,1749.66
40,15,11,11,10,3671.51
41,15,1,5,0,3240.75
42,15,24,10,0,8029.2
43,16,26,11,10,5426.88
44,16,16,3,5,568.12
45,16,5,10,0,4230.2
46,16,21,10,0,8089.7
47,16,12,3,0,1175.73
48,17,18,12,0,6998.64
49,17,22,10,0,1411.3
50,17,14,6,0,4072.02
51,17,15,10,15,5050.87
52,17,1,1,0,648.15
53,18,14,1,0,678.67
54,19,24,11,15,7507.3
55,19,26,4,10,1973.41
56,19,5,10,0,4230.2
57,20,28,8,0,1951.76
58,21,7,11,0,6441.05
59,21,1,5,0,3240.75
60,21,29,8,0,6692.96
61,22,22,5,0,705.65
62,22,10,8,5,6441.76
63,22,2,2,0,71.06
64,22,20,12,0,2918.04
65,23,25,7,0,2558.29
66,23,9,8,0,1947.84
67,23,18,8,0,4665.76
68,23,3,4,0,133.88
69,24,21,6,10,4368.44
70,24,23,12,0,4512.0
71,25,6,7,0,4608.03
72,25,10,3,0,2542.8
73,25,7,6,0,3513.3
74,26,14,6,0,4072.02
75,27,1,5,0,3240.75
76,28,16,2,0,398.68
77,28,2,1,0,35.53
78,29,20,7,0,1702.19
79,29,21,4,0,3235.88
80,29,6,3,0,1974.87
81,29,28,6,0,1463.82
82,29,2,10,0,355.3
83,30,21,3,0,2426.91
84,30,1,8,0,5185.2
85,31,9,5,0,1217.4
86,31,18,8,0,4665.76
87,31,1,1,0,648.15
88,31,11,2,5,704.63
89,32,10,4,0,3390.4
90,32,3,4,0,133.88
91,32,8,10,0,3873.3
92,32,12,6,0,2351.46
93,33,12,8,5,2978.52
94,33,8,10,0,3873.3
95,33,9,11,0,2678.28
96,34,5,9,0,3807.18
97,34,27,1,0,346.99
98,34,1,2,0,1296.3
99,35,2,12,0,426.36
100,35,9,6,0,1460.88
101,35,6,7,0,4608.03
102,36,4,1,0,285.21
103,36,18,10,5,5540.59
104,36,12,9,0,3527.19
105,36,15,4,0,2376.88
106,37,5,2,5,803.74
107,37,26,7,0,3837.19
108,37,27,9,0,3122.91
109,38,22,10,0,1411.3
110,38,14,11,15,6345.56
111,38,16,10,0,1993.4
112,39,17,7,0,586.53
113,40,13,6,10,818.8
114,40,7,3,0,1756.65
115,40,10,4,0,3390.4
116,40,24,10,0,8029.2
117,40,1,9,0,5833.35
118,41,27,1,0,346.99
119,42,19,8,0,4492.16
120,42,5,9,5,3616.82
121,42,10,8,0,6780.8
122,43,20,3,0,729.51
123,43,2,6,0,213.18
124,43,8,10,0,3873.3
125,43,1,6,5,3694.45
126,43,5,3,0,1269.06
127,44,13,10,10,1364.67
128,44,7,6,0,3513.3
129,44,6,9,5,5628.38
130,45,23,5,0,1880.0
131,45,21,8,0,6471.76
132,45,1,1,10,583.34
133,45,5,6,0,2538.12
134,45,10,6,0,5085.6
135,46,7,10,5,5562.72
136,46,5,5,0,2115.1
137,46,2,12,0,426.36
138,46,9,12,0,2921.76
139,47,10,8,0,6780.8
140,47,2,5,0,177.65
141,47,12,11,15,3664.36
142,47,4,10,0,2852.1
143,47,6,10,10,5924.61
144,48,6,10,0,6582.9
145,49,11,11,0,4079.46
146,49,4,12,0,3422.52
147,49,29,10,5,7947.89
148,49,10,7,0,5933.2
149,49,15,3,0,1782.66
150,50,5,1,0,423.02
151,50,19,10,0,5615.2
152,51,9,1,0,243.48
153,51,22,8,0,1129.04
154,52,9,7,0,1704.36
155,52,8,12,0,4647.96
156,53,6,10,15,5595.46
157,53,26,8,10,3946.82
158,53,15,12,0,7130.64
159,53,27,12,0,4163.88
160,53,28,1,0,243.97
161,54,3,4,10,120.49
162,54,18,9,0,5248.98
163,54,10,6,0,5085.6
164,54,16,11,5,2083.1
165,54,20,8,0,1945.36
166,55,22,3,10,381.05
167,55,10,8,0,6780.8
168,55,16,9,10,1614.65
169,56,28,11,0,2683.67
170,56,6,12,0,7899.48
171,56,21,11,5,8453.74
172,57,20,10,15,2066.94
173,57,25,8,0,2923.76
174,57,19,4,0,2246.08
175,58,4,5,0,1426.05
176,58,19,4,10,2021.47
177,58,23,5,0,1880.0
178,58,22,5,5,670.37
179,58,28,12,0,2927.64
180,59,3,6,0,200.82
181,59,11,8,0,2966.88
182,59,5,6,10,2284.31
183,59,10,9,0,7628.4
184,60,21,5,0,4044.85
185,60,24,2,0,1605.84
186,60,10,10,0,8476.0
187,61,1,6,0,3888.9
188,61,25,3,0,1096.41
189,61,13,5,0,758.15
190,61,4,1,10,256.69
191,62,26,6,0,3289.02
192,63,17,12,10,904.93
193,63,20,8,0,1945.36
194,63,8,4,0,1549.32
195,64,24,9,0,7226.28
196,64,22,12,15,1439.53
197,64,3,5,5,158.98
198,65,6,12,0,7899.48
199,65,18,10,5,5540.59
200,65,19,4,0,2246.08
201,65,16,4,0,797.36
202,65,28,1,0,243.97
203,66,16,11,15,1863.83
204,66,18,4,0,2332.88
205,67,9,6,0,1460.88
206,67,17,12,0,1005.48
207,67,4,8,0,2281.68
208,67,7,2,0,1171.1
209,68,14,9,0,6108.03
210,69,21,8,0,6471.76
211,69,25,11,0,4020.17
212,69,1,4,0,2592.6
213,69,6,5,0,3291.45
214,70,23,2,0,752.0
215,71,7,9,5,5006.45
216,71,14,12,5,7736.84
217,72,24,7,0,5620.44
218,72,6,3,5,1876.13
219,73,2,3,5,101.26
220,73,1,12,0,7777.8
221,73,17,5,0,418.95
222,73,15,1,0,594.22
223,74,6,10,0,6582.9
224,74,21,2,0,1617.94
225,74,29,6,5,4768.73
226,74,5,5,0,2115.1
227,74,18,8,0,4665.76
228,75,8,8,0,3098.64
229,75,20,3,5,693.03
230,75,11,9,0,3337.74
231,75,24,8,0,6423.36
232,75,18,5,0,2916.1
233,76,13,3,0,454.89
234,76,7,12,0,7026.6
235,76,24,8,0,6423.36
236,77,26,1,0,548.17
237,77,7,12,0,7026.6
238,78,27,11,0,3816.89
239,78,12,4,0,1567.64
240,78,11,3,15,945.69
241,78,10,10,0,8476.0
242,78,26,11,0,6029.87
243,79,1,6,0,3888.9
244,79,20,2,0,486.34
245,79,21,7,0,5662.79
246,79,5,11,0,4653.22
247,79,17,2,0,167.58
248,80,5,6,0,2538.12
249,80,18,4,5,2216.24
250,80,28,1,0,243.97
251,80,3,5,0,167.35
252,81,7,5,5,2781.36
253,81,29,6,0,5019.72
254,81,14,5,10,3054.02
255,81,28,10,0,2439.7
256,82,5,5,10,1903.59
257,83,29,1,10,752.96
258,83,7,11,0,6441.05
259,84,22,3,0,423.39
260,84,27,7,0,2428.93
261,84,9,11,0,2678.28
262,85,20,12,0,2918.04
263,85,11,2,0,741.72
264,85,2,11,0,390.83
265,86,19,4,0,2246.08
266,86,11,4,0,1483.44
267,86,22,3,0,423.39
268,86,9,8,0,1947.84
269,86,4,3,0,855.63
270,87,7,6,0,3513.3
271,87,16,7,0,1395.38
272,87,17,12,0,1005.48
273,87,4,9,0,2566.89
274,87,27,8,0,2775.92
275,88,4,4,10,1026.76
276,88,24,11,0,8832.12
277,89,28,9,0,2195.73
278,90,7,2,0,1171.1
279,90,3,10,0,334.7
280,90,1,2,0,1296.3
281,91,1,4,0,2592.6
282,91,27,10,0,3469.9
283,91,22,9,0,1270.17
284,91,7,3,0,1756.65
285,91,2,3,0,106.59
286,92,24,2,0,1605.84
287,92,9,11,0,2678.28
288,92,23,4,0,1504.0
289,92,27,12,0,4163.88
290,93,21,9,5,6916.69
291,94,28,3,0,731.91
292,94,21,9,0,7280.73
293,94,9,7,0,1704.36
294,94,22,8,0,1129.04
295,95,29,11,0,9202.82
296,95,8,5,0,1936.65
297,95,15,12,0,7130.64
298,95,13,1,0,151.63
299,96,13,12,10,1637.6
300,97,4,1,0,285.21
301,98,5,9,0,3807.18
302,99,21,1,0,808.97
303,99,15,5,5,2822.54
304,99,19,7,0,3930.64
305,99,3,3,0,100.41
306,100,18,6,0,3499.32
307,100,6,7,0,4608.03
308,100,15,8,0,4753.76
309,100,25,7,0,2558.29
310,101,1,3,0,1944.45
311,101,11,11,0,4079.46
312,101,3,6,10,180.74
313,101,2,2,0,71.06
314,101,20,3,0,729.51
315,102,11,3,0,1112.58
316,102,22,12,0,1693.56
317,102,20,4,0,972.68
318,102,16,1,10,179.41
319,102,28,1,10,219.57
320,103,12,7,0,2743.37
321,103,6,9,5,5628.38
322,103,9,7,0,1704.36
323,103,4,4,0,1140.84
324,103,3,4,0,133.88
325,104,4,5,5,1354.75
326,104,3,4,0,133.88
327,105,29,11,0,9202.82
328,106,7,4,0,2342.2
329,107,12,10,10,3527.19
330,108,7,11,0,6441.05
331,108,19,12,10,6064.42
332,108,12,1,5,372.31
333,108,20,4,0,972.68
334,108,11,12,0,4450.32
335,109,27,4,0,1387.96
336,109,15,9,5,5080.58
337,109,20,4,0,972.68
338,109,29,1,0,836.62
339,110,11,4,0,1483.44
340,110,4,12,10,3080.27
341,110,7,10,0,5855.5
342,111,16,11,0,2192.74
343,111,7,6,10,3161.97
344,111,9,4,0,973.92
345,111,23,5,0,1880.0
346,111,20,3,0,729.51
347,112,9,7,0,1704.36
348,112,12,5,10,1763.6
349,113,9,10,0,2434.8
350,113,23,12,0,4512.0
351,113,1,3,0,1944.45
352,113,29,11,0,9202.82
353,113,4,11,0,3137.31
354,114,7,1,0,585.55
355,114,2,6,0,213.18
356,114,14,11,0,7465.37
357,114,12,11,0,4311.01
358,115,8,12,0,4647.96
359,115,11,7,0,2596.02
360,115,25,7,5,2430.38
361,116,14,3,5,1934.21
362,116,1,9,0,5833.35
363,116,13,8,0,1213.04
364,116,5,4,0,1692.08
365,117,22,12,0,1693.56
366,117,2,3,0,106.59
367,117,1,8,10,4666.68
368,118,21,7,0,5662.79
369,118,20,9,0,2188.53
370,118,28,9,0,2195.73
371,118,27,3,0,1040.97
372,119,6,4,5,2501.5
373,119,25,6,0,2192.82
374,119,15,11,10,5882.78
375,120,17,2,0,167.58
376,120,14,9,0,6108.03
377,120,5,12,0,5076.24
378,121,26,5,0,2740.85
379,122,3,10,0,334.7
380,122,1,1,10,583.34
381,122,9,2,5,462.61
382,122,21,4,0,3235.88
383,122,19,10,0,5615.2
384,123,26,4,0,2192.68
385,123,27,8,0,2775.92
386,123,10,4,5,3220.88
387,123,20,6,0,1459.02
388,123,2,5,0,177.65
389,124,15,12,0,7130.64
390,124,29,2,5,1589.58
391,125,28,12,5,2781.26
392,125,18,10,0,5832.2
393,126,17,4,0,335.16
394,126,5,9,15,3236.1
395,126,1,6,0,3888.9
396,126,15,5,0,2971.1
397,127,2,11,0,390.83
398,127,16,6,0,1196.04
399,127,1,5,10,2916.68
400,127,25,5,0,1827.35
401,127,3,6,0,200.82
402,128,12,2,0,783.82
403,128,21,12,0,9707.64
404,128,23,8,0,3008.0
405,128,7,6,0,3513.3
406,129,23,7,0,2632.0
407,129,13,1,10,136.47
408,129,29,10,0,8366.2
409,130,13,1,15,128.89
410,130,10,5,0,4238.0
411,131,8,12,0,4647.96
412,131,14,7,5,4513.16
413,131,26,5,10,2466.76
414,131,3,3,5,95.39
415,131,15,4,0,2376.88
416,132,29,10,0,8366.2
417,132,1,4,0,2592.6
418,132,19,8,0,4492.16
419,132,20,9,0,2188.53
420,133,22,5,0,705.65
421,133,14,8,0,5429.36
422,133,11,12,0,4450.32
423,134,1,8,0,5185.2
424,134,15,3,0,1782.66
425,134,27,12,0,4163.88
426,134,10,6,5,4831.32
427,135,1,8,5,4925.94
428,135,24,3,0,2408.76
429,135,4,9,0,2566.89
430,135,11,11,0,4079.46
431,135,18,1,15,495.74
432,136,25,11,0,4020.17
433,137,16,3,0,598.02
434,137,17,11,0,921.69
435,137,25,4,5,1388.79
436,137,24,2,0,1605.84
437,138,4,4,0,1140.84
438,139,5,1,0,423.02
439,139,21,10,0,8089.7
440,139,7,11,0,6441.05
441,140,14,11,15,6345.56
442,140,26,8,0,4385.36
443,140,22,1,0,141.13
444,140,1,1,10,583.34
445,141,11,1,0,370.86
446,141,25,1,0,365.47
447,141,1,9,0,5833.35
448,141,29,12,0,10039.44
449,142,15,1,0,594.22
450,142,14,9,0,6108.03
451,142,28,12,0,2927.64
452,143,11,2,0,741.72
453,143,12,2,15,666.25
454,144,5,4,0,1692.08
455,144,10,10,0,8476.0
456,145,29,5,0,4183.1
457,145,25,7,10,2302.46
458,145,22,2,0,282.26
459,146,10,10,0,8476.0
460,146,28,4,0,975.88
461,146,4,12,0,3422.52
462,146,11,4,10,1335.1
463,147,29,11,10,8282.54
464,148,21,2,0,1617.94
465,149,21,9,0,7280.73
466,149,15,8,15,4040.7
467,149,9,1,5,231.31
468,149,4,11,0,3137.31
469,150,27,8,5,2637.12
470,151,27,10,0,3469.9
471,151,21,2,0,1617.94
472,151,13,9,0,1364.67
473,152,18,12,0,6998.64
474,152,19,10,0,5615.2
475,153,8,2,0,774.66
476,154,25,10,0,3654.7
477,154,12,11,0,4311.01
478,154,21,1,0,808.97
479,154,8,3,0,1161.99
480,154,22,6,0,846.78
481,155,24,3,0,2408.76
482,155,3,12,0,401.64
483,155,12,7,0,2743.37
484,155,23,2,0,752.0
485,155,21,5,10,3640.36
486,156,26,10,0,5481.7
487,156,19,7,0,3930.64
488,157,5,7,0,2961.14
489,157,6,12,0,7899.48
490,157,7,3,5,1668.82
491,158,25,9,0,3289.23
492,159,11,2,15,630.46
493,160,14,6,5,3868.42
494,161,4,7,5,1896.65
495,161,22,6,0,846.78
496,161,25,1,0,365.47
497,161,5,11,0,4653.22
498,161,19,5,0,2807.6
499,162,1,4,0,2592.6
500,162,3,6,0,200.82
501,162,25,9,0,3289.23
502,162,7,7,10,3688.96
503,163,27,11,0,3816.89
504,163,4,7,5,1896.65
505,163,20,2,5,462.02
506,163,15,10,0,5942.2
507,163,25,5,5,1735.98
508,164,12,2,0,783.82
509,165,22,12,0,1693.56
510,165,21,11,0,8898.67
511,165,19,3,0,1684.56
512,165,12,12,10,4232.63
513,166,4,2,0,570.42
514,166,22,2,0,282.26
515,166,3,1,0,33.47
516,167,3,2,0,66.94
517,167,29,3,0,2509.86
518,168,17,9,0,754.11
519,168,20,9,0,2188.53
520,168,21,7,15,4813.37
521,168,18,2,0,1166.44
522,168,19,1,0,561.52
523,169,27,2,0,693.98
524,169,8,10,0,3873.3
525,169,6,10,0,6582.9
526,169,20,6,10,1313.12
527,169,1,7,0,4537.05
528,170,19,7,0,3930.64
529,170,6,2,5,1250.75
530,170,14,12,0,8144.04
531,170,12,9,10,3174.47
532,171,10,3,0,2542.8
533,171,6,11,0,7241.19
534,171,22,7,10,889.12
535,171,14,3,0,2036.01
536,171,11,3,15,945.69
537,172,18,8,5,4432.47
538,172,12,3,10,1058.16
539,172,15,2,0,1188.44
540,173,4,7,0,1996.47
541,173,2,5,0,177.65
542,173,17,8,0,670.32
543,174,11,5,0,1854.3
544,174,18,4,0,2332.88
545,174,5,12,10,4568.62
546,175,11,10,0,3708.6
547,175,20,4,0,972.68
548,175,17,8,0,670.32
549,175,7,2,5,1112.54
550,175,26,3,0,1644.51
551,176,9,6,0,1460.88
552,176,11,10,0,3708.6
553,176,19,7,0,3930.64
554,176,5,6,0,2538.12
555,177,17,11,0,921.69
556,177,24,10,5,7627.74
557,177,3,3,0,100.41
558,177,25,5,0,1827.35
559,178,4,8,0,2281.68
560,178,25,6,0,2192.82
561,179,16,5,0,996.7
562,179,27,12,0,4163.88
563,179,15,12,0,7130.64
564,180,1,4,0,2592.6
565,180,5,6,0,2538.12
566,180,15,7,15,3535.61
567,180,28,5,0,1219.85
568,180,19,7,0,3930.64
569,181,17,4,0,335.16
570,181,27,10,10,3122.91
571,181,19,9,10,4548.31
572,181,23,3,0,1128.0
573,181,14,11,0,7465.37
574,182,10,12,0,10171.2
575,183,16,8,0,1594.72
576,183,17,5,15,356.11
577,184,20,7,0,1702.19
578,185,8,11,0,4260.63
579,185,22,5,0,705.65
580,186,3,12,10,361.48
581,186,12,7,0,2743.37
582,187,15,8,0,4753.76
583,188,13,7,0,1061.41
584,188,19,9,5,4801.0
585,188,16,9,5,1704.36
586,188,11,12,0,4450.32
587,188,15,7,0,4159.54
588,189,6,12,0,7899.48
589,189,20,9,0,2188.53
590,189,27,10,0,3469.9
591,190,6,4,5,2501.5
592,191,7,3,0,1756.65
593,191,27,11,0,3816.89
594,191,3,10,0,334.7
595,192,18,6,10,3149.39
596,192,22,7,0,987.91
597,192,8,2,0,774.66
598,192,10,1,0,847.6
599,193,1,9,15,4958.35
600,193,20,12,0,2918.04
601,194,11,12,0,4450.32
602,194,7,10,0,5855.5
603,194,29,4,0,3346.48
604,194,28,8,15,1659.0
605,194,25,6,5,2083.18
606,195,4,12,0,3422.52
607,195,20,9,10,1969.68
608,195,23,3,0,1128.0
609,195,1,6,0,3888.9
610,195,3,1,10,30.12
611,196,19,7,0,3930.64
612,196,1,2,0,1296.3
613,196,17,2,0,167.58
614,197,2,6,0,213.18
615,197,17,5,0,418.95
616,198,5,9,0,3807.18
617,198,16,8,0,1594.72
618,199,4,8,0,2281.68
619,200,10,6,10,4577.04
620,200,16,2,15,338.88
621,200,21,5,0,4044.85
622,200,22,1,0,141.13
623,201,28,1,15,207.37
624,202,6,11,0,7241.19
625,203,8,9,0,3485.97
626,203,10,3,0,2542.8
627,204,3,9,0,301.23
628,204,6,7,0,4608.03
629,204,17,8,0,670.32
630,205,24,3,0,2408.76
631,205,12,11,0,4311.01
632,206,18,1,0,583.22
633,206,13,12,5,1728.58
634,206,9,10,0,2434.8
635,206,6,4,0,2633.16
636,207,3,7,0,234.29
637,207,22,1,0,141.13
638,207,29,12,0,10039.44
639,207,20,4,0,972.68
640,208,6,10,5,6253.75
641,209,21,6,5,4611.13
642,209,6,6,0,3949.74
643,210,7,5,0,2927.75
644,211,4,10,0,2852.1
645,211,20,7,0,1702.19
646,211,29,10,0,8366.2
647,212,11,6,0,2225.16
648,213,23,3,0,1128.0
649,213,5,11,0,4653.22
650,213,25,12,0,4385.64
651,213,12,5,0,1959.55
652,213,1,10,0,6481.5
653,214,4,6,15,1454.57
654,214,20,2,5,462.02
655,215,26,3,15,1397.83
656,216,17,9,0,754.11
657,216,9,7,0,1704.36
658,217,24,10,0,8029.2
659,217,23,7,0,2632.0
660,218,5,11,10,4187.9
661,218,26,9,0,4933.53
662,218,15,12,0,7130.64
663,218,21,11,5,8453.74
664,219,26,8,0,4385.36
665,219,4,5,10,1283.44
666,220,6,8,0,5266.32
667,220,9,10,0,2434.8
668,220,28,1,10,219.57
669,221,20,8,10,1750.82
670,222,13,9,0,1364.67
671,222,3,9,0,301.23
672,222,26,11,0,6029.87
673,222,10,8,0,6780.8
674,223,24,7,0,5620.44
675,223,26,12,0,6578.04
676,223,29,8,0,6692.96
677,223,7,8,0,4684.4
678,224,3,1,0,33.47
679,224,27,4,15,1179.77
680,224,9,5,5,1156.53
681,224,6,1,0,658.29
682,224,2,5,0,177.65
683,225,6,3,0,1974.87
684,225,8,8,10,2788.78
685,225,24,10,0,8029.2
686,226,12,9,0,3527.19
687,226,21,2,0,1617.94
688,226,25,10,0,3654.7
689,226,23,2,0,752.0
690,226,1,5,0,3240.75
691,227,11,9,0,3337.74
692,227,22,1,0,141.13
693,227,8,12,0,4647.96
694,228,7,7,0,4098.85
695,228,29,2,0,1673.24
696,229,15,5,0,2971.1
697,229,26,1,0,548.17
698,230,17,2,0,167.58
699,230,5,8,0,3384.16
700,230,18,2,0,1166.44
701,231,17,12,0,1005.48
702,231,8,10,0,3873.3
703,232,15,11,10,5882.78
704,232,3,7,5,222.58
705,232,26,3,0,1644.51
706,232,9,10,0,2434.8
707,232,23,3,0,1128.0
708,233,23,1,0,376.0
709,233,29,10,10,7529.58
710,234,20,10,0,2431.7
711,234,23,9,15,2876.4
712,234,29,3,5,2384.37
713,235,8,5,0,1936.65
714,235,6,10,0,6582.9
715,235,20,5,0,1215.85
716,236,20,3,0,729.51
717,237,11,5,0,1854.3
718,238,28,12,0,2927.64
719,238,21,3,0,2426.91
720,239,23,4,0,1504.0
721,239,20,11,0,2674.87
722,239,24,7,10,5058.4
723,240,21,11,0,8898.67
724,240,27,5,0,1734.95
725,240,28,11,0,2683.67
726,240,5,7,0,2961.14
727,240,2,7,15,211.4
728,241,18,7,0,4082.54
729,242,7,12,0,7026.6
730,242,24,6,0,4817.52
731,242,23,8,0,3008.0
732,243,7,1,0,585.55
733,243,1,12,0,7777.8
734,243,17,2,5,159.2
735,243,3,12,0,401.64
736,243,24,8,0,6423.36
737,244,10,2,0,1695.2
738,244,21,9,15,6188.62
739,244,28,7,0,1707.79
740,245,25,8,0,2923.76
741,245,21,5,0,4044.85
742,246,17,9,0,754.11
743,246,24,10,0,8029.2
744,246,18,3,5,1662.18
745,247,27,11,0,3816.89
746,247,10,1,0,847.6
747,247,14,1,0,678.67
748,248,7,1,0,585.55
749,248,10,2,10,1525.68
750,248,6,3,10,1777.38
751,248,4,8,10,2053.51
752,249,6,4,10,2369.84
753,249,13,12,0,1819.56
754,249,29,3,0,2509.86
755,249,11,11,0,4079.46
756,250,8,2,0,774.66
757,250,18,11,0,6415.42
758,250,3,6,0,200.82
759,251,20,11,0,2674.87
760,251,26,11,0,6029.87
761,251,1,3,0,1944.45
762,252,16,12,0,2392.08
763,252,17,12,0,1005.48
764,252,24,4,0,3211.68
765,253,16,12,0,2392.08
766,254,21,8,10,5824.58
767,254,19,2,0,1123.04
768,255,21,9,0,7280.73
769,255,10,11,0,9323.6
770,256,5,12,5,4822.43
771,257,12,12,0,4702.92
772,257,2,3,0,106.59
773,257,16,8,10,1435.25
774,257,3,2,0,66.94
775,258,4,12,0,3422.52
776,259,29,6,0,5019.72
777,260,18,7,0,4082.54
778,260,27,3,5,988.92
779,261,7,2,0,1171.1
780,261,12,9,0,3527.19
781,262,27,11,0,3816.89
782,262,17,3,0,251.37
783,262,19,8,15,3818.34
784,262,15,6,0,3565.32
785,262,22,12,0,1693.56
786,263,23,7,0,2632.0
787,263,8,10,0,3873.3
788,264,29,2,0,1673.24
789,264,6,2,0,1316.58
790,265,15,12,0,7130.64
791,265,27,7,0,2428.93
792,265,16,6,0,1196.04
793,265,8,7,0,2711.31
794,265,9,6,10,1314.79
795,266,4,5,0,1426.05
796,266,23,11,10,3722.4
797,267,11,10,10,3337.74
798,267,9,10,15,2069.58
799,267,28,12,0,2927.64
800,267,15,10,0,5942.2
801,267,24,5,15,3412.41
802,268,28,11,0,2683.67
803,269,23,10,10,3384.0
804,269,27,9,0,3122.91
805,269,20,4,0,972.68
806,269,18,12,0,6998.64
807,269,13,7,0,1061.41
808,270,16,4,0,797.36
809,271,14,4,0,2714.68
810,272,11,2,0,741.72
811,272,16,9,10,1614.65
812,272,28,1,15,207.37
813,272,4,6,0,1711.26
814,272,26,6,0,3289.02
815,273,20,7,0,1702.19
816,273,17,6,10,452.47
817,273,15,9,15,4545.78
818,273,14,11,0,7465.37
819,273,16,3,0,598.02
820,274,16,1,0,199.34
821,275,6,1,0,658.29
822,275,16,1,0,199.34
823,276,12,5,0,1959.55
824,276,8,11,0,4260.63
825,276,2,12,0,426.36
826,276,28,9,0,2195.73
827,276,27,7,0,2428.93
828,277,5,2,0,846.04
829,277,15,11,10,5882.78
830,277,10,9,0,7628.4
831,277,9,9,0,2191.32
832,278,11,2,0,741.72
833,278,3,5,0,167.35
834,278,7,2,0,1171.1
835,279,14,9,0,6108.03
836,279,11,6,10,2002.64
837,280,17,5,0,418.95
838,281,15,1,10,534.8
839,281,4,4,0,1140.84
840,282,24,10,0,8029.2
841,282,16,1,0,199.34
842,282,29,5,0,4183.1
843,282,27,11,10,3435.2
844,282,25,12,0,4385.64
845,283,23,2,0,752.0
846,283,22,1,0,141.13
847,284,2,3,10,95.93
848,285,24,9,0,7226.28
849,285,18,12,0,6998.64
850,285,26,5,0,2740.85
851,285,2,3,10,95.93
852,285,4,6,0,1711.26
853,286,29,12,10,9035.5
854,286,3,2,0,66.94
855,286,12,1,15,333.12
856,287,1,9,0,5833.35
857,287,18,2,0,1166.44
858,287,23,5,0,1880.0
859,288,22,8,0,1129.04
860,289,15,1,5,564.51
861,289,7,8,0,4684.4
862,289,12,10,0,3919.1
863,290,15,5,0,2971.1
864,290,1,2,10,1166.67
865,291,14,4,0,2714.68
866,292,29,1,0,836.62
867,293,5,1,0,423.02
868,293,14,8,0,5429.36
869,294,8,3,0,1161.99
870,294,23,1,0,376.0
871,295,18,4,10,2099.59
872,295,7,6,0,3513.3
873,295,14,4,0,2714.68
874,295,8,7,0,2711.31
875,296,25,2,0,730.94
876,296,27,10,5,3296.4
877,296,26,6,5,3124.57
878,297,4,3,5,812.85
879,298,9,7,5,1619.14
880,299,18,5,0,2916.1
881,299,19,6,10,3032.21
882,299,11,2,5,704.63
883,300,6,6,0,3949.74
884,301,27,5,5,1648.2
885,301,15,12,5,6774.11
886,301,28,10,0,2439.7
887,301,21,4,0,3235.88
888,301,18,8,0,4665.76
889,302,28,4,0,975.88
890,302,18,12,0,6998.64
891,302,20,9,0,2188.53
892,302,24,4,0,3211.68
893,303,27,1,5,329.64
894,303,18,4,0,2332.88
895,303,23,9,0,3384.0
896,303,17,6,0,502.74
897,304,18,6,0,3499.32
898,305,4,12,0,3422.52
899,305,16,12,0,2392.08
900,305,23,5,0,1880.0
901,305,6,2,0,1316.58
902,306,3,7,5,222.58
903,306,1,8,10,4666.68
904,307,2,2,0,71.06
905,307,22,1,0,141.13
906,307,7,4,0,2342.2
907,308,4,12,0,3422.52
908,308,5,6,15,2157.4
909,308,6,8,10,4739.69
910,308,11,12,0,4450.32
911,309,3,9,10,271.11
912,310,22,2,0,282.26
913,310,10,10,0,8476.0
914,310,3,10,10,301.23
915,310,25,1,0,365.47
916,311,8,4,0,1549.32
917,311,1,5,0,3240.75
918,312,23,12,0,4512.0
919,312,20,12,0,2918.04
920,312,6,6,0,3949.74
921,312,22,6,5,804.44
922,313,2,2,0,71.06
923,313,6,4,10,2369.84
924,314,19,3,5,1600.33
925,315,18,8,0,4665.76
926,315,26,6,0,3289.02
927,315,12,7,0,2743.37
928,315,21,2,0,1617.94
929,316,23,8,0,3008.0
930,316,22,5,15,599.8
931,317,21,2,0,1617.94
932,318,9,12,0,2921.76
933,318,5,12,10,4568.62
934,318,1,10,15,5509.28
935,319,24,3,10,2167.88
936,319,14,2,5,1289.47
937,319,9,12,0,2921.76
938,320,21,9,0,7280.73
939,320,23,1,0,376.0
940,320,9,11,5,2544.37
941,320,6,5,0,3291.45
942,321,4,7,0,1996.47
943,322,13,12,0,1819.56
944,322,21,9,0,7280.73
945,322,16,4,0,797.36
946,322,22,2,0,282.26
947,322,23,8,10,2707.2
948,323,24,1,0,802.92
949,324,14,4,0,2714.68
950,324,3,7,0,234.29
951,325,23,10,0,3760.0
952,326,23,1,0,376.0
953,327,15,3,10,1604.39
954,327,1,2,0,1296.3
955,327,13,6,0,909.78
956,327,21,2,5,1537.04
957,328,11,3,0,1112.58
958,329,15,8,0,4753.76
959,329,20,1,0,243.17
960,329,17,7,0,586.53
961,329,4,11,5,2980.44
962,330,14,4,0,2714.68
963,330,16,3,0,598.02
964,330,17,5,0,418.95
965,331,3,1,0,33.47
966,331,14,10,0,6786.7
967,332,21,11,0,8898.67
968,332,6,5,0,3291.45
969,333,4,8,5,2167.6
970,333,8,1,0,387.33
971,333,27,2,0,693.98
972,333,22,5,0,705.65
973,333,23,7,10,2368.8
974,334,15,11,0,6536.42
975,334,23,9,0,3384.0
976,335,12,1,0,391.91
977,335,22,7,0,987.91
978,335,1,12,10,7000.02
979,335,29,6,5,4768.73
980,335,28,8,0,1951.76
981,336,17,10,10,754.11
982,336,26,9,0,4933.53
983,336,29,6,0,5019.72
984,337,9,1,0,243.48
985,337,14,6,0,4072.02
986,338,23,5,0,1880.0
987,339,26,6,0,3289.02
988,339,25,10,5,3471.96
989,339,28,4,0,975.88
990,339,14,3,15,1730.61
991,339,22,2,5,268.15
992,340,9,5,0,1217.4
993,340,15,9,0,5347.98
994,341,17,10,0,837.9
995,341,11,7,5,2466.22
996,342,2,4,0,142.12
997,342,5,10,0,4230.2
998,343,25,10,10,3289.23
999,343,7,1,0,585.55
1000,343,22,12,5,1608.88
1001,344,22,10,0,1411.3
1002,344,12,3,0,1175.73
1003,344,1,10,0,6481.5
1004,344,4,4,0,1140.84
1005,344,9,8,0,1947.84
1006,345,2,8,0,284.24
1007,345,19,1,0,561.52
1008,346,18,10,10,5248.98
1009,346,15,4,0,2376.88
1010,347,25,1,5,347.2
1011,347,12,6,5,2233.89
1012,347,29,10,0,8366.2
1013,347,4,4,15,969.71
1014,348,29,12,10,9035.5
1015,348,14,3,0,2036.01
1016,348,11,6,5,2113.9
1017,349,23,10,0,3760.0
1018,349,27,12,0,4163.88
1019,350,18,6,5,3324.35
1020,350,8,2,0,774.66
1021,350,9,6,0,1460.88
1022,350,2,12,0,426.36
1023,350,12,11,0,4311.01
1024,351,20,6,0,1459.02
1025,352,25,3,0,1096.41
1026,352,3,12,0,401.64
1027,353,25,11,0,4020.17
1028,353,20,6,0,1459.02
1029,353,12,3,0,1175.73
1030,353,21,12,0,9707.64
1031,354,27,6,0,2081.94
1032,354,24,4,0,3211.68
1033,354,10,11,0,9323.6
1034,354,13,10,0,1516.3
1035,354,23,3,0,1128.0
1036,355,16,3,0,598.02
1037,355,11,3,0,1112.58
1038,355,27,12,0,4163.88
1039,356,6,7,0,4608.03
1040,356,7,10,0,5855.5
1041,356,25,1,0,365.47
1042,356,18,3,10,1574.69
1043,356,14,10,0,6786.7
1044,357,7,11,0,6441.05
1045,357,27,10,0,3469.9
1046,358,22,6,0,846.78
1047,358,1,12,0,7777.8
1048,359,23,6,0,2256.0
1049,359,10,3,5,2415.66
1050,359,12,11,10,3879.91
1051,360,9,8,0,1947.84
1052,360,20,1,10,218.85
1053,360,11,5,0,1854.3
1054,361,3,6,5,190.78
1055,362,25,1,0,365.47
1056,363,23,3,5,1071.6
1057,363,24,7,0,5620.44
1058,363,29,8,0,6692.96
1059,363,22,7,0,987.91
1060,364,10,2,0,1695.2
1061,364,2,8,0,284.24
1062,364,20,10,0,2431.7
1063,364,17,11,10,829.52
1064,365,20,3,0,729.51
1065,365,13,8,5,1152.39
1066,366,23,1,0,376.0
1067,366,6,6,5,3752.25
1068,366,24,5,0,4014.6
1069,367,29,3,0,2509.86
1070,367,16,7,0,1395.38
1071,367,12,3,0,1175.73
1072,368,23,2,0,752.0
1073,368,13,6,5,864.29
1074,368,3,10,10,301.23
1075,368,11,10,15,3152.31
1076,368,14,8,0,5429.36
1077,369,3,11,5,349.76
1078,369,26,3,0,1644.51
1079,369,10,10,0,8476.0
1080,369,4,7,0,1996.47
1081,370,28,4,0,975.88
1082,370,21,4,0,3235.88
1083,370,14,7,0,4750.69
1084,371,7,5,0,2927.75
1085,371,24,11,0,8832.12
1086,371,27,5,0,1734.95
1087,371,13,5,0,758.15
1088,371,5,4,0,1692.08
1089,372,20,10,0,2431.7
1090,372,3,9,0,301.23
1091,372,6,8,10,4739.69
1092,372,2,3,0,106.59
1093,373,1,7,15,3856.49
1094,374,8,8,0,3098.64
1095,374,11,4,0,1483.44
1096,374,29,2,0,1673.24
1097,374,24,1,0,802.92
1098,374,12,4,10,1410.88
1099,375,1,2,10,1166.67
1100,375,21,8,0,6471.76
1101,375,3,2,0,66.94
1102,376,29,8,0,6692.96
1103,376,15,11,0,6536.42
1104,376,7,5,0,2927.75
1105,376,25,2,10,657.85
1106,377,10,3,0,2542.8
1107,377,12,6,0,2351.46
1108,377,9,7,0,1704.36
1109,377,1,6,0,3888.9
1110,378,5,5,15,1797.83
1111,379,5,5,0,2115.1
1112,379,12,10,15,3331.24
1113,380,10,2,0,1695.2
1114,381,13,7,0,1061.41
1115,381,23,10,0,3760.0
1116,381,5,4,0,1692.08
1117,381,19,9,0,5053.68
1118,381,10,1,0,847.6
1119,382,20,7,0,1702.19
1120,382,14,9,0,6108.03
1121,382,22,11,0,1552.43
1122,382,5,8,0,3384.16
1123,382,26,10,0,5481.7
1124,383,2,2,0,71.06
1125,383,1,7,0,4537.05
1126,383,7,12,0,7026.6
1127,384,25,9,0,3289.23
1128,384,20,10,0,2431.7
1129,384,16,11,0,2192.74
1130,384,19,10,0,5615.2
1131,384,7,3,0,1756.65
1132,385,23,3,0,1128.0
1133,385,17,4,0,335.16
1134,386,25,1,0,365.47
1135,386,23,7,10,2368.8
1136,387,10,4,0,3390.4
1137,387,29,11,0,9202.82
1138,387,19,3,10,1516.1
1139,387,15,10,0,5942.2
1140,388,23,2,0,752.0
1141,389,5,9,0,3807.18
1142,389,27,6,0,2081.94
1143,389,11,5,0,1854.3
1144,389,20,9,5,2079.1
1145,390,2,10,0,355.3
1146,390,22,9,0,1270.17
1147,390,16,7,5,1325.61
1148,390,11,2,5,704.63
1149,390,23,7,5,2500.4
1150,391,10,10,0,8476.0
1151,391,14,10,0,6786.7
1152,391,17,2,5,159.2
1153,391,6,2,0,1316.58
1154,391,28,10,0,2439.7
1155,392,8,9,15,2963.07
1156,392,1,6,0,3888.9
1157,392,16,7,15,1186.07
1158,393,21,10,0,8089.7
1159,393,13,10,0,1516.3
1160,393,5,8,0,3384.16
1161,393,1,1,0,648.15
1162,394,4,3,0,855.63
1163,394,22,10,10,1270.17
1164,394,21,10,0,8089.7
1165,394,11,11,0,4079.46
1166,395,29,7,0,5856.34
1167,396,19,1,5,533.44
1168,396,2,12,10,383.72
1169,397,29,1,15,711.13
1170,397,11,6,10,2002.64
1171,397,24,5,0,4014.6
1172,398,17,12,0,1005.48
1173,398,20,11,0,2674.87
1174,398,16,2,10,358.81
1175,398,13,4,10,545.87
1176,399,18,6,0,3499.32
1177,399,11,5,0,1854.3
1178,399,24,12,0,9635.04
1179,399,16,7,0,1395.38
1180,400,12,4,0,1567.64
1181,401,8,9,0,3485.97
1182,401,10,6,10,4577.04
1183,401,27,1,0,346.99
1184,401,19,9,0,5053.68
1185,402,19,5,0,2807.6
1186,403,26,3,0,1644.51
1187,403,3,9,5,286.17
1188,403,10,10,10,7628.4
1189,403,17,1,0,83.79
1190,404,20,1,10,218.85
1191,404,6,4,0,2633.16
1192,405,3,6,5,190.78
1193,406,16,6,0,1196.04
1194,406,23,8,0,3008.0
1195,406,2,9,0,319.77
1196,407,11,11,0,4079.46
1197,408,7,8,10,4215.96
1198,408,27,10,0,3469.9
1199,408,18,8,0,4665.76
1200,409,23,9,0,3384.0
1201,409,28,6,0,1463.82
1202,409,26,6,10,2960.12
1203,409,8,3,0,1161.99
1204,409,9,5,0,1217.4
1205,410,1,5,0,3240.75
1206,411,4,3,0,855.63
1207,412,26,4,15,1863.78
1208,412,23,11,0,4136.0
1209,413,26,5,0,2740.85
1210,413,21,11,0,8898.67
1211,414,3,11,10,331.35
1212,415,17,11,0,921.69
1213,415,11,3,10,1001.32
1214,416,22,5,0,705.65
1215,416,8,10,0,3873.3
1216,417,2,7,5,236.27
1217,417,15,7,5,3951.56
1218,417,16,6,5,1136.24
1219,418,27,8,0,2775.92
1220,418,12,5,10,1763.6
1221,419,5,7,10,2665.03
1222,419,14,10,0,6786.7
1223,419,23,2,0,752.0
1224,419,28,1,10,219.57
1225,419,8,9,0,3485.97
1226,420,9,11,0,2678.28
1227,420,12,10,0,3919.1
1228,420,24,10,0,8029.2
1229,420,3,5,0,167.35
1230,420,19,5,0,2807.6
1231,421,1,2,0,1296.3
1232,421,11,6,0,2225.16
1233,421,16,5,0,996.7
1234,421,10,11,0,9323.6
1235,422,13,11,0,1667.93
1236,422,11,12,0,4450.32
1237,422,1,11,0,7129.65
1238,423,18,9,0,5248.98
1239,423,28,4,0,975.88
1240,424,22,11,10,1397.19
1241,424,27,6,0,2081.94
1242,424,24,11,0,8832.12
1243,424,8,3,0,1161.99
1244,425,17,5,0,418.95
1245,425,28,7,5,1622.4
1246,425,8,7,0,2711.31
1247,426,7,10,5,5562.72
1248,427,14,11,0,7465.37
1249,427,9,9,10,1972.19
1250,428,2,9,0,319.77
1251,428,10,5,0,4238.0
1252,428,4,3,0,855.63
1253,429,1,3,10,1750.0
1254,429,5,5,0,2115.1
1255,429,20,2,0,486.34
1256,429,28,8,10,1756.58
1257,429,11,3,0,1112.58
1258,430,16,3,0,598.02
1259,430,11,11,15,3467.54
1260,430,12,6,10,2116.31
1261,430,15,11,5,6209.6
1262,430,5,2,0,846.04
1263,431,28,12,10,2634.88
1264,431,10,5,10,3814.2
1265,432,28,5,0,1219.85
1266,432,24,10,0,8029.2
1267,432,13,5,0,758.15
1268,433,15,1,0,594.22
1269,433,21,11,0,8898.67
1270,433,9,10,5,2313.06
1271,433,7,10,15,4977.18
1272,434,28,4,0,975.88
1273,434,26,9,5,4686.85
1274,434,17,2,0,167.58
1275,434,21,11,5,8453.74
1276,435,16,7,0,1395.38
1277,435,29,1,5,794.79
1278,435,22,3,0,423.39
1279,436,12,7,0,2743.37
1280,436,20,10,0,2431.7
1281,436,1,8,0,5185.2
1282,437,2,2,0,71.06
1283,437,27,8,0,2775.92
1284,438,7,6,10,3161.97
1285,438,19,11,0,6176.72
1286,439,25,5,0,1827.35
1287,439,17,4,0,335.16
1288,439,8,3,0,1161.99
1289,439,10,10,15,7204.6
1290,440,17,2,0,167.58
1291,440,15,3,5,1693.53
1292,440,28,10,0,2439.7
1293,440,27,7,5,2307.48
1294,441,26,7,0,3837.19
1295,441,25,8,10,2631.38
1296,441,13,7,0,1061.41
1297,441,2,1,5,33.75
1298,442,19,12,5,6401.33
1299,442,27,6,0,2081.94
1300,443,9,4,10,876.53
1301,443,23,1,0,376.0
1302,443,29,11,0,9202.82
1303,443,11,1,0,370.86
1304,443,25,11,0,4020.17
1305,444,16,12,0,2392.08
1306,444,23,6,0,2256.0
1307,445,21,7,0,5662.79
1308,446,27,3,0,1040.97
1309,446,1,2,0,1296.3
1310,446,13,1,0,151.63
1311,447,17,12,0,1005.48
1312,447,6,9,5,5628.38
1313,447,29,10,5,7947.89
1314,447,28,9,0,2195.73
1315,448,16,6,0,1196.04
1316,448,25,8,0,2923.76
1317,449,25,7,0,2558.29
1318,449,27,1,0,346.99
1319,450,3,4,0,133.88
1320,450,19,12,0,6738.24
1321,451,29,3,0,2509.86
1322,451,24,2,0,1605.84
1323,451,21,6,0,4853.82
1324,451,18,12,0,6998.64
1325,451,23,11,15,3515.6
1326,452,1,11,5,6773.17
1327,452,3,5,10,150.62
1328,452,21,9,0,7280.73
1329,452,9,10,0,2434.8
1330,453,27,11,0,3816.89
1331,454,18,1,0,583.22
1332,455,18,8,5,4432.47
1333,455,17,7,0,586.53
1334,455,6,2,0,1316.58
1335,455,16,9,0,1794.06
1336,456,3,4,0,133.88
1337,456,6,12,0,7899.48
1338,457,2,5,0,177.65
1339,458,9,11,0,2678.28
1340,459,7,10,0,5855.5
1341,459,1,12,15,6611.13
1342,459,15,3,0,1782.66
1343,459,14,7,0,4750.69
1344,459,3,2,0,66.94
1345,460,11,2,0,741.72
1346,460,28,5,0,1219.85
1347,460,29,2,5,1589.58
1348,460,16,2,0,398.68
1349,460,12,8,0,3135.28
1350,461,13,5,5,720.24
1351,461,9,9,0,2191.32
1352,462,12,5,0,1959.55
1353,462,27,3,0,1040.97
1354,462,20,1,10,218.85
1355,462,5,9,0,3807.18
1356,463,15,6,0,3565.32
1357,463,20,4,0,972.68
1358,463,10,1,5,805.22
1359,463,16,1,0,199.34
1360,464,7,11,0,6441.05
1361,464,16,8,15,1355.51
1362,464,14,3,15,1730.61
1363,464,6,2,5,1250.75
1364,464,9,9,10,1972.19
1365,465,20,5,0,1215.85
1366,466,23,5,0,1880.0
1367,466,28,5,0,1219.85
1368,466,22,8,0,1129.04
1369,466,4,1,0,285.21
1370,467,28,5,0,1219.85
1371,468,14,7,0,4750.69
1372,468,15,12,0,7130.64
1373,468,27,2,0,693.98
1374,469,15,3,0,1782.66
1375,470,15,6,0,3565.32
1376,470,3,6,0,200.82
1377,471,2,12,0,426.36
1378,471,20,2,5,462.02
1379,471,11,6,0,2225.16
1380,472,10,2,0,1695.2
1381,472,17,7,15,498.55
1382,473,18,7,0,4082.54
1383,473,21,11,15,7563.87
1384,473,1,3,0,1944.45
1385,473,22,2,15,239.92
1386,474,9,3,0,730.44
1387,475,22,8,0,1129.04
1388,475,29,10,0,8366.2
1389,475,17,11,5,875.61
1390,475,16,8,0,1594.72
1391,475,21,3,0,2426.91
1392,476,19,10,15,4772.92
1393,476,11,1,0,370.86
1394,476,12,11,0,4311.01
1395,477,22,8,0,1129.04
1396,477,19,8,0,4492.16
1397,478,20,1,0,243.17
1398,478,3,2,0,66.94
1399,478,15,5,0,2971.1
1400,478,22,11,15,1319.57
1401,479,22,12,0,1693.56
1402,479,7,10,5,5562.72
1403,479,3,12,15,341.39
1404,479,18,10,5,5540.59
1405,479,11,4,0,1483.44
1406,480,17,9,0,754.11
1407,480,21,12,0,9707.64
1408,480,5,12,0,5076.24
1409,480,13,10,0,1516.3
1410,480,10,2,0,1695.2
1411,481,17,8,0,670.32
1412,481,1,6,0,3888.9
1413,482,2,3,0,106.59
1414,482,16,9,10,1614.65
1415,482,3,10,0,334.7
1416,482,1,1,0,648.15
1417,483,23,9,0,3384.0
1418,483,18,8,10,4199.18
1419,484,26,2,0,1096.34
1420,484,7,8,0,4684.4
1421,485,2,5,0,177.65
1422,485,12,1,0,391.91
1423,485,5,9,0,3807.18
1424,486,15,7,0,4159.54
1425,486,27,4,0,1387.96
1426,486,11,2,0,741.72
1427,486,26,8,0,4385.36
1428,487,22,2,5,268.15
1429,487,6,8,10,4739.69
1430,487,11,8,0,2966.88
1431,487,3,6,0,200.82
1432,488,15,2,0,1188.44
1433,489,11,9,5,3170.85
1434,490,4,10,0,2852.1
1435,491,27,9,0,3122.91
1436,491,13,9,10,1228.2
1437,491,6,4,0,2633.16
1438,492,16,6,0,1196.04
1439,492,21,6,0,4853.82
1440,492,2,1,0,35.53
1441,492,13,4,0,606.52
1442,493,28,9,10,1976.16
1443,493,18,10,0,5832.2
1444,493,8,10,0,3873.3
1445,494,8,12,0,4647.96
1446,494,9,8,0,1947.84
1447,494,29,2,0,1673.24
1448,495,2,1,0,35.53
1449,495,19,6,5,3200.66
1450,496,16,9,10,1614.65
1451,496,27,9,0,3122.91
1452,496,7,6,0,3513.3
1453,497,24,3,0,2408.76
1454,498,18,2,10,1049.8
1455,498,13,5,0,758.15
1456,498,29,10,0,8366.2
1457,498,5,4,5,1607.48
1458,499,13,4,10,545.87
1459,499,4,8,0,2281.68
1460,499,1,4,0,2592.6
1461,499,2,12,0,426.36
1462,500,7,1,0,585.55
1463,500,11,11,5,3875.49
1464,500,19,11,0,6176.72
1465,500,1,10,0,6481.5
1466,501,19,11,0,6176.72
1467,501,25,10,0,3654.7
1468,501,22,9,0,1270.17
1469,501,4,3,0,855.63
1470,502,5,12,0,5076.24
1471,502,29,1,0,836.62
1472,502,7,9,5,5006.45
1473,502,18,7,5,3878.41
1474,502,22,10,0,1411.3
1475,503,17,12,0,1005.48
1476,503,1,10,0,6481.5
1477,504,19,2,15,954.58
1478,504,16,7,0,1395.38
1479,505,16,6,0,1196.04
1480,505,17,9,0,754.11
1481,505,22,7,0,987.91
1482,505,24,7,0,5620.44
1483,505,29,10,0,8366.2
1484,506,5,7,5,2813.08
1485,506,14,6,0,4072.02
1486,506,13,5,5,720.24
1487,507,9,7,0,1704.36
1488,507,8,10,15,3292.3
1489,508,4,5,0,1426.05
1490,508,22,12,0,1693.56
1491,508,1,9,5,5541.68
1492,508,25,6,0,2192.82
1493,508,11,12,0,4450.32
1494,509,19,4,5,2133.78
1495,509,22,4,0,564.52
1496,510,16,11,0,2192.74
1497,510,26,6,10,2960.12
1498,510,4,11,15,2666.71
1499,511,13,9,0,1364.67
1500,511,8,9,5,3311.67
1501,512,27,12,0,4163.88
1502,512,15,2,0,1188.44
1503,512,26,6,0,3289.02
1504,513,7,10,0,5855.5
1505,513,22,11,0,1552.43
1506,513,11,12,0,4450.32
1507,513,18,7,0,4082.54
1508,513,13,11,0,1667.93
1509,514,7,7,0,4098.85
1510,514,21,1,0,808.97
1511,514,15,9,10,4813.18
1512,515,4,3,0,855.63
1513,515,11,1,0,370.86
1514,515,10,11,5,8857.42
1515,515,29,1,0,836.62
1516,516,8,5,0,1936.65
1517,516,12,11,15,3664.36
1518,517,27,12,0,4163.88
1519,518,6,9,10,5332.15
1520,518,3,1,0,33.47
1521,519,3,10,0,334.7
1522,520,11,4,0,1483.44
1523,520,14,12,10,7329.64
1524,520,26,11,0,6029.87
1525,520,16,9,0,1794.06
1526,520,13,7,15,902.2
1527,521,4,12,0,3422.52
1528,521,9,11,10,2410.45
1529,521,3,1,5,31.8
1530,522,9,11,5,2544.37
1531,522,22,6,0,846.78
1532,522,20,9,0,2188.53
1533,522,28,1,0,243.97
1534,523,21,4,10,2912.29
1535,523,22,10,0,1411.3
1536,523,5,8,0,3384.16
1537,524,1,10,0,6481.5
1538,524,5,9,10,3426.46
1539,524,19,12,0,6738.24
1540,525,5,5,0,2115.1
1541,525,17,8,0,670.32
1542,526,25,3,5,1041.59
1543,527,1,2,5,1231.48
1544,527,16,7,0,1395.38
1545,527,28,1,0,243.97
1546,527,27,7,15,2064.59
1547,527,29,5,0,4183.1
1548,528,21,3,0,2426.91
1549,528,8,10,0,3873.3
1550,529,7,6,0,3513.3
1551,530,1,1,0,648.15
1552,530,14,3,15,1730.61
1553,531,21,11,10,8008.8
1554,532,25,8,15,2485.2
1555,532,6,10,0,6582.9
1556,532,4,9,0,2566.89
1557,533,13,9,0,1364.67
1558,533,18,4,5,2216.24
1559,533,14,3,0,2036.01
1560,534,28,3,0,731.91
1561,534,12,7,0,2743.37
1562,534,11,9,0,3337.74
1563,534,7,9,5,5006.45
1564,534,19,7,0,3930.64
1565,535,5,4,5,1607.48
1566,535,8,11,5,4047.6
1567,536,24,4,0,3211.68
1568,536,9,10,0,2434.8
1569,536,6,9,5,5628.38
1570,537,1,2,0,1296.3
1571,538,20,4,0,972.68
1572,538,21,11,0,8898.67
1573,538,14,10,0,6786.7
1574,538,24,10,0,8029.2
1575,539,27,7,10,2186.04
1576,539,6,2,0,1316.58
1577,539,4,7,10,1796.82
1578,540,23,1,0,376.0
1579,540,17,9,0,754.11
1580,540,28,6,0,1463.82
1581,541,28,8,0,1951.76
1582,541,7,1,0,585.55
1583,541,19,5,0,2807.6
1584,541,6,11,0,7241.19
1585,542,12,2,0,783.82
1586,542,14,2,0,1357.34
1587,542,26,3,0,1644.51
1588,542,28,9,0,2195.73
1589,542,19,9,0,5053.68
1590,543,12,4,0,1567.64
1591,544,14,11,0,7465.37
1592,544,24,7,0,5620.44
1593,545,24,11,0,8832.12
1594,545,12,2,0,783.82
1595,545,17,12,0,1005.48
1596,545,10,11,5,8857.42
1597,546,16,12,0,2392.08
1598,546,4,6,0,1711.26
1599,546,26,1,0,548.17
1600,546,20,2,0,486.34
1601,547,8,5,0,1936.65
1602,547,7,9,0,5269.95
1603,548,15,7,0,4159.54
1604,548,3,7,0,234.29
1605,548,23,8,0,3008.0
1606,549,27,6,0,2081.94
1607,549,22,1,0,141.13
1608,549,18,7,0,4082.54
1609,549,14,11,0,7465.37
1610,550,15,11,0,6536.42
1611,551,1,12,0,7777.8
1612,552,14,9,5,5802.63
1613,552,16,2,10,358.81
1614,552,12,5,10,1763.6
1615,553,19,10,0,5615.2
1616,553,18,2,0,1166.44
1617,553,12,5,0,1959.55
1618,554,2,7,15,211.4
1619,554,5,11,0,4653.22
1620,554,7,1,0,585.55
1621,554,10,8,0,6780.8
1622,555,1,3,0,1944.45
1623,555,29,12,0,10039.44
1624,556,20,11,0,2674.87
1625,556,5,3,0,1269.06
1626,556,1,5,5,3078.71
1627,557,28,1,0,243.97
1628,557,21,9,5,6916.69
1629,557,6,9,0,5924.61
1630,558,20,1,0,243.17
1631,559,8,9,0,3485.97
1632,559,10,2,0,1695.2
1633,559,5,5,10,1903.59
1634,559,26,4,15,1863.78
1635,559,25,12,0,4385.64
1636,560,21,4,0,3235.88
1637,560,6,7,0,4608.03
1638,560,12,11,5,4095.46
1639,561,16,3,0,598.02
1640,561,18,3,0,1749.66
1641,562,11,4,0,1483.44
1642,562,9,2,0,486.96
1643,562,23,3,0,1128.0
1644,563,1,9,10,5250.02
1645,564,22,2,0,282.26
1646,564,9,5,0,1217.4
1647,564,2,11,5,371.29
1648,564,14,2,15,1153.74
1649,564,17,5,5,398.0
1650,565,26,8,5,4166.09
1651,565,21,6,0,4853.82
1652,565,9,6,0,1460.88
1653,565,25,3,10,986.77
1654,565,8,11,0,4260.63
1655,566,28,5,5,1158.86
1656,567,2,6,0,213.18
1657,567,18,8,0,4665.76
1658,568,18,11,0,6415.42
1659,568,10,5,0,4238.0
1660,568,20,12,5,2772.14
1661,568,28,10,0,2439.7
1662,568,12,3,0,1175.73
1663,569,9,6,0,1460.88
1664,569,10,7,0,5933.2
1665,569,23,3,15,958.8
1666,570,16,4,0,797.36
1667,570,5,12,0,5076.24
1668,571,11,5,0,1854.3
1669,571,22,6,5,804.44
1670,571,14,3,5,1934.21
1671,571,4,11,0,3137.31
1672,572,22,8,0,1129.04
1673,572,6,8,0,5266.32
1674,572,2,6,0,213.18
1675,572,18,5,0,2916.1
1676,573,21,3,0,2426.91
1677,574,11,5,0,1854.3
1678,575,21,4,15,2750.5
1679,575,22,5,0,705.65
1680,575,13,12,0,1819.56
1681,575,1,11,0,7129.65
1682,575,12,2,5,744.63
1683,576,24,9,5,6864.97
1684,577,18,10,0,5832.2
1685,577,6,7,0,4608.03
1686,577,10,10,10,7628.4
1687,577,8,4,15,1316.92
1688,577,1,1,15,550.93
1689,578,20,9,0,2188.53
1690,578,23,8,15,2556.8
1691,578,25,11,5,3819.16
1692,578,6,3,10,1777.38
1693,578,22,6,0,846.78
1694,579,6,12,0,7899.48
1695,579,21,5,0,4044.85
1696,579,23,3,10,1015.2
1697,579,26,8,0,4385.36
1698,579,1,9,10,5250.02
1699,580,10,6,10,4577.04
1700,580,28,9,0,2195.73
1701,580,18,1,0,583.22
1702,580,29,11,0,9202.82
1703,581,11,9,0,3337.74
1704,581,6,3,5,1876.13
1705,582,10,10,0,8476.0
1706,582,17,10,0,837.9
1707,583,3,6,0,200.82
1708,583,19,1,0,561.52
1709,583,12,4,0,1567.64
1710,583,24,8,0,6423.36
1711,584,20,6,0,1459.02
1712,584,10,4,0,3390.4
1713,584,8,1,0,387.33
1714,585,17,6,10,452.47
1715,585,23,7,0,2632.0
1716,585,2,8,10,255.82
1717,585,20,8,0,1945.36
1718,585,24,1,0,802.92
1719,586,13,2,0,303.26
1720,586,20,12,0,2918.04
1721,586,23,9,10,3045.6
1722,587,28,10,5,2317.71
1723,587,2,9,0,319.77
1724,587,9,10,10,2191.32
1725,588,22,6,0,846.78
1726,588,29,10,0,8366.2
1727,588,19,11,0,6176.72
1728,588,14,2,0,1357.34
1729,589,10,4,0,3390.4
1730,589,13,9,5,1296.44
1731,589,22,7,5,938.51
1732,589,5,6,0,2538.12
1733,590,1,8,0,5185.2
1734,590,15,10,0,5942.2
1735,590,3,1,0,33.47
1736,590,20,9,0,2188.53
1737,591,16,4,0,797.36
1738,591,27,2,0,693.98
1739,592,12,4,10,1410.88
1740,592,28,3,5,695.31
1741,592,24,3,0,2408.76
1742,593,4,12,0,3422.52
1743,593,11,2,0,741.72
1744,593,7,11,0,6441.05
1745,593,2,4,0,142.12
1746,593,23,7,0,2632.0
1747,594,12,8,0,3135.28
1748,595,2,4,0,142.12
1749,595,10,10,10,7628.4
1750,595,14,3,0,2036.01
1751,595,16,11,0,2192.74
1752,596,29,4,0,3346.48
1753,597,25,10,10,3289.23
1754,597,23,3,5,1071.6
1755,597,12,3,0,1175.73
1756,597,8,11,5,4047.6
1757,597,11,9,0,3337.74
1758,598,29,1,0,836.62
1759,598,16,3,0,598.02
1760,599,3,7,0,234.29
1761,599,2,10,10,319.77
1762,599,18,10,10,5248.98
1763,599,6,11,0,7241.19
1764,599,12,1,15,333.12
1765,600,5,2,0,846.04
1766,600,29,4,15,2844.51
1767,600,8,8,0,3098.64
1768,601,5,3,5,1205.61
1769,601,28,4,0,975.88
1770,601,27,7,0,2428.93
1771,601,26,10,0,5481.7
1772,602,5,10,0,4230.2
1773,602,29,11,0,9202.82
1774,603,7,12,0,7026.6
1775,603,20,11,0,2674.87
1776,604,16,10,0,1993.4
1777,604,5,2,0,846.04
1778,604,26,4,0,2192.68
1779,604,28,7,0,1707.79
1780,604,23,7,0,2632.0
1781,605,22,4,0,564.52
1782,606,7,3,0,1756.65
1783,606,5,10,0,4230.2
1784,606,23,2,10,676.8
1785,606,28,3,0,731.91
1786,607,28,1,0,243.97
1787,607,9,9,0,2191.32
1788,607,7,9,0,5269.95
1789,607,24,2,0,1605.84
1790,607,11,2,0,741.72
1791,608,15,10,5,5645.09
1792,608,17,9,0,754.11
1793,609,18,9,0,5248.98
1794,609,1,7,5,4310.2
1795,609,7,6,0,3513.3
1796,609,19,1,0,561.52
1797,610,15,4,0,2376.88
1798,610,14,8,5,5157.89
1799,610,13,7,10,955.27
1800,610,29,6,0,5019.72
1801,611,26,2,0,1096.34
1802,611,16,7,0,1395.38
1803,611,1,3,5,1847.23
1804,611,22,5,5,670.37
1805,611,18,8,10,4199.18
1806,612,29,5,0,4183.1
1807,613,20,5,0,1215.85
1808,613,25,4,0,1461.88
1809,613,14,1,0,678.67
1810,613,10,12,0,10171.2
1811,614,11,9,0,3337.74
1812,614,16,2,0,398.68
1813,614,8,9,0,3485.97
1814,614,15,1,0,594.22
1815,614,25,7,0,2558.29
1816,615,17,7,5,557.2
1817,615,20,6,0,1459.02
1818,615,29,2,0,1673.24
1819,616,23,5,0,1880.0
1820,616,12,5,0,1959.55
1821,616,5,9,10,3426.46
1822,616,4,7,0,1996.47
1823,616,29,10,0,8366.2
1824,617,28,11,0,2683.67
1825,617,20,7,0,1702.19
1826,617,7,4,0,2342.2
1827,618,9,8,0,1947.84
1828,618,12,3,0,1175.73
1829,618,11,6,0,2225.16
1830,618,1,9,0,5833.35
1831,618,27,9,0,3122.91
1832,619,21,10,0,8089.7
1833,619,15,6,10,3208.79
1834,619,25,12,0,4385.64
1835,620,13,11,0,1667.93
1836,620,5,2,0,846.04
1837,621,19,12,10,6064.42
1838,621,7,3,5,1668.82
1839,621,5,2,0,846.04
1840,621,26,4,0,2192.68
1841,622,16,9,0,1794.06
1842,622,9,10,0,2434.8
1843,622,2,12,0,426.36
1844,623,23,3,15,958.8
1845,624,21,2,0,1617.94
1846,625,22,10,0,1411.3
1847,625,3,7,0,234.29
1848,625,6,2,0,1316.58
1849,625,25,2,15,621.3
1850,626,14,2,0,1357.34
1851,626,2,10,0,355.3
1852,626,17,1,0,83.79
1853,627,28,10,5,2317.71
1854,627,12,11,0,4311.01
1855,627,15,9,0,5347.98
1856,627,8,5,0,1936.65
1857,628,19,3,0,1684.56
1858,629,8,1,0,387.33
1859,629,26,4,0,2192.68
1860,629,25,11,0,4020.17
1861,629,13,9,5,1296.44
1862,630,28,10,0,2439.7
1863,631,12,10,0,3919.1
1864,631,8,3,0,1161.99
1865,632,13,4,0,606.52
1866,632,22,11,0,1552.43
1867,632,28,1,0,243.97
1868,633,24,7,0,5620.44
1869,633,7,6,15,2986.3
1870,633,10,11,5,8857.42
1871,634,14,4,0,2714.68
1872,634,25,9,0,3289.23
1873,634,6,1,0,658.29
1874,634,21,12,0,9707.64
1875,634,2,12,10,383.72
1876,635,21,5,0,4044.85
1877,635,18,12,0,6998.64
1878,635,12,9,0,3527.19
1879,635,28,10,0,2439.7
1880,635,14,6,15,3461.22
1881,636,24,10,0,8029.2
1882,636,14,4,0,2714.68
1883,637,27,1,10,312.29
1884,637,17,5,0,418.95
1885,637,5,3,0,1269.06
1886,637,26,7,0,3837.19
1887,637,20,9,0,2188.53
1888,638,3,9,0,301.23
1889,639,28,9,0,2195.73
1890,640,2,5,0,177.65
1891,640,12,12,0,4702.92
1892,640,27,8,0,2775.92
1893,640,11,7,0,2596.02
1894,640,3,10,0,334.7
1895,641,18,8,0,4665.76
1896,641,14,11,5,7092.1
1897,641,1,8,0,5185.2
1898,642,23,2,0,752.0
1899,642,28,5,0,1219.85
1900,642,25,2,10,657.85
1901,642,29,7,0,5856.34
1902,643,6,6,0,3949.74
1903,643,1,7,0,4537.05
1904,644,10,1,15,720.46
1905,644,24,12,0,9635.04
1906,644,16,5,0,996.7
1907,644,7,4,0,2342.2
1908,644,18,5,0,2916.1
1909,645,24,2,0,1605.84
1910,645,9,9,0,2191.32
1911,645,8,3,10,1045.79
1912,646,23,4,0,1504.0
1913,646,3,10,0,334.7
1914,646,29,5,0,4183.1
1915,647,21,8,0,6471.76
1916,647,24,12,0,9635.04
1917,648,24,5,0,4014.6
1918,648,2,4,10,127.91
1919,649,7,10,0,5855.5
1920,649,28,6,0,1463.82
1921,650,9,2,0,486.96
1922,651,23,10,0,3760.0
1923,651,13,1,0,151.63
1924,651,1,9,0,5833.35
1925,651,28,1,0,243.97
1926,652,24,10,5,7627.74
1927,652,10,6,5,4831.32
1928,652,5,8,0,3384.16
1929,653,8,3,5,1103.89
1930,653,6,9,0,5924.61
1931,653,1,5,0,3240.75
1932,653,4,7,5,1896.65
1933,654,29,1,0,836.62
1934,654,4,9,0,2566.89
1935,655,19,9,0,5053.68
1936,655,25,1,0,365.47
1937,655,2,9,0,319.77
1938,655,15,6,0,3565.32
1939,656,15,8,0,4753.76
1940,656,2,2,0,71.06
1941,657,28,6,0,1463.82
1942,657,14,12,0,8144.04
1943,657,16,1,0,199.34
1944,657,13,1,0,151.63
1945,658,1,10,0,6481.5
1946,658,5,2,0,846.04
1947,658,19,6,0,3369.12
1948,658,13,6,5,864.29
1949,659,9,9,0,2191.32
1950,659,5,5,0,2115.1
1951,660,23,10,0,3760.0
1952,660,15,6,5,3387.05
1953,660,6,6,0,3949.74
1954,660,7,3,0,1756.65
1955,661,1,7,0,4537.05
1956,661,21,12,0,9707.64
1957,662,25,7,5,2430.38
1958,662,4,5,0,1426.05
1959,662,17,8,5,636.8
1960,663,20,10,0,2431.7
1961,663,5,11,0,4653.22
1962,664,15,4,0,2376.88
1963,664,28,9,0,2195.73
1964,664,8,7,0,2711.31
1965,665,19,3,0,1684.56
1966,665,7,12,0,7026.6
1967,666,25,3,10,986.77
1968,667,22,11,15,1319.57
1969,667,23,9,5,3214.8
1970,668,9,8,0,1947.84
1971,668,26,5,0,2740.85
1972,668,27,5,0,1734.95
1973,669,28,7,0,1707.79
1974,670,19,1,10,505.37
1975,670,8,4,10,1394.39
1976,671,1,11,0,7129.65
1977,671,29,2,0,1673.24
1978,671,22,8,0,1129.04
1979,671,16,12,0,2392.08
1980,672,25,9,0,3289.23
1981,672,4,9,0,2566.89
1982,672,3,5,0,167.35
1983,673,9,2,5,462.61
1984,673,17,6,0,502.74
1985,673,29,11,0,9202.82
1986,673,3,10,0,334.7
1987,674,15,11,10,5882.78
1988,674,12,11,0,4311.01
1989,674,11,9,0,3337.74
1990,674,29,3,0,2509.86
1991,674,3,5,5,158.98
1992,675,6,8,0,5266.32
1993,675,11,12,0,4450.32
1994,675,3,8,0,267.76
1995,675,10,2,0,1695.2
1996,675,7,7,10,3688.96
1997,676,26,11,0,6029.87
1998,676,17,3,15,213.66
1999,676,8,3,0,1161.99
2000,676,6,11,0,7241.19
2001,677,1,11,10,6416.68
2002,677,5,10,0,4230.2
2003,677,27,10,0,3469.9
2004,677,22,7,0,987.91
2005,678,13,3,0,454.89
2006,679,9,6,0,1460.88
2007,679,12,11,0,4311.01
2008,679,10,5,0,4238.0
2009,680,9,5,0,1217.4
2010,680,5,8,0,3384.16
2011,680,8,6,0,2323.98
2012,680,21,12,0,9707.64
2013,681,25,7,0,2558.29
2014,681,8,3,0,1161.99
2015,681,23,3,0,1128.0
2016,681,11,1,0,370.86
2017,682,29,11,0,9202.82
2018,682,24,5,5,3813.87
2019,683,12,4,0,1567.64
2020,684,13,2,0,303.26
2021,685,3,1,0,33.47
2022,686,8,2,0,774.66
2023,686,4,2,0,570.42
2024,686,27,5,0,1734.95
2025,686,15,10,5,5645.09
2026,686,26,3,0,1644.51
2027,687,18,5,0,2916.1
2028,687,26,4,0,2192.68
2029,687,17,4,0,335.16
2030,687,7,12,0,7026.6
2031,688,23,3,0,1128.0
2032,688,18,9,15,4461.63
2033,689,25,1,0,365.47
2034,690,21,8,15,5501.0
2035,690,13,8,0,1213.04
2036,690,14,9,0,6108.03
2037,691,24,3,0,2408.76
2038,691,18,12,5,6648.71
2039,691,26,9,0,4933.53
2040,691,20,3,0,729.51
2041,692,25,11,5,3819.16
2042,692,17,12,0,1005.48
2043,692,6,11,0,7241.19
2044,692,2,10,0,355.3
2045,693,11,5,0,1854.3
2046,693,5,6,0,2538.12
2047,693,19,8,0,4492.16
2048,693,7,9,0,5269.95
2049,693,26,4,0,2192.68
2050,694,23,5,0,1880.0
2051,694,17,6,0,502.74
2052,694,3,7,0,234.29
2053,694,1,5,0,3240.75
2054,695,28,1,0,243.97
2055,696,18,5,0,2916.1
2056,696,8,8,0,3098.64
2057,696,9,9,0,2191.32
2058,697,19,8,0,4492.16
2059,697,2,5,0,177.65
2060,697,11,1,5,352.32
2061,697,17,7,0,586.53
2062,698,13,4,0,606.52
2063,698,24,1,5,762.77
2064,698,2,9,0,319.77
2065,698,29,6,0,5019.72
2066,698,23,4,0,1504.0
2067,699,1,7,0,4537.05
2068,699,14,4,5,2578.95
2069,699,25,3,0,1096.41
2070,699,29,12,0,10039.44
2071,700,8,7,0,2711.31
2072,700,23,4,15,1278.4
2073,700,3,5,15,142.25
2074,700,5,2,0,846.04
2075,701,4,9,10,2310.2
2076,701,22,10,15,1199.6
2077,702,1,5,0,3240.75
2078,702,2,11,0,390.83
2079,702,21,12,0,9707.64
2080,703,27,4,0,1387.96
2081,703,28,2,0,487.94
2082,703,21,3,0,2426.91
2083,703,18,3,5,1662.18
2084,704,2,10,0,355.3
2085,704,3,8,0,267.76
2086,704,12,5,0,1959.55
2087,704,5,12,0,5076.24
2088,705,18,6,5,3324.35
2089,705,20,1,0,243.17
2090,706,2,1,10,31.98
2091,706,9,3,0,730.44
2092,706,10,2,0,1695.2
2093,706,22,5,0,705.65
2094,706,27,5,0,1734.95
2095,707,7,12,0,7026.6
2096,707,28,1,0,243.97
2097,707,2,4,0,142.12
2098,707,6,2,0,1316.58
2099,708,19,6,0,3369.12
2100,708,21,7,0,5662.79
2101,709,16,8,0,1594.72
2102,709,1,12,0,7777.8
2103,709,8,1,0,387.33
2104,710,18,1,0,583.22
2105,710,29,5,10,3764.79
2106,711,14,9,0,6108.03
2107,712,7,5,5,2781.36
2108,712,29,7,15,4977.89
2109,713,14,12,0,8144.04
2110,714,14,4,0,2714.68
2111,714,13,12,10,1637.6
2112,714,4,1,0,285.21
2113,714,2,4,0,142.12
2114,715,17,9,0,754.11
2115,716,1,7,0,4537.05
2116,716,3,11,10,331.35
2117,716,20,5,0,1215.85
2118,716,18,6,0,3499.32
2119,717,9,12,0,2921.76
2120,718,6,5,10,2962.3
2121,719,11,4,0,1483.44
2122,719,18,6,0,3499.32
2123,719,7,1,0,585.55
2124,720,12,2,0,783.82
2125,720,10,4,5,3220.88
2126,721,27,1,0,346.99
2127,721,13,3,0,454.89
2128,721,1,5,0,3240.75
2129,722,26,4,0,2192.68
2130,722,23,1,0,376.0
2131,722,15,1,5,564.51
2132,722,8,10,5,3679.64
2133,723,2,12,0,426.36
2134,723,4,10,15,2424.28
2135,723,26,3,0,1644.51
2136,723,8,6,0,2323.98
2137,724,14,3,10,1832.41
2138,724,2,8,0,284.24
2139,725,8,6,0,2323.98
2140,725,17,11,0,921.69
2141,725,29,1,0,836.62
2142,725,10,1,0,847.6
2143,725,22,6,0,846.78
2144,726,27,2,0,693.98
2145,726,22,3,0,423.39
2146,726,16,8,0,1594.72
2147,726,28,4,15,829.5
2148,726,23,6,0,2256.0
2149,727,7,8,0,4684.4
2150,727,17,12,0,1005.48
2151,727,20,4,5,924.05
2152,728,17,6,5,477.6
2153,728,12,12,0,4702.92
2154,728,3,3,0,100.41
2155,728,21,5,0,4044.85
2156,729,25,9,10,2960.31
2157,729,10,5,5,4026.1
2158,729,13,9,5,1296.44
2159,729,9,12,15,2483.5
2160,730,16,3,0,598.02
2161,730,29,9,0,7529.58
2162,730,15,6,0,3565.32
2163,730,10,6,10,4577.04
2164,730,2,12,0,426.36
2165,731,29,9,0,7529.58
2166,731,24,3,10,2167.88
2167,731,15,2,0,1188.44
2168,731,11,9,0,3337.74
2169,731,8,3,0,1161.99
2170,732,14,9,0,6108.03
2171,732,29,6,0,5019.72
2172,732,24,8,10,5781.02
2173,733,28,7,0,1707.79
2174,733,13,12,0,1819.56
2175,733,19,3,0,1684.56
2176,733,10,1,0,847.6
2177,733,6,10,10,5924.61
2178,734,15,4,0,2376.88
2179,734,25,6,10,1973.54
2180,734,6,12,0,7899.48
2181,734,7,2,0,1171.1
2182,734,29,11,0,9202.82
2183,735,9,9,0,2191.32
2184,735,24,11,0,8832.12
2185,736,3,10,5,317.96
2186,736,27,5,0,1734.95
2187,737,26,2,0,1096.34
2188,737,2,2,0,71.06
2189,737,17,9,10,678.7
2190,738,20,3,10,656.56
2191,739,16,2,0,398.68
2192,739,25,8,0,2923.76
2193,740,14,10,0,6786.7
2194,741,3,9,0,301.23
2195,741,1,10,15,5509.28
2196,741,10,12,0,10171.2
2197,741,9,10,0,2434.8
2198,742,11,4,0,1483.44
2199,742,1,10,0,6481.5
2200,742,24,12,5,9153.29
2201,743,8,11,5,4047.6
2202,743,12,8,10,2821.75
2203,744,2,6,10,191.86
2204,745,19,12,0,6738.24
2205,745,18,1,0,583.22
2206,745,16,10,10,1794.06
2207,746,11,12,10,4005.29
2208,747,20,4,10,875.41
2209,748,27,12,0,4163.88
2210,749,20,4,15,826.78
2211,749,22,4,0,564.52
2212,749,17,9,5,716.4
2213,749,7,11,0,6441.05
2214,750,23,9,0,3384.0
2215,750,8,12,0,4647.96
2216,751,16,11,0,2192.74
2217,752,28,12,0,2927.64
2218,752,16,11,0,2192.74
2219,752,23,7,0,2632.0
2220,752,21,2,0,1617.94
2221,753,4,7,0,1996.47
2222,753,15,9,0,5347.98
2223,753,3,6,0,200.82
2224,753,20,11,0,2674.87
2225,753,1,3,0,1944.45
2226,754,20,6,0,1459.02
2227,754,9,6,15,1241.75
2228,754,27,9,0,3122.91
2229,754,26,6,0,3289.02
2230,755,29,11,0,9202.82
2231,755,20,7,0,1702.19
2232,755,19,12,0,6738.24
2233,755,8,6,0,2323.98
2234,756,9,9,10,1972.19
2235,756,28,4,0,975.88
2236,756,12,7,15,2331.86
2237,756,17,9,5,716.4
2238,756,26,12,0,6578.04
2239,757,27,8,0,2775.92
2240,757,3,7,0,234.29
2241,757,10,1,0,847.6
2242,757,23,12,0,4512.0
2243,758,20,1,0,243.17
2244,758,19,9,0,5053.68
2245,758,9,3,0,730.44
2246,758,18,5,0,2916.1
2247,758,27,1,10,312.29
2248,759,2,6,0,213.18
2249,759,9,1,0,243.48
2250,760,9,9,0,2191.32
2251,760,21,9,0,7280.73
2252,760,27,9,0,3122.91
2253,761,26,2,0,1096.34
2254,761,23,1,5,357.2
2255,762,1,3,0,1944.45
2256,762,3,5,15,142.25
2257,763,29,4,0,3346.48
2258,763,20,5,0,1215.85
2259,764,27,10,0,3469.9
2260,765,12,12,0,4702.92
2261,765,15,2,0,1188.44
2262,766,4,3,0,855.63
2263,766,9,8,0,1947.84
2264,766,18,12,5,6648.71
2265,766,23,12,0,4512.0
2266,767,23,11,0,4136.0
2267,767,18,5,15,2478.69
2268,767,13,1,0,151.63
2269,767,26,12,5,6249.14
2270,767,25,10,0,3654.7
2271,768,17,6,0,502.74
2272,769,23,2,0,752.0
2273,769,5,4,0,1692.08
2274,769,16,12,15,2033.27
2275,769,2,11,0,390.83
2276,770,24,11,5,8390.51
2277,771,17,1,15,71.22
2278,771,10,5,0,4238.0
2279,771,3,9,15,256.05
2280,771,20,1,0,243.17
2281,772,12,3,0,1175.73
2282,772,18,6,0,3499.32
2283,772,22,9,10,1143.15
2284,772,4,12,5,3251.39
2285,772,2,4,0,142.12
2286,773,6,8,0,5266.32
2287,773,16,10,0,1993.4
2288,773,28,10,0,2439.7
2289,773,17,9,0,754.11
2290,774,23,5,10,1692.0
2291,774,6,7,0,4608.03
2292,774,13,3,10,409.4
2293,774,11,3,0,1112.58
2294,775,19,10,10,5053.68
2295,775,7,12,0,7026.6
2296,775,21,1,0,808.97
2297,775,10,9,0,7628.4
2298,776,22,7,0,987.91
2299,777,6,3,0,1974.87
2300,777,20,8,0,1945.36
2301,778,24,11,15,7507.3
2302,778,4,10,0,2852.1
2303,778,7,4,0,2342.2
2304,778,12,9,0,3527.19
2305,779,19,4,0,2246.08
2306,779,23,4,0,1504.0
2307,779,14,2,0,1357.34
2308,779,18,5,5,2770.3
2309,779,25,7,5,2430.38
2310,780,29,2,0,1673.24
2311,780,1,2,0,1296.3
2312,780,6,11,10,6517.07
2313,780,13,7,0,1061.41
2314,780,4,7,10,1796.82
2315,781,23,6,0,2256.0
2316,781,29,6,5,4768.73
2317,782,18,5,0,2916.1
2318,783,20,8,0,1945.36
2319,783,27,10,0,3469.9
2320,783,17,3,0,251.37
2321,783,10,8,0,6780.8
2322,783,28,1,5,231.77
2323,784,4,11,0,3137.31
2324,784,18,6,15,2974.42
2325,785,28,2,0,487.94
2326,786,10,10,15,7204.6
2327,786,12,3,10,1058.16
2328,787,10,6,5,4831.32
2329,788,28,8,0,1951.76
2330,788,13,8,0,1213.04
2331,788,24,1,0,802.92
2332,789,25,4,15,1242.6
2333,789,29,4,10,3011.83
2334,789,17,9,0,754.11
2335,789,22,9,0,1270.17
2336,789,12,5,0,1959.55
2337,790,5,12,0,5076.24
2338,790,18,3,0,1749.66
2339,790,20,12,0,2918.04
2340,790,22,12,5,1608.88
2341,790,25,11,0,4020.17
2342,791,20,1,0,243.17
2343,791,14,5,10,3054.02
2344,791,1,3,0,1944.45
2345,791,29,1,0,836.62
2346,791,16,5,0,996.7
2347,792,18,5,10,2624.49
2348,792,24,1,0,802.92
2349,792,27,8,0,2775.92
2350,792,1,11,0,7129.65
2351,792,29,1,0,836.62
2352,793,1,11,0,7129.65
2353,793,22,11,0,1552.43
2354,793,21,6,0,4853.82
2355,794,5,5,0,2115.1
2356,795,15,4,5,2258.04
2357,795,16,7,0,1395.38
2358,795,22,9,0,1270.17
2359,795,10,12,0,10171.2
2360,796,10,10,10,7628.4
2361,796,29,9,0,7529.58
2362,796,14,2,0,1357.34
2363,796,6,3,0,1974.87
2364,797,8,9,0,3485.97
2365,797,21,12,5,9222.26
2366,797,18,1,15,495.74
2367,797,29,1,0,836.62
2368,798,28,6,0,1463.82
2369,798,11,8,0,2966.88
2370,798,13,7,0,1061.41
2371,799,18,6,0,3499.32
2372,800,21,11,10,8008.8
2373,800,4,5,0,1426.05
2374,800,15,4,0,2376.88
2375,801,16,11,0,2192.74
2376,802,7,9,0,5269.95
2377,803,28,6,0,1463.82
2378,803,25,7,0,2558.29
2379,804,14,12,10,7329.64
2380,805,2,11,0,390.83
2381,805,3,11,0,368.17
2382,805,14,4,0,2714.68
2383,805,11,7,0,2596.02
2384,805,12,4,10,1410.88
2385,806,4,5,0,1426.05
2386,806,17,10,15,712.22
2387,806,20,6,0,1459.02
2388,806,7,8,0,4684.4
2389,807,6,11,0,7241.19
2390,807,17,3,0,251.37
2391,808,10,3,5,2415.66
2392,808,1,5,0,3240.75
2393,809,16,3,0,598.02
2394,809,10,7,10,5339.88
2395,809,18,3,5,1662.18
2396,809,15,11,0,6536.42
2397,809,11,10,0,3708.6
2398,810,25,9,0,3289.23
2399,811,9,3,0,730.44
2400,812,13,6,5,864.29
2401,813,2,8,0,284.24
2402,813,7,12,5,6675.27
2403,813,24,11,0,8832.12
2404,814,29,4,5,3179.16
2405,814,13,2,0,303.26
2406,815,23,10,0,3760.0
2407,816,29,10,0,8366.2
2408,816,27,10,5,3296.4
2409,816,22,4,0,564.52
2410,816,23,10,5,3572.0
2411,816,17,4,0,335.16
2412,817,11,6,15,1891.39
2413,818,23,3,0,1128.0
2414,818,19,9,0,5053.68
2415,818,29,10,0,8366.2
2416,818,26,8,10,3946.82
2417,819,7,3,0,1756.65
2418,819,25,7,0,2558.29
2419,819,11,8,5,2818.54
2420,820,22,4,0,564.52
2421,820,29,1,0,836.62
2422,821,26,7,10,3453.47
2423,821,3,4,0,133.88
2424,821,8,12,0,4647.96
2425,822,9,2,15,413.92
2426,822,26,3,0,1644.51
2427,823,9,12,0,2921.76
2428,823,22,6,0,846.78
2429,823,29,8,5,6358.31
2430,823,3,4,0,133.88
2431,824,5,10,10,3807.18
2432,825,11,7,0,2596.02
2433,825,17,10,5,796.0
2434,825,13,12,0,1819.56
2435,826,25,9,0,3289.23
2436,826,19,11,0,6176.72
2437,826,16,12,0,2392.08
2438,826,6,1,10,592.46
2439,826,2,9,5,303.78
2440,827,28,1,15,207.37
2441,827,25,4,0,1461.88
2442,827,21,9,0,7280.73
2443,827,1,9,0,5833.35
2444,828,12,9,0,3527.19
2445,829,5,4,0,1692.08
2446,830,27,5,0,1734.95
2447,830,1,5,0,3240.75
2448,830,12,8,0,3135.28
2449,830,25,3,0,1096.41
2450,831,25,1,0,365.47
2451,831,17,12,10,904.93
2452,831,24,9,0,7226.28
2453,831,19,3,0,1684.56
2454,831,18,8,0,4665.76
2455,832,12,2,0,783.82
2456,832,21,12,0,9707.64
2457,832,28,9,0,2195.73
2458,832,13,2,0,303.26
2459,833,8,3,0,1161.99
2460,833,20,7,0,1702.19
2461,833,22,7,0,987.91
2462,833,1,6,0,3888.9
2463,833,26,8,0,4385.36
2464,834,23,10,0,3760.0
2465,834,12,12,10,4232.63
2466,834,13,4,0,606.52
2467,834,3,8,0,267.76
2468,835,12,12,15,3997.48
2469,835,3,11,10,331.35
2470,835,23,12,5,4286.4
2471,836,23,2,0,752.0
2472,837,3,11,10,331.35
2473,837,18,6,0,3499.32
2474,837,5,2,10,761.44
2475,837,2,9,0,319.77
2476,838,20,10,0,2431.7
2477,838,9,3,0,730.44
2478,838,26,7,0,3837.19
2479,838,25,9,0,3289.23
2480,838,29,7,0,5856.34
2481,839,1,10,15,5509.28
2482,839,29,11,0,9202.82
2483,839,4,3,5,812.85
2484,840,23,12,0,4512.0
2485,840,19,1,15,477.29
2486,841,3,5,0,167.35
2487,841,7,11,0,6441.05
2488,841,13,3,0,454.89
2489,841,11,2,0,741.72
2490,842,15,10,0,5942.2
2491,843,19,8,15,3818.34
2492,844,24,1,15,682.48
2493,844,16,10,0,1993.4
2494,844,3,8,0,267.76
2495,844,4,4,0,1140.84
2496,844,29,4,15,2844.51
2497,845,23,8,10,2707.2
2498,845,13,7,0,1061.41
2499,845,29,8,0,6692.96
2500,845,7,2,15,995.44
2501,846,29,4,0,3346.48
2502,847,23,11,0,4136.0
2503,847,11,9,0,3337.74
2504,847,25,4,0,1461.88
2505,847,1,1,0,648.15
2506,847,8,3,5,1103.89
2507,848,13,1,0,151.63
2508,848,21,3,0,2426.91
2509,848,6,1,0,658.29
2510,849,13,5,10,682.34
2511,849,3,6,0,200.82
2512,849,12,2,10,705.44
2513,849,6,1,0,658.29
2514,849,7,2,0,1171.1
2515,850,22,11,0,1552.43
2516,850,26,5,0,2740.85
2517,851,17,10,0,837.9
2518,851,12,9,0,3527.19
2519,851,19,3,0,1684.56
2520,851,13,8,0,1213.04
2521,851,6,12,0,7899.48
2522,852,15,2,0,1188.44
2523,853,15,6,0,3565.32
2524,853,1,7,0,4537.05
2525,853,19,2,0,1123.04
2526,854,6,2,15,1119.09
2527,854,9,5,0,1217.4
2528,854,7,8,0,4684.4
2529,854,17,3,0,251.37
2530,854,12,2,5,744.63
2531,855,15,9,0,5347.98
2532,855,12,4,0,1567.64
2533,855,20,12,0,2918.04
2534,855,29,4,5,3179.16
2535,856,15,10,0,5942.2
2536,857,19,2,10,1010.74
2537,857,9,8,0,1947.84
2538,857,21,12,15,8251.49
2539,857,11,12,0,4450.32
2540,857,23,10,0,3760.0
2541,858,23,7,5,2500.4
2542,858,8,10,5,3679.64
2543,858,25,6,0,2192.82
2544,859,17,10,0,837.9
2545,859,15,6,0,3565.32
2546,859,18,3,0,1749.66
2547,859,4,10,0,2852.1
2548,859,22,10,0,1411.3
2549,860,8,8,10,2788.78
2550,860,25,3,0,1096.41
2551,860,18,10,10,5248.98
2552,860,21,4,0,3235.88
2553,861,25,2,0,730.94
2554,862,13,12,0,1819.56
2555,863,8,7,0,2711.31
2556,863,14,7,15,4038.09
2557,863,26,1,0,548.17
2558,863,7,6,0,3513.3
2559,863,12,6,0,2351.46
2560,864,6,1,0,658.29
2561,864,7,11,0,6441.05
2562,865,26,5,0,2740.85
2563,865,24,2,0,1605.84
2564,865,29,5,0,4183.1
2565,866,9,6,0,1460.88
2566,866,10,1,0,847.6
2567,866,26,2,0,1096.34
2568,866,22,11,10,1397.19
2569,866,13,6,10,818.8
2570,867,19,10,0,5615.2
2571,867,9,1,5,231.31
2572,867,23,3,10,1015.2
2573,867,27,4,0,1387.96
2574,867,11,6,10,2002.64
2575,868,21,8,0,6471.76
2576,868,23,1,0,376.0
2577,868,20,11,0,2674.87
2578,868,7,3,0,1756.65
2579,869,22,9,5,1206.66
2580,869,18,6,0,3499.32
2581,869,5,8,0,3384.16
2582,869,6,7,5,4377.63
2583,870,10,5,0,4238.0
2584,870,18,10,15,4957.37
2585,870,11,12,10,4005.29
2586,870,22,11,0,1552.43
2587,870,29,6,5,4768.73
2588,871,2,4,0,142.12
2589,872,18,6,10,3149.39
2590,872,20,2,0,486.34
2591,872,23,3,0,1128.0
2592,873,12,7,0,2743.37
2593,873,3,11,0,368.17
2594,873,2,9,15,271.8
2595,874,15,10,0,5942.2
2596,874,2,7,0,248.71
2597,874,23,3,0,1128.0
2598,874,14,10,0,6786.7
2599,874,11,2,0,741.72
2600,875,23,12,0,4512.0
2601,875,8,1,0,387.33
2602,875,12,5,0,1959.55
2603,876,20,4,5,924.05
2604,876,5,6,0,2538.12
2605,876,8,8,0,3098.64
2606,876,14,5,5,3223.68
2607,877,14,3,10,1832.41
2608,877,15,2,0,1188.44
2609,877,9,6,10,1314.79
2610,878,2,2,0,71.06
2611,878,29,8,0,6692.96
2612,879,14,9,0,6108.03
2613,879,29,3,0,2509.86
2614,879,17,4,0,335.16
2615,879,3,6,0,200.82
2616,880,24,5,0,4014.6
2617,880,12,6,0,2351.46
2618,880,4,3,0,855.63
2619,880,18,2,0,1166.44
2620,880,8,9,0,3485.97
2621,881,7,12,0,7026.6
2622,881,27,1,0,346.99
2623,882,2,2,10,63.95
2624,882,12,1,10,352.72
2625,882,7,5,0,2927.75
2626,882,23,1,0,376.0
2627,882,26,11,0,6029.87
2628,883,13,6,0,909.78
2629,884,5,9,0,3807.18
2630,885,25,1,0,365.47
2631,885,3,10,0,334.7
2632,885,28,5,10,1097.86
2633,886,4,4,0,1140.84
2634,886,27,4,0,1387.96
2635,886,25,5,0,1827.35
2636,887,28,8,0,1951.76
2637,887,17,11,0,921.69
2638,887,19,2,0,1123.04
2639,888,20,5,15,1033.47
2640,888,14,2,5,1289.47
2641,889,18,9,0,5248.98
2642,889,1,2,0,1296.3
2643,889,26,4,0,2192.68
2644,889,12,9,0,3527.19
2645,889,28,6,0,1463.82
2646,890,4,12,5,3251.39
2647,890,26,5,0,2740.85
2648,891,6,2,10,1184.92
2649,891,14,5,0,3393.35
2650,892,10,8,5,6441.76
2651,892,3,1,0,33.47
2652,892,8,3,10,1045.79
2653,892,17,1,0,83.79
2654,892,11,8,0,2966.88
2655,893,28,7,0,1707.79
2656,894,18,7,10,3674.29
2657,894,28,3,0,731.91
2658,894,24,12,0,9635.04
2659,894,7,10,5,5562.72
2660,895,5,10,5,4018.69
2661,895,7,6,0,3513.3
2662,895,26,5,0,2740.85
2663,895,11,6,5,2113.9
2664,896,27,2,15,589.88
2665,896,10,8,0,6780.8
2666,896,25,10,0,3654.7
2667,896,2,3,0,106.59
2668,896,29,2,0,1673.24
2669,897,16,2,0,398.68
2670,897,9,8,0,1947.84
2671,897,18,5,5,2770.3
2672,897,20,11,10,2407.38
2673,898,4,8,10,2053.51
2674,898,13,4,0,606.52
2675,898,5,4,0,1692.08
2676,898,23,3,0,1128.0
2677,899,8,6,0,2323.98
2678,899,24,7,0,5620.44
2679,899,4,3,0,855.63
2680,900,11,6,10,2002.64
2681,900,23,8,0,3008.0
2682,900,16,8,0,1594.72
2683,901,5,2,0,846.04
2684,901,24,6,5,4576.64
2685,901,25,8,0,2923.76
2686,901,7,8,0,4684.4
2687,902,17,6,10,452.47
2688,902,5,10,0,4230.2
2689,902,19,10,0,5615.2
2690,903,1,7,0,4537.05
2691,904,6,9,0,5924.61
2692,904,14,11,0,7465.37
2693,904,2,2,0,71.06
2694,905,2,8,0,284.24
2695,905,26,7,5,3645.33
2696,905,21,10,0,8089.7
2697,905,16,7,0,1395.38
2698,905,25,4,15,1242.6
2699,906,7,3,0,1756.65
2700,906,11,8,15,2521.85
2701,906,19,7,0,3930.64
2702,906,21,2,0,1617.94
2703,906,9,6,0,1460.88
2704,907,9,7,0,1704.36
2705,907,18,7,0,4082.54
2706,907,22,10,10,1270.17
2707,907,17,6,5,477.6
2708,907,25,9,0,3289.23
2709,908,20,11,0,2674.87
2710,908,27,11,0,3816.89
2711,909,2,8,0,284.24
2712,909,6,2,0,1316.58
2713,909,15,10,15,5050.87
2714,909,9,10,0,2434.8
2715,909,26,8,0,4385.36
2716,910,9,8,5,1850.45
2717,911,10,2,15,1440.92
2718,911,18,10,5,5540.59
2719,911,28,2,0,487.94
2720,911,1,11,0,7129.65
2721,912,19,6,5,3200.66
2722,912,22,8,0,1129.04
2723,912,13,11,10,1501.14
2724,912,10,11,0,9323.6
2725,913,24,3,5,2288.32
2726,913,8,10,15,3292.3
2727,914,11,3,0,1112.58
2728,915,3,9,5,286.17
2729,915,29,5,0,4183.1
2730,915,7,7,0,4098.85
2731,915,16,10,0,1993.4
2732,916,2,4,0,142.12
2733,916,10,11,0,9323.6
2734,917,16,11,0,2192.74
2735,917,8,5,0,1936.65
2736,917,29,7,0,5856.34
2737,917,20,12,5,2772.14
2738,917,3,6,0,200.82
2739,918,6,10,0,6582.9
2740,919,27,5,0,1734.95
2741,919,7,1,0,585.55
2742,920,3,1,0,33.47
2743,921,25,2,0,730.94
2744,921,14,5,0,3393.35
2745,921,15,1,0,594.22
2746,922,4,7,0,1996.47
2747,922,11,11,0,4079.46
2748,922,20,6,0,1459.02
2749,922,25,12,0,4385.64
2750,922,19,7,0,3930.64
2751,923,3,9,0,301.23
2752,923,28,4,5,927.09
2753,923,7,11,0,6441.05
2754,923,23,3,0,1128.0
2755,924,7,9,0,5269.95
2756,924,8,7,0,2711.31
2757,925,26,3,0,1644.51
2758,925,21,5,0,4044.85
2759,925,10,11,0,9323.6
2760,925,5,3,0,1269.06
2761,926,14,11,10,6718.83
2762,927,1,11,0,7129.65
2763,927,17,7,0,586.53
2764,927,26,3,0,1644.51
2765,927,6,2,0,1316.58
2766,928,16,8,10,1435.25
2767,928,7,12,0,7026.6
2768,928,15,10,0,5942.2
2769,928,18,7,0,4082.54
2770,929,29,9,0,7529.58
2771,929,18,7,0,4082.54
2772,929,2,9,0,319.77
2773,929,21,8,0,6471.76
2774,930,9,3,0,730.44
2775,930,1,7,10,4083.34
2776,931,7,8,10,4215.96
2777,931,9,12,0,2921.76
2778,931,1,4,0,2592.6
2779,931,8,12,0,4647.96
2780,931,28,9,0,2195.73
2781,932,24,10,0,8029.2
2782,932,17,6,10,452.47
2783,932,8,1,0,387.33
2784,932,19,1,0,561.52
2785,932,14,10,0,6786.7
2786,933,21,2,0,1617.94
2787,933,3,10,0,334.7
2788,933,13,8,0,1213.04
2789,934,10,12,0,10171.2
2790,934,5,12,0,5076.24
2791,935,23,9,0,3384.0
2792,935,26,2,10,986.71
2793,935,22,9,0,1270.17
2794,935,15,10,0,5942.2
2795,936,13,11,0,1667.93
2796,936,5,12,5,4822.43
2797,936,9,11,0,2678.28
2798,936,21,11,0,8898.67
2799,937,17,10,0,837.9
2800,937,5,5,0,2115.1
2801,937,26,10,0,5481.7
2802,937,9,1,0,243.48
2803,937,7,6,0,3513.3
2804,938,15,8,5,4516.07
2805,938,26,9,5,4686.85
2806,938,13,8,0,1213.04
2807,938,19,10,0,5615.2
2808,939,24,6,15,4094.89
2809,939,20,5,0,1215.85
2810,939,23,5,0,1880.0
2811,939,25,3,0,1096.41
2812,940,12,12,0,4702.92
2813,940,18,5,5,2770.3
2814,940,27,12,0,4163.88
2815,940,24,10,10,7226.28
2816,940,20,5,10,1094.26
2817,941,15,3,0,1782.66
2818,941,9,10,0,2434.8
2819,941,21,1,0,808.97
2820,941,27,11,10,3435.2
2821,941,14,5,0,3393.35
2822,942,17,1,0,83.79
2823,942,8,5,0,1936.65
2824,942,23,8,10,2707.2
2825,942,20,2,0,486.34
2826,942,12,3,5,1116.94
2827,943,6,5,0,3291.45
2828,943,12,3,0,1175.73
2829,943,18,10,0,5832.2
2830,944,14,1,10,610.8
2831,944,12,12,15,3997.48
2832,944,13,2,0,303.26
2833,945,8,12,10,4183.16
2834,945,26,3,0,1644.51
2835,945,25,11,5,3819.16
2836,945,9,8,0,1947.84
2837,945,18,6,0,3499.32
2838,946,7,12,0,7026.6
2839,946,13,4,0,606.52
2840,946,28,8,0,1951.76
2841,947,13,6,0,909.78
2842,948,8,3,10,1045.79
2843,948,17,8,0,670.32
2844,948,20,7,0,1702.19
2845,948,25,7,0,2558.29
2846,948,3,4,5,127.19
2847,949,10,4,0,3390.4
2848,949,12,10,0,3919.1
2849,950,9,11,0,2678.28
2850,951,28,3,5,695.31
2851,952,24,5,0,4014.6
2852,952,6,8,0,5266.32
2853,952,20,12,0,2918.04
2854,952,12,9,10,3174.47
2855,953,28,8,0,1951.76
2856,953,18,5,0,2916.1
2857,953,13,3,0,454.89
2858,953,21,9,0,7280.73
2859,954,27,5,10,1561.46
2860,955,26,11,5,5728.38
2861,955,1,6,5,3694.45
2862,955,19,9,15,4295.63
2863,955,2,11,5,371.29
2864,956,11,11,0,4079.46
2865,956,2,6,0,213.18
2866,956,8,7,0,2711.31
2867,956,27,10,0,3469.9
2868,956,15,11,0,6536.42
2869,957,7,5,5,2781.36
2870,957,9,5,0,1217.4
2871,957,20,2,0,486.34
2872,958,6,7,0,4608.03
2873,958,28,8,0,1951.76
2874,958,17,11,0,921.69
2875,958,23,12,0,4512.0
2876,958,29,4,0,3346.48
2877,959,22,4,0,564.52
2878,959,1,9,0,5833.35
2879,959,15,6,0,3565.32
2880,959,21,11,0,8898.67
2881,959,26,12,5,6249.14
2882,960,17,1,5,79.6
2883,960,8,11,5,4047.6
2884,960,4,1,0,285.21
2885,960,23,2,0,752.0
2886,960,11,1,5,352.32
2887,961,25,2,15,621.3
2888,961,22,11,10,1397.19
2889,961,6,8,0,5266.32
2890,961,11,6,10,2002.64
2891,961,19,4,5,2133.78
2892,962,18,4,0,2332.88
2893,962,12,1,0,391.91
2894,962,2,1,0,35.53
2895,963,12,10,0,3919.1
2896,964,20,11,0,2674.87
2897,964,3,2,10,60.25
2898,964,14,12,10,7329.64
2899,964,8,2,5,735.93
2900,964,26,2,0,1096.34
2901,965,17,7,0,586.53
2902,965,10,11,0,9323.6
2903,966,6,3,5,1876.13
2904,966,24,2,0,1605.84
2905,966,14,12,0,8144.04
2906,966,9,3,0,730.44
2907,966,28,5,0,1219.85
2908,967,7,11,0,6441.05
2909,968,8,12,0,4647.96
2910,968,22,11,0,1552.43
2911,968,24,6,0,4817.52
2912,968,7,5,0,2927.75
2913,969,27,1,0,346.99
2914,969,26,7,0,3837.19
2915,969,18,7,15,3470.16
2916,970,22,5,0,705.65
2917,970,18,3,0,1749.66
2918,970,24,8,0,6423.36
2919,971,7,10,0,5855.5
2920,971,1,7,0,4537.05
2921,972,17,2,10,150.82
2922,972,25,3,0,1096.41
2923,972,28,9,0,2195.73
2924,972,1,7,10,4083.34
2925,973,19,8,0,4492.16
2926,974,13,2,0,303.26
2927,975,9,8,0,1947.84
2928,975,20,1,0,243.17
2929,975,14,8,10,4886.42
2930,976,7,1,0,585.55
2931,977,13,3,0,454.89
2932,977,6,12,10,7109.53
2933,977,21,6,0,4853.82
2934,978,6,9,0,5924.61
2935,979,3,7,0,234.29
2936,979,7,7,10,3688.96
2937,979,9,12,5,2775.67
2938,979,18,2,0,1166.44
2939,980,25,7,0,2558.29
2940,981,17,10,5,796.0
2941,982,15,11,5,6209.6
2942,982,8,5,0,1936.65
2943,982,25,7,10,2302.46
2944,983,2,6,0,213.18
2945,984,5,8,0,3384.16
2946,985,5,3,10,1142.15
2947,985,26,9,0,4933.53
2948,986,7,5,0,2927.75
2949,986,13,12,10,1637.6
2950,987,9,8,0,1947.84
2951,987,27,2,0,693.98
2952,987,26,11,0,6029.87
2953,988,29,3,5,2384.37
2954,988,1,1,10,583.34
2955,989,27,4,0,1387.96
2956,989,11,8,0,2966.88
2957,989,16,7,0,1395.38
2958,989,17,2,0,167.58
2959,989,7,9,10,4742.96
2960,990,10,9,10,6865.56
2961,990,19,8,10,4042.94
2962,990,23,1,0,376.0
2963,990,6,1,0,658.29
2964,991,13,12,0,1819.56
2965,991,22,1,15,119.96
2966,991,1,7,0,4537.05
2967,992,6,8,0,5266.32
2968,992,15,11,0,6536.42
2969,992,2,9,0,319.77
2970,992,18,3,0,1749.66
2971,992,1,12,15,6611.13
2972,993,19,8,0,4492.16
2973,993,4,11,0,3137.31
2974,994,19,1,10,505.37
2975,994,4,4,0,1140.84
2976,994,10,12,0,10171.2
2977,994,23,11,0,4136.0
2978,994,24,3,5,2288.32
2979,995,16,5,15,847.2
2980,996,4,10,15,2424.28
2981,996,22,3,0,423.39
2982,996,10,10,15,7204.6
2983,996,14,2,10,1221.61
2984,997,14,8,0,5429.36
2985,998,17,2,5,159.2
2986,998,14,4,0,2714.68
2987,999,27,6,0,2081.94
2988,999,17,2,0,167.58
2989,999,20,11,0,2674.87
2990,999,10,10,0,8476.0
2991,1000,8,4,10,1394.39
2992,1000,11,1,15,315.23
2993,1000,12,10,0,3919.1
2994,1001,5,2,0,846.04
2995,1002,15,3,10,1604.39
2996,1002,27,12,0,4163.88
2997,1002,21,6,0,4853.82
2998,1002,10,9,10,6865.56
2999,1003,27,10,0,3469.9
3000,1003,15,1,0,594.22
3001,1004,27,7,0,2428.93
3002,1004,13,3,5,432.15
3003,1004,18,1,0,583.22
3004,1004,4,8,0,2281.68
3005,1004,28,2,0,487.94
3006,1005,23,12,0,4512.0
3007,1006,21,7,0,5662.79
3008,1006,3,12,0,401.64
3009,1006,9,8,5,1850.45
3010,1007,17,3,0,251.37
3011,1007,8,11,0,4260.63
3012,1008,2,7,0,248.71
3013,1008,19,4,0,2246.08
3014,1008,28,3,0,731.91
3015,1008,22,10,0,1411.3
3016,1009,18,3,0,1749.66
3017,1009,9,12,0,2921.76
3018,1009,25,8,0,2923.76
3019,1009,27,10,0,3469.9
3020,1009,6,2,0,1316.58
3021,1010,20,7,0,1702.19
3022,1010,7,1,0,585.55
3023,1010,4,9,0,2566.89
3024,1011,2,9,0,319.77
3025,1012,20,9,15,1860.25
3026,1012,25,9,0,3289.23
3027,1012,7,4,5,2225.09
3028,1013,19,5,15,2386.46
3029,1013,5,1,0,423.02
3030,1014,17,11,0,921.69
3031,1014,25,8,0,2923.76
3032,1015,17,11,10,829.52
3033,1015,25,1,0,365.47
3034,1016,28,5,0,1219.85
3035,1016,16,4,10,717.62
3036,1016,4,7,0,1996.47
3037,1017,16,1,0,199.34
3038,1017,21,2,0,1617.94
3039,1017,5,12,0,5076.24
3040,1017,2,1,0,35.53
3041,1018,8,1,15,329.23
3042,1018,26,8,0,4385.36
3043,1019,25,4,0,1461.88
3044,1020,2,10,0,355.3
3045,1020,11,6,0,2225.16
3046,1020,10,7,10,5339.88
3047,1020,1,4,15,2203.71
3048,1020,21,12,5,9222.26
3049,1021,14,2,0,1357.34
3050,1021,3,6,0,200.82
3051,1022,6,12,0,7899.48
3052,1022,9,7,0,1704.36
3053,1023,5,4,0,1692.08
3054,1023,2,2,10,63.95
3055,1023,19,8,0,4492.16
3056,1023,20,10,0,2431.7
3057,1024,21,3,0,2426.91
3058,1024,25,4,0,1461.88
3059,1024,10,10,0,8476.0
3060,1024,2,8,0,284.24
3061,1025,12,3,0,1175.73
3062,1025,10,8,0,6780.8
3063,1025,19,12,0,6738.24
3064,1026,1,5,0,3240.75
3065,1026,8,4,5,1471.85
3066,1026,23,6,0,2256.0
3067,1027,11,1,0,370.86
3068,1027,21,5,0,4044.85
3069,1027,12,3,0,1175.73
3070,1027,15,2,5,1129.02
3071,1027,2,8,0,284.24
3072,1028,9,6,0,1460.88
3073,1028,13,4,0,606.52
3074,1029,10,3,0,2542.8
3075,1029,5,10,0,4230.2
3076,1029,8,9,0,3485.97
3077,1029,7,4,10,2107.98
3078,1029,28,2,0,487.94
3079,1030,21,4,10,2912.29
3080,1030,2,10,5,337.54
3081,1030,8,8,0,3098.64
3082,1030,22,8,0,1129.04
3083,1031,14,12,0,8144.04
3084,1031,15,4,0,2376.88
3085,1031,27,4,0,1387.96
3086,1031,16,6,0,1196.04
3087,1032,14,10,15,5768.7
3088,1032,5,3,0,1269.06
3089,1033,12,1,0,391.91
3090,1033,3,1,10,30.12
3091,1033,10,8,0,6780.8
3092,1033,9,12,0,2921.76
3093,1034,27,7,0,2428.93
3094,1035,27,12,0,4163.88
3095,1035,9,2,0,486.96
3096,1035,3,8,0,267.76
3097,1035,28,8,0,1951.76
3098,1036,27,1,0,346.99
3099,1036,13,12,15,1546.63
3100,1036,16,12,0,2392.08
3101,1036,11,7,0,2596.02
3102,1036,29,4,0,3346.48
3103,1037,21,4,0,3235.88
3104,1037,1,11,0,7129.65
3105,1037,19,2,15,954.58
3106,1038,2,3,0,106.59
3107,1038,10,12,0,10171.2
3108,1038,1,8,0,5185.2
3109,1039,6,1,5,625.38
3110,1039,17,8,0,670.32
3111,1039,9,8,0,1947.84
3112,1039,21,3,15,2062.87
3113,1039,19,12,0,6738.24
3114,1040,7,11,0,6441.05
3115,1040,4,8,0,2281.68
3116,1040,28,12,0,2927.64
3117,1041,19,7,0,3930.64
3118,1042,4,1,0,285.21
3119,1042,12,5,0,1959.55
3120,1042,2,7,0,248.71
3121,1042,23,5,0,1880.0
3122,1042,9,12,0,2921.76
3123,1043,27,4,0,1387.96
3124,1043,16,11,0,2192.74
3125,1043,29,2,5,1589.58
3126,1043,8,10,0,3873.3
3127,1043,19,6,0,3369.12
3128,1044,8,11,0,4260.63
3129,1044,16,6,5,1136.24
3130,1044,21,1,0,808.97
3131,1044,9,2,0,486.96
3132,1044,13,7,15,902.2
3133,1045,19,1,15,477.29
3134,1045,2,6,5,202.52
3135,1045,26,6,0,3289.02
3136,1045,28,3,0,731.91
3137,1045,15,11,5,6209.6
3138,1046,25,9,0,3289.23
3139,1047,11,6,0,2225.16
3140,1047,16,4,0,797.36
3141,1048,5,12,10,4568.62
3142,1048,24,10,0,8029.2
3143,1048,18,12,0,6998.64
3144,1048,8,4,0,1549.32
3145,1049,3,6,0,200.82
3146,1049,25,6,10,1973.54
3147,1050,18,5,0,2916.1
3148,1050,24,1,5,762.77
3149,1050,9,2,0,486.96
3150,1050,22,6,0,846.78
3151,1051,5,9,15,3236.1
3152,1051,11,9,0,3337.74
3153,1051,12,2,5,744.63
3154,1051,9,8,5,1850.45
3155,1052,5,5,0,2115.1
3156,1052,28,8,10,1756.58
3157,1052,21,10,0,8089.7
3158,1052,9,6,15,1241.75
3159,1052,29,11,10,8282.54
3160,1053,12,8,0,3135.28
3161,1053,24,2,0,1605.84
3162,1054,15,5,0,2971.1
3163,1054,10,2,0,1695.2
3164,1055,20,2,0,486.34
3165,1055,1,12,0,7777.8
3166,1055,12,3,10,1058.16
3167,1056,2,9,0,319.77
3168,1056,6,11,0,7241.19
3169,1057,25,11,0,4020.17
3170,1057,10,9,15,6484.14
3171,1057,29,3,0,2509.86
3172,1057,13,8,0,1213.04
3173,1058,25,12,0,4385.64
3174,1058,1,11,10,6416.68
3175,1058,26,1,0,548.17
3176,1058,12,5,10,1763.6
3177,1059,9,4,0,973.92
3178,1060,4,7,0,1996.47
3179,1060,5,10,5,4018.69
3180,1060,23,6,0,2256.0
3181,1061,16,8,10,1435.25
3182,1061,24,10,10,7226.28
3183,1061,12,11,0,4311.01
3184,1062,12,8,0,3135.28
3185,1062,13,8,15,1031.08
3186,1062,14,5,10,3054.02
3187,1062,15,10,0,5942.2
3188,1062,1,3,0,1944.45
3189,1063,29,5,0,4183.1
3190,1063,12,4,0,1567.64
3191,1064,13,1,10,136.47
3192,1064,22,3,0,423.39
3193,1064,16,6,0,1196.04
3194,1065,22,10,0,1411.3
3195,1065,7,3,5,1668.82
3196,1066,17,3,0,251.37
3197,1066,9,3,0,730.44
3198,1066,18,12,0,6998.64
3199,1067,4,3,0,855.63
3200,1067,27,4,0,1387.96
3201,1068,18,10,0,5832.2
3202,1068,8,3,0,1161.99
3203,1068,1,8,15,4407.42
3204,1069,6,4,0,2633.16
3205,1069,10,9,0,7628.4
3206,1070,24,6,0,4817.52
3207,1070,13,3,10,409.4
3208,1070,3,6,0,200.82
3209,1071,7,9,0,5269.95
3210,1071,6,5,0,3291.45
3211,1072,24,8,15,5459.86
3212,1072,3,3,0,100.41
3213,1072,20,8,0,1945.36
3214,1072,11,6,0,2225.16
3215,1073,16,9,5,1704.36
3216,1073,19,6,0,3369.12
3217,1073,4,11,0,3137.31
3218,1073,8,12,0,4647.96
3219,1073,15,5,10,2673.99
3220,1074,23,11,0,4136.0
3221,1074,12,3,10,1058.16
3222,1074,16,10,0,1993.4
3223,1074,24,12,0,9635.04
3224,1074,29,8,0,6692.96
3225,1075,27,12,0,4163.88
3226,1076,8,11,5,4047.6
3227,1076,17,9,0,754.11
3228,1077,1,7,0,4537.05
3229,1078,14,6,0,4072.02
3230,1078,27,2,0,693.98
3231,1078,2,6,5,202.52
3232,1078,17,1,5,79.6
3233,1079,2,10,10,319.77
3234,1079,14,9,0,6108.03
3235,1080,3,1,0,33.47
3236,1080,26,2,0,1096.34
3237,1081,1,9,5,5541.68
3238,1082,5,6,0,2538.12
3239,1082,16,10,0,1993.4
3240,1082,24,10,0,8029.2
3241,1082,27,9,0,3122.91
3242,1083,23,7,0,2632.0
3243,1083,12,3,0,1175.73
3244,1083,6,12,0,7899.48
3245,1084,8,7,0,2711.31
3246,1084,18,6,5,3324.35
3247,1084,14,1,0,678.67
3248,1085,15,5,0,2971.1
3249,1085,16,8,0,1594.72
3250,1085,11,9,0,3337.74
3251,1086,13,12,10,1637.6
3252,1086,26,7,15,3261.61
3253,1086,1,8,0,5185.2
3254,1086,18,5,0,2916.1
3255,1087,17,12,0,1005.48
3256,1087,26,7,5,3645.33
3257,1087,12,3,0,1175.73
3258,1087,5,10,0,4230.2
3259,1088,3,4,0,133.88
3260,1088,19,5,0,2807.6
3261,1089,11,2,0,741.72
3262,1089,22,10,0,1411.3
3263,1089,10,7,0,5933.2
3264,1090,13,11,0,1667.93
3265,1090,25,5,0,1827.35
3266,1090,10,7,0,5933.2
3267,1090,8,3,10,1045.79
3268,1091,13,3,0,454.89
3269,1091,20,4,0,972.68
3270,1091,19,3,5,1600.33
3271,1091,15,7,0,4159.54
3272,1091,28,5,5,1158.86
3273,1092,7,5,0,2927.75
3274,1093,1,8,10,4666.68
3275,1093,24,9,0,7226.28
3276,1093,11,12,0,4450.32
3277,1094,25,1,0,365.47
3278,1095,18,11,0,6415.42
3279,1095,10,11,0,9323.6
3280,1095,28,8,0,1951.76
3281,1096,29,7,0,5856.34
3282,1096,2,3,0,106.59
3283,1096,24,8,0,6423.36
3284,1097,26,1,0,548.17
3285,1097,1,2,0,1296.3
3286,1098,16,2,0,398.68
3287,1098,3,10,0,334.7
3288,1098,18,12,0,6998.64
3289,1098,8,6,5,2207.78
3290,1099,19,7,0,3930.64
3291,1099,8,5,0,1936.65
3292,1099,4,11,10,2823.58
3293,1099,7,11,0,6441.05
3294,1099,27,8,0,2775.92
3295,1100,24,9,0,7226.28
3296,1100,22,12,0,1693.56
3297,1100,6,10,0,6582.9
3298,1101,10,10,0,8476.0
3299,1101,4,1,10,256.69
3300,1102,29,12,0,10039.44
3301,1102,5,3,0,1269.06
3302,1102,4,6,0,1711.26
3303,1102,1,3,0,1944.45
3304,1103,5,7,10,2665.03
3305,1103,1,11,0,7129.65
3306,1103,20,6,0,1459.02
3307,1104,19,9,0,5053.68
3308,1104,27,11,5,3626.05
3309,1104,28,2,0,487.94
3310,1105,8,2,10,697.19
3311,1105,17,10,0,837.9
3312,1106,18,6,10,3149.39
3313,1106,21,6,0,4853.82
3314,1106,20,11,0,2674.87
3315,1106,17,5,0,418.95
3316,1106,23,5,15,1598.0
3317,1107,22,2,0,282.26
3318,1107,10,9,0,7628.4
3319,1107,23,10,15,3196.0
3320,1108,21,3,5,2305.56
3321,1109,23,8,5,2857.6
3322,1109,3,7,10,210.86
3323,1109,12,6,0,2351.46
3324,1110,6,3,10,1777.38
3325,1110,23,9,0,3384.0
3326,1111,23,10,0,3760.0
3327,1111,27,12,0,4163.88
3328,1111,24,9,0,7226.28
3329,1111,19,9,0,5053.68
3330,1111,7,12,5,6675.27
3331,1112,14,7,5,4513.16
3332,1113,20,3,15,620.08
3333,1114,14,5,5,3223.68
3334,1114,26,12,5,6249.14
3335,1114,1,6,0,3888.9
3336,1115,18,9,0,5248.98
3337,1115,8,6,10,2091.58
3338,1115,20,3,0,729.51
3339,1115,9,12,0,2921.76
3340,1115,25,5,0,1827.35
3341,1116,12,4,0,1567.64
3342,1117,8,12,15,3950.77
3343,1117,22,4,0,564.52
3344,1118,3,2,0,66.94
3345,1118,23,7,0,2632.0
3346,1119,5,1,15,359.57
3347,1120,22,1,0,141.13
3348,1120,27,4,0,1387.96
3349,1120,15,2,0,1188.44
3350,1120,9,1,0,243.48
3351,1121,9,10,0,2434.8
3352,1121,13,1,0,151.63
3353,1121,29,8,0,6692.96
3354,1121,21,2,0,1617.94
3355,1121,14,5,0,3393.35
3356,1122,28,11,0,2683.67
3357,1122,14,1,0,678.67
3358,1122,6,2,5,1250.75
3359,1123,22,4,0,564.52
3360,1123,25,10,0,3654.7
3361,1123,4,4,0,1140.84
3362,1123,28,3,5,695.31
3363,1123,23,11,0,4136.0
3364,1124,5,3,0,1269.06
3365,1125,16,10,0,1993.4
3366,1125,4,6,0,1711.26
3367,1125,5,6,0,2538.12
3368,1126,2,4,0,142.12
3369,1126,18,9,5,4986.53
3370,1126,24,10,0,8029.2
3371,1126,17,2,0,167.58
3372,1126,13,2,15,257.77
3373,1127,29,5,10,3764.79
3374,1127,8,3,0,1161.99
3375,1128,9,12,0,2921.76
3376,1129,9,12,0,2921.76
3377,1129,10,8,0,6780.8
3378,1129,17,6,0,502.74
3379,1129,23,12,15,3835.2
3380,1129,22,10,0,1411.3
3381,1130,16,3,0,598.02
3382,1131,15,7,0,4159.54
3383,1131,23,4,0,1504.0
3384,1131,28,9,0,2195.73
3385,1131,22,4,0,564.52
3386,1132,15,2,5,1129.02
3387,1132,5,8,0,3384.16
3388,1132,17,2,0,167.58
3389,1133,1,6,0,3888.9
3390,1133,14,12,0,8144.04
3391,1133,12,5,0,1959.55
3392,1133,15,9,0,5347.98
3393,1134,16,8,10,1435.25
3394,1134,17,2,0,167.58
3395,1134,11,7,0,2596.02
3396,1135,18,12,0,6998.64
3397,1135,17,5,5,398.0
3398,1135,23,11,0,4136.0
3399,1135,9,8,0,1947.84
3400,1135,5,4,0,1692.08
3401,1136,15,7,10,3743.59
3402,1136,6,4,0,2633.16
3403,1136,11,2,0,741.72
3404,1137,24,3,0,2408.76
3405,1137,21,1,0,808.97
3406,1137,10,11,0,9323.6
3407,1138,20,7,0,1702.19
3408,1139,23,2,10,676.8
3409,1140,15,12,0,7130.64
3410,1140,28,10,0,2439.7
3411,1140,23,2,10,676.8
3412,1140,14,12,0,8144.04
3413,1141,25,4,5,1388.79
3414,1141,4,6,0,1711.26
3415,1141,23,4,0,1504.0
3416,1142,26,4,0,2192.68
3417,1143,4,5,5,1354.75
3418,1143,22,12,10,1524.2
3419,1143,13,10,0,1516.3
3420,1143,16,10,0,1993.4
3421,1144,1,6,0,3888.9
3422,1144,25,8,10,2631.38
3423,1144,23,11,15,3515.6
3424,1144,19,10,0,5615.2
3425,1145,21,5,5,3842.61
3426,1145,5,3,0,1269.06
3427,1145,26,8,0,4385.36
3428,1145,18,2,0,1166.44
3429,1145,24,2,15,1364.96
3430,1146,13,4,0,606.52
3431,1146,28,11,0,2683.67
3432,1146,17,3,5,238.8
3433,1146,5,1,0,423.02
3434,1147,22,2,0,282.26
3435,1148,17,3,0,251.37
3436,1149,28,3,0,731.91
3437,1149,20,5,0,1215.85
3438,1149,19,10,0,5615.2
3439,1150,23,11,0,4136.0
3440,1151,25,8,5,2777.57
3441,1151,6,4,0,2633.16
3442,1151,17,5,0,418.95
3443,1151,20,11,0,2674.87
3444,1152,21,5,0,4044.85
3445,1152,25,9,0,3289.23
3446,1152,18,6,0,3499.32
3447,1152,6,9,0,5924.61
3448,1152,19,9,0,5053.68
3449,1153,1,2,0,1296.3
3450,1153,19,7,0,3930.64
3451,1153,23,8,15,2556.8
3452,1153,15,6,0,3565.32
3453,1154,25,8,0,2923.76
3454,1154,11,1,0,370.86
3455,1154,17,1,5,79.6
3456,1154,21,3,0,2426.91
3457,1155,26,12,10,5920.24
3458,1155,20,3,0,729.51
3459,1155,16,8,5,1514.98
3460,1156,5,12,0,5076.24
3461,1156,28,7,10,1537.01
3462,1156,21,8,5,6148.17
3463,1157,11,11,0,4079.46
3464,1157,7,8,0,4684.4
3465,1157,27,11,0,3816.89
3466,1157,19,9,0,5053.68
3467,1157,2,11,0,390.83
3468,1158,5,8,10,3045.74
3469,1158,25,9,10,2960.31
3470,1158,2,3,15,90.6
3471,1158,9,9,10,1972.19
3472,1159,18,8,0,4665.76
3473,1159,8,10,0,3873.3
3474,1159,1,7,10,4083.34
3475,1160,15,5,0,2971.1
3476,1160,29,6,5,4768.73
3477,1160,11,1,0,370.86
3478,1161,7,3,0,1756.65
3479,1162,24,12,5,9153.29
3480,1162,1,10,0,6481.5
3481,1162,14,1,0,678.67
3482,1163,24,7,5,5339.42
3483,1163,18,2,0,1166.44
3484,1163,28,7,0,1707.79
3485,1164,29,6,0,5019.72
3486,1164,6,1,0,658.29
3487,1164,22,11,0,1552.43
3488,1164,5,4,0,1692.08
3489,1165,20,10,0,2431.7
3490,1165,1,2,0,1296.3
3491,1165,3,12,0,401.64
3492,1166,20,6,0,1459.02
3493,1167,8,6,0,2323.98
3494,1167,10,1,0,847.6
3495,1167,20,8,0,1945.36
3496,1167,5,11,0,4653.22
3497,1167,16,7,15,1186.07
3498,1168,1,5,0,3240.75
3499,1168,19,1,10,505.37
3500,1168,25,12,0,4385.64
3501,1168,23,8,0,3008.0
3502,1169,14,7,10,4275.62
3503,1169,24,10,0,8029.2
3504,1169,21,7,0,5662.79
3505,1170,9,6,0,1460.88
3506,1170,20,8,0,1945.36
3507,1171,15,3,0,1782.66
3508,1171,10,10,0,8476.0
3509,1171,5,5,0,2115.1
3510,1172,8,8,0,3098.64
3511,1172,23,11,5,3929.2
3512,1173,27,4,0,1387.96
3513,1173,1,5,0,3240.75
3514,1173,11,5,0,1854.3
3515,1173,2,1,0,35.53
3516,1173,6,5,0,3291.45
3517,1174,3,10,0,334.7
3518,1174,27,12,0,4163.88
3519,1175,27,2,0,693.98
3520,1175,20,10,0,2431.7
3521,1175,4,6,10,1540.13
3522,1175,19,5,0,2807.6
3523,1175,10,2,0,1695.2
3524,1176,18,7,10,3674.29
3525,1176,24,4,0,3211.68
3526,1176,22,6,0,846.78
3527,1176,27,2,0,693.98
3528,1177,17,5,0,418.95
3529,1177,22,7,0,987.91
3530,1177,9,11,0,2678.28
3531,1177,11,9,10,3003.97
3532,1177,10,6,0,5085.6
3533,1178,19,5,5,2667.22
3534,1178,22,10,0,1411.3
3535,1178,29,9,0,7529.58
3536,1178,2,8,0,284.24
3537,1179,11,1,10,333.77
3538,1179,20,11,0,2674.87
3539,1180,4,10,0,2852.1
3540,1180,29,8,0,6692.96
3541,1181,8,5,5,1839.82
3542,1181,18,11,5,6094.65
3543,1181,7,9,0,5269.95
3544,1181,13,10,0,1516.3
3545,1182,8,12,0,4647.96
3546,1182,15,11,0,6536.42
3547,1182,27,1,5,329.64
3548,1182,1,9,0,5833.35
3549,1182,25,4,0,1461.88
3550,1183,4,4,10,1026.76
3551,1183,16,3,0,598.02
3552,1184,19,7,0,3930.64
3553,1184,5,7,0,2961.14
3554,1184,29,6,0,5019.72
3555,1185,15,7,0,4159.54
3556,1185,13,5,0,758.15
3557,1186,21,5,5,3842.61
3558,1186,4,11,0,3137.31
3559,1187,8,2,0,774.66
3560,1187,5,3,0,1269.06
3561,1188,22,5,0,705.65
3562,1188,7,8,0,4684.4
3563,1189,7,7,0,4098.85
3564,1189,14,11,0,7465.37
3565,1189,29,1,0,836.62
3566,1189,17,4,0,335.16
3567,1190,23,1,10,338.4
3568,1190,8,5,0,1936.65
3569,1191,5,3,15,1078.7
3570,1191,11,11,0,4079.46
3571,1191,26,1,0,548.17
3572,1191,20,12,0,2918.04
3573,1191,23,8,0,3008.0
3574,1192,23,2,0,752.0
3575,1193,25,2,0,730.94
3576,1193,26,7,10,3453.47
3577,1193,1,6,0,3888.9
3578,1194,27,7,15,2064.59
3579,1195,21,4,0,3235.88
3580,1195,14,2,0,1357.34
3581,1196,9,2,0,486.96
3582,1196,11,9,0,3337.74
3583,1196,6,11,5,6879.13
3584,1196,1,10,0,6481.5
3585,1196,29,9,0,7529.58
3586,1197,3,4,0,133.88
3587,1198,10,6,0,5085.6
3588,1198,9,10,0,2434.8
3589,1198,23,12,0,4512.0
3590,1199,28,7,0,1707.79
3591,1199,22,4,0,564.52
3592,1200,8,4,0,1549.32
3593,1200,18,5,5,2770.3
3594,1201,16,10,0,1993.4
3595,1201,28,1,0,243.97
3596,1201,24,8,0,6423.36
3597,1202,10,6,0,5085.6
3598,1203,22,11,0,1552.43
3599,1203,5,4,0,1692.08
3600,1203,7,5,10,2634.98
3601,1203,24,3,0,2408.76
3602,1204,10,5,0,4238.0
3603,1204,22,1,0,141.13
3604,1204,19,11,10,5559.05
3605,1205,9,12,0,2921.76
3606,1206,5,5,5,2009.34
3607,1206,2,9,0,319.77
3608,1207,5,11,10,4187.9
3609,1207,19,2,0,1123.04
3610,1207,4,9,0,2566.89
3611,1208,11,7,0,2596.02
3612,1208,10,1,5,805.22
3613,1208,8,7,0,2711.31
3614,1208,16,5,0,996.7
3615,1209,28,5,0,1219.85
3616,1209,13,4,10,545.87
3617,1210,16,11,0,2192.74
3618,1210,1,6,0,3888.9
3619,1210,11,11,0,4079.46
3620,1210,3,7,0,234.29
3621,1211,28,2,0,487.94
3622,1211,7,8,0,4684.4
3623,1211,23,8,0,3008.0
3624,1212,12,12,0,4702.92
3625,1212,9,7,0,1704.36
3626,1212,6,2,0,1316.58
3627,1213,29,9,0,7529.58
3628,1213,22,2,0,282.26
3629,1213,2,6,10,191.86
3630,1214,26,12,5,6249.14
3631,1214,15,6,0,3565.32
3632,1214,23,8,0,3008.0
3633,1214,20,12,0,2918.04
3634,1214,14,1,5,644.74
3635,1215,3,11,0,368.17
3636,1215,14,8,0,5429.36
3637,1216,2,1,0,35.53
3638,1216,5,7,0,2961.14
3639,1217,24,6,5,4576.64
3640,1217,4,10,0,2852.1
3641,1217,25,2,0,730.94
3642,1218,1,9,0,5833.35
3643,1218,2,12,0,426.36
3644,1219,8,10,0,3873.3
3645,1219,2,11,0,390.83
3646,1220,2,8,0,284.24
3647,1220,8,12,0,4647.96
3648,1220,16,3,0,598.02
3649,1220,10,5,10,3814.2
3650,1221,12,6,10,2116.31
3651,1221,22,5,0,705.65
3652,1221,21,4,0,3235.88
3653,1221,23,2,0,752.0
3654,1221,13,7,10,955.27
3655,1222,19,7,0,3930.64
3656,1222,7,10,0,5855.5
3657,1222,14,4,0,2714.68
3658,1222,6,1,10,592.46
3659,1223,8,11,0,4260.63
3660,1223,10,4,0,3390.4
3661,1223,11,2,0,741.72
3662,1223,26,8,10,3946.82
3663,1223,1,4,15,2203.71
3664,1224,25,1,5,347.2
3665,1224,6,7,0,4608.03
3666,1225,2,5,0,177.65
3667,1225,21,3,0,2426.91
3668,1225,14,2,0,1357.34
3669,1225,9,6,10,1314.79
3670,1225,6,3,0,1974.87
3671,1226,27,12,5,3955.69
3672,1227,1,11,0,7129.65
3673,1227,27,8,0,2775.92
3674,1227,12,2,0,783.82
3675,1227,14,4,0,2714.68
3676,1228,11,5,0,1854.3
3677,1228,12,5,0,1959.55
3678,1229,29,3,0,2509.86
3679,1229,19,7,0,3930.64
3680,1229,25,4,0,1461.88
3681,1229,21,10,0,8089.7
3682,1230,4,7,0,1996.47
3683,1230,10,3,0,2542.8
3684,1231,23,5,0,1880.0
3685,1232,3,8,0,267.76
3686,1232,10,4,10,3051.36
3687,1232,18,6,0,3499.32
3688,1232,14,10,0,6786.7
3689,1232,29,11,0,9202.82
3690,1233,23,1,0,376.0
3691,1234,24,12,0,9635.04
3692,1234,27,7,0,2428.93
3693,1234,15,11,15,5555.96
3694,1235,29,12,0,10039.44
3695,1235,3,7,0,234.29
3696,1235,25,12,0,4385.64
3697,1235,2,10,0,355.3
3698,1236,24,9,0,7226.28
3699,1237,28,4,0,975.88
3700,1237,19,8,5,4267.55
3701,1237,27,6,10,1873.75
3702,1238,29,12,5,9537.47
3703,1238,8,12,0,4647.96
3704,1238,6,1,0,658.29
3705,1238,9,1,10,219.13
3706,1238,22,5,10,635.08
3707,1239,13,5,15,644.43
3708,1239,27,7,0,2428.93
3709,1239,4,11,0,3137.31
3710,1239,18,6,0,3499.32
3711,1240,2,10,0,355.3
3712,1241,26,9,5,4686.85
3713,1241,15,8,0,4753.76
3714,1242,8,2,0,774.66
3715,1242,6,6,0,3949.74
3716,1243,22,3,0,423.39
3717,1243,1,5,0,3240.75
3718,1243,20,2,15,413.39
3719,1243,12,6,0,2351.46
3720,1244,9,5,0,1217.4
3721,1244,27,12,0,4163.88
3722,1244,3,6,0,200.82
3723,1244,7,7,0,4098.85
3724,1245,10,5,0,4238.0
3725,1245,26,9,0,4933.53
3726,1245,6,6,10,3554.77
3727,1245,2,7,0,248.71
3728,1245,28,3,0,731.91
3729,1246,14,3,0,2036.01
3730,1246,19,9,0,5053.68
3731,1246,4,11,0,3137.31
3732,1246,9,11,15,2276.54
3733,1247,16,4,0,797.36
3734,1248,12,3,10,1058.16
3735,1248,17,1,0,83.79
3736,1249,20,12,10,2626.24
3737,1249,4,8,0,2281.68
3738,1250,5,1,0,423.02
3739,1250,13,8,0,1213.04
3740,1250,3,6,15,170.7
3741,1250,19,12,0,6738.24
3742,1251,15,12,0,7130.64
3743,1252,10,6,0,5085.6
3744,1253,4,3,0,855.63
3745,1253,17,3,0,251.37
3746,1253,19,12,0,6738.24
3747,1254,12,11,5,4095.46
3748,1254,29,10,0,8366.2
3749,1254,7,4,0,2342.2
3750,1254,18,10,0,5832.2
3751,1254,19,1,0,561.52
3752,1255,23,7,15,2237.2
3753,1255,10,2,0,1695.2
3754,1256,29,6,0,5019.72
3755,1257,5,7,0,2961.14
3756,1258,15,6,0,3565.32
3757,1259,21,8,0,6471.76
3758,1260,16,8,0,1594.72
3759,1260,18,11,0,6415.42
3760,1260,29,5,0,4183.1
3761,1260,10,10,10,7628.4
3762,1261,19,1,0,561.52
3763,1261,6,11,5,6879.13
3764,1261,3,10,10,301.23
3765,1262,5,3,0,1269.06
3766,1262,13,4,15,515.54
3767,1262,20,1,0,243.17
3768,1262,6,11,0,7241.19
3769,1262,29,5,0,4183.1
3770,1263,27,9,0,3122.91
3771,1264,23,7,0,2632.0
3772,1265,29,7,5,5563.52
3773,1265,24,2,0,1605.84
3774,1266,20,7,0,1702.19
3775,1266,22,7,0,987.91
3776,1267,19,2,0,1123.04
3777,1267,26,5,0,2740.85
3778,1268,11,11,0,4079.46
3779,1268,27,10,5,3296.4
3780,1268,3,3,0,100.41
3781,1269,7,6,10,3161.97
3782,1270,22,8,0,1129.04
3783,1270,15,7,0,4159.54
3784,1270,8,8,15,2633.84
3785,1270,14,5,0,3393.35
3786,1271,27,2,0,693.98
3787,1271,22,7,0,987.91
3788,1271,23,6,0,2256.0
3789,1271,21,10,0,8089.7
3790,1272,9,2,0,486.96
3791,1272,26,1,0,548.17
3792,1272,8,9,0,3485.97
3793,1272,10,6,10,4577.04
3794,1273,3,11,0,368.17
3795,1273,22,11,0,1552.43
3796,1274,1,9,0,5833.35
3797,1274,25,11,0,4020.17
3798,1274,3,11,0,368.17
3799,1274,13,9,0,1364.67
3800,1275,26,7,0,3837.19
3801,1275,12,2,10,705.44
3802,1275,23,8,0,3008.0
3803,1275,11,5,0,1854.3
3804,1276,5,4,0,1692.08
3805,1276,24,9,0,7226.28
3806,1276,21,7,0,5662.79
3807,1277,9,9,0,2191.32
3808,1278,12,2,5,744.63
3809,1278,27,9,0,3122.91
3810,1278,19,7,0,3930.64
3811,1278,13,7,0,1061.41
3812,1278,3,2,0,66.94
3813,1279,9,5,0,1217.4
3814,1279,15,6,15,3030.52
3815,1279,5,5,0,2115.1
3816,1279,22,10,15,1199.6
3817,1279,27,2,0,693.98
3818,1280,23,2,0,752.0
3819,1281,25,3,0,1096.41
3820,1281,24,3,0,2408.76
3821,1281,8,7,0,2711.31
3822,1281,17,1,10,75.41
3823,1282,18,6,0,3499.32
3824,1282,7,10,0,5855.5
3825,1282,21,12,0,9707.64
3826,1283,3,10,0,334.7
3827,1283,13,5,0,758.15
3828,1283,15,6,5,3387.05
3829,1283,17,3,0,251.37
3830,1284,19,12,0,6738.24
3831,1285,8,7,5,2575.74
3832,1286,29,7,15,4977.89
3833,1287,24,11,5,8390.51
3834,1287,13,8,0,1213.04
3835,1288,15,11,0,6536.42
3836,1288,12,12,0,4702.92
3837,1288,1,10,0,6481.5
3838,1288,8,12,0,4647.96
3839,1289,15,10,5,5645.09
3840,1289,2,6,0,213.18
3841,1289,21,12,10,8736.88
3842,1289,12,11,0,4311.01
3843,1289,6,12,0,7899.48
3844,1290,24,2,0,1605.84
3845,1290,7,3,0,1756.65
3846,1290,3,3,0,100.41
3847,1291,9,1,15,206.96
3848,1292,16,4,0,797.36
3849,1293,18,11,10,5773.88
3850,1293,19,4,0,2246.08
3851,1294,10,4,15,2881.84
3852,1294,16,2,0,398.68
3853,1294,20,5,0,1215.85
3854,1294,26,8,5,4166.09
3855,1294,9,3,0,730.44
3856,1295,9,2,0,486.96
3857,1296,29,8,15,5689.02
3858,1296,24,8,0,6423.36
3859,1296,25,1,0,365.47
3860,1296,27,8,15,2359.53
3861,1297,28,5,10,1097.86
3862,1297,26,10,0,5481.7
3863,1298,13,6,0,909.78
3864,1299,19,7,0,3930.64
3865,1299,8,8,5,2943.71
3866,1299,29,12,0,10039.44
3867,1299,10,10,10,7628.4
3868,1300,8,5,0,1936.65
3869,1300,7,1,0,585.55
3870,1300,11,8,15,2521.85
3871,1300,17,7,0,586.53
3872,1300,25,8,0,2923.76
3873,1301,17,11,0,921.69
3874,1301,5,8,0,3384.16
3875,1301,19,4,0,2246.08
3876,1301,27,12,5,3955.69
3877,1301,13,1,0,151.63
3878,1302,23,10,0,3760.0
3879,1302,15,6,0,3565.32
3880,1302,9,9,0,2191.32
3881,1302,21,2,0,1617.94
3882,1303,10,8,0,6780.8
3883,1303,11,2,5,704.63
3884,1303,12,8,0,3135.28
3885,1303,2,10,0,355.3
3886,1304,15,12,15,6061.04
3887,1304,29,7,5,5563.52
3888,1304,11,1,0,370.86
3889,1304,10,3,0,2542.8
3890,1305,28,8,0,1951.76
3891,1305,15,6,0,3565.32
3892,1306,28,4,5,927.09
3893,1306,1,10,0,6481.5
3894,1306,14,11,0,7465.37
3895,1306,24,6,0,4817.52
3896,1306,10,10,0,8476.0
3897,1307,29,3,0,2509.86
3898,1307,16,5,0,996.7
3899,1307,27,12,5,3955.69
3900,1307,20,12,5,2772.14
3901,1308,4,8,5,2167.6
3902,1308,16,3,5,568.12
3903,1308,5,10,0,4230.2
3904,1309,21,11,0,8898.67
3905,1310,26,4,0,2192.68
3906,1310,6,3,0,1974.87
3907,1311,28,7,15,1451.62
3908,1312,6,4,0,2633.16
3909,1312,18,9,0,5248.98
3910,1313,11,5,0,1854.3
3911,1313,10,6,0,5085.6
3912,1313,23,11,0,4136.0
3913,1314,7,1,0,585.55
3914,1314,11,2,5,704.63
3915,1314,23,6,15,1917.6
3916,1314,26,7,15,3261.61
3917,1314,14,2,0,1357.34
3918,1315,3,9,0,301.23
3919,1316,2,6,0,213.18
3920,1316,27,6,5,1977.84
3921,1316,16,1,0,199.34
3922,1317,23,10,0,3760.0
3923,1317,26,11,0,6029.87
3924,1317,18,2,0,1166.44
3925,1317,8,12,0,4647.96
3926,1317,6,1,0,658.29
3927,1318,12,2,0,783.82
3928,1319,5,2,0,846.04
3929,1319,2,9,0,319.77
3930,1319,28,1,0,243.97
3931,1319,3,9,0,301.23
3932,1319,21,2,5,1537.04
3933,1320,5,4,0,1692.08
3934,1321,13,12,10,1637.6
3935,1321,21,8,0,6471.76
3936,1321,10,9,0,7628.4
3937,1322,9,3,5,693.92
3938,1323,11,3,0,1112.58
3939,1323,7,2,15,995.44
3940,1323,19,4,0,2246.08
3941,1324,29,4,10,3011.83
3942,1325,1,5,0,3240.75
3943,1325,13,9,0,1364.67
3944,1325,8,3,0,1161.99
3945,1326,16,6,0,1196.04
3946,1326,18,11,10,5773.88
3947,1326,25,11,0,4020.17
3948,1326,4,4,10,1026.76
3949,1327,16,4,5,757.49
3950,1327,29,3,0,2509.86
3951,1327,15,7,0,4159.54
3952,1327,26,7,0,3837.19
3953,1328,29,11,0,9202.82
3954,1328,9,6,0,1460.88
3955,1328,12,1,0,391.91
3956,1328,7,8,5,4450.18
3957,1328,3,3,10,90.37
3958,1329,13,2,0,303.26
3959,1329,18,2,0,1166.44
3960,1329,14,6,0,4072.02
3961,1329,9,6,0,1460.88
3962,1329,19,7,0,3930.64
3963,1330,15,1,0,594.22
3964,1330,27,7,0,2428.93
3965,1330,19,1,5,533.44
3966,1330,9,11,0,2678.28
3967,1331,13,1,0,151.63
3968,1331,1,11,0,7129.65
3969,1331,28,12,0,2927.64
3970,1331,25,11,0,4020.17
3971,1331,23,9,0,3384.0
3972,1332,20,11,0,2674.87
3973,1332,2,12,0,426.36
3974,1332,14,9,0,6108.03
3975,1332,22,5,0,705.65
3976,1333,24,6,0,4817.52
3977,1333,9,1,0,243.48
3978,1333,11,5,0,1854.3
3979,1334,12,12,0,4702.92
3980,1334,9,7,0,1704.36
3981,1335,15,9,0,5347.98
3982,1335,20,10,0,2431.7
3983,1336,15,12,10,6417.58
3984,1336,3,6,0,200.82
3985,1336,19,11,0,6176.72
3986,1336,27,7,10,2186.04
3987,1337,23,2,0,752.0
3988,1337,6,1,0,658.29
3989,1337,18,9,0,5248.98
3990,1338,24,9,0,7226.28
3991,1338,23,9,0,3384.0
3992,1339,28,9,0,2195.73
3993,1340,21,6,0,4853.82
3994,1340,7,11,0,6441.05
3995,1340,27,3,0,1040.97
3996,1340,8,1,0,387.33
3997,1340,5,1,0,423.02
3998,1341,22,5,0,705.65
3999,1341,28,4,0,975.88
4000,1341,10,5,0,4238.0
4001,1341,13,12,0,1819.56
4002,1341,12,7,0,2743.37
4003,1342,17,6,0,502.74
4004,1343,8,6,0,2323.98
4005,1343,12,2,0,783.82
4006,1343,18,1,0,583.22
4007,1343,26,11,0,6029.87
4008,1343,11,2,0,741.72
4009,1344,4,12,0,3422.52
4010,1344,1,1,5,615.74
4011,1344,25,8,5,2777.57
4012,1344,29,6,5,4768.73
4013,1344,14,4,0,2714.68
4014,1345,15,10,0,5942.2
4015,1345,25,12,5,4166.36
4016,1345,9,11,0,2678.28
4017,1345,11,11,5,3875.49
4018,1345,29,9,0,7529.58
4019,1346,13,6,0,909.78
4020,1346,20,5,0,1215.85
4021,1347,17,11,10,829.52
4022,1347,28,3,0,731.91
4023,1347,16,12,0,2392.08
4024,1347,29,7,5,5563.52
4025,1347,6,9,0,5924.61
4026,1348,20,6,0,1459.02
4027,1349,29,6,0,5019.72
4028,1349,19,8,0,4492.16
4029,1350,22,7,0,987.91
4030,1350,13,2,0,303.26
4031,1350,26,2,0,1096.34
4032,1350,25,1,0,365.47
4033,1351,7,4,0,2342.2
4034,1351,21,8,10,5824.58
4035,1351,2,2,0,71.06
4036,1351,16,6,0,1196.04
4037,1352,2,10,10,319.77
4038,1352,14,9,0,6108.03
4039,1352,8,9,0,3485.97
4040,1352,7,7,0,4098.85
4041,1353,1,8,0,5185.2
4042,1353,8,11,0,4260.63
4043,1353,26,7,0,3837.19
4044,1353,11,8,0,2966.88
4045,1353,14,12,0,8144.04
4046,1354,1,3,15,1652.78
4047,1354,7,3,0,1756.65
4048,1354,10,9,0,7628.4
4049,1354,29,3,0,2509.86
4050,1355,1,3,0,1944.45
4051,1355,14,12,5,7736.84
4052,1355,4,9,0,2566.89
4053,1355,17,9,10,678.7
4054,1356,10,8,0,6780.8
4055,1356,13,8,0,1213.04
4056,1357,15,9,0,5347.98
4057,1357,9,6,0,1460.88
4058,1358,8,2,0,774.66
4059,1358,4,2,0,570.42
4060,1358,25,6,0,2192.82
4061,1358,7,10,15,4977.18
4062,1359,7,3,0,1756.65
4063,1359,22,2,0,282.26
4064,1359,12,6,0,2351.46
4065,1359,29,5,10,3764.79
4066,1359,27,6,0,2081.94
4067,1360,10,1,0,847.6
4068,1360,26,3,0,1644.51
4069,1360,14,3,10,1832.41
4070,1360,22,10,0,1411.3
4071,1361,26,5,0,2740.85
4072,1361,19,4,0,2246.08
4073,1361,2,3,0,106.59
4074,1362,24,1,0,802.92
4075,1362,14,2,15,1153.74
4076,1362,9,9,0,2191.32
4077,1362,22,6,0,846.78
4078,1363,15,8,0,4753.76
4079,1363,17,10,0,837.9
4080,1363,26,5,15,2329.72
4081,1363,29,10,0,8366.2
4082,1364,5,8,0,3384.16
4083,1364,4,12,0,3422.52
4084,1364,15,10,10,5347.98
4085,1364,19,3,0,1684.56
4086,1365,10,11,10,8391.24
4087,1365,12,8,0,3135.28
4088,1365,22,8,0,1129.04
4089,1365,26,11,10,5426.88
4090,1365,15,8,0,4753.76
4091,1366,14,2,0,1357.34
4092,1366,9,10,0,2434.8
4093,1366,11,11,0,4079.46
4094,1367,5,4,0,1692.08
4095,1367,26,7,0,3837.19
4096,1367,14,6,0,4072.02
4097,1367,11,9,0,3337.74
4098,1368,8,12,0,4647.96
4099,1368,5,5,0,2115.1
4100,1368,15,11,0,6536.42
4101,1368,20,2,5,462.02
4102,1369,3,10,0,334.7
4103,1370,1,9,0,5833.35
4104,1370,4,11,0,3137.31
4105,1370,15,2,0,1188.44
4106,1371,11,4,10,1335.1
4107,1372,27,1,0,346.99
4108,1372,13,10,0,1516.3
4109,1372,23,9,0,3384.0
4110,1372,6,4,0,2633.16
4111,1372,15,8,15,4040.7
4112,1373,1,11,15,6060.2
4113,1374,18,5,0,2916.1
4114,1375,21,8,0,6471.76
4115,1375,15,2,0,1188.44
4116,1375,2,9,0,319.77
4117,1375,13,10,0,1516.3
4118,1375,5,6,0,2538.12
4119,1376,16,8,0,1594.72
4120,1377,2,7,5,236.27
4121,1377,22,3,0,423.39
4122,1377,25,7,0,2558.29
4123,1378,2,7,5,236.27
4124,1378,22,5,0,705.65
4125,1378,28,2,0,487.94
4126,1379,18,3,0,1749.66
4127,1379,28,5,15,1036.87
4128,1379,6,3,0,1974.87
4129,1379,1,3,5,1847.23
4130,1379,25,5,0,1827.35
4131,1380,19,5,0,2807.6
4132,1380,10,7,0,5933.2
4133,1381,20,10,0,2431.7
4134,1382,23,12,0,4512.0
4135,1383,27,2,0,693.98
4136,1383,21,6,5,4611.13
4137,1383,22,3,0,423.39
4138,1383,9,7,5,1619.14
4139,1384,13,2,5,288.1
4140,1384,24,1,0,802.92
4141,1384,19,4,0,2246.08
4142,1384,1,4,0,2592.6
4143,1385,3,4,0,133.88
4144,1385,9,8,5,1850.45
4145,1385,10,9,0,7628.4
4146,1385,1,9,0,5833.35
4147,1385,7,7,0,4098.85
4148,1386,14,6,0,4072.02
4149,1387,22,2,0,282.26
4150,1387,24,8,15,5459.86
4151,1387,8,1,0,387.33
4152,1387,11,7,0,2596.02
4153,1388,15,5,0,2971.1
4154,1389,25,4,0,1461.88
4155,1390,10,5,0,4238.0
4156,1390,3,10,10,301.23
4157,1391,27,11,0,3816.89
4158,1392,11,6,0,2225.16
4159,1392,15,9,5,5080.58
4160,1393,19,7,0,3930.64
4161,1393,12,9,0,3527.19
4162,1393,29,8,0,6692.96
4163,1393,22,1,0,141.13
4164,1393,27,1,10,312.29
4165,1394,13,5,0,758.15
4166,1394,1,11,10,6416.68
4167,1394,8,3,0,1161.99
4168,1394,29,1,5,794.79
4169,1394,23,1,0,376.0
4170,1395,6,5,0,3291.45
4171,1395,9,11,0,2678.28
4172,1395,28,7,0,1707.79
4173,1395,24,6,0,4817.52
4174,1395,21,11,0,8898.67
4175,1396,24,5,0,4014.6
4176,1396,19,1,5,533.44
4177,1396,6,3,0,1974.87
4178,1396,26,12,0,6578.04
4179,1396,27,9,5,2966.76
4180,1397,19,2,0,1123.04
4181,1397,13,7,0,1061.41
4182,1397,26,12,0,6578.04
4183,1398,6,5,5,3126.88
4184,1398,2,7,0,248.71
4185,1398,25,4,10,1315.69
4186,1398,9,10,10,2191.32
4187,1398,16,9,0,1794.06
4188,1399,6,11,0,7241.19
4189,1399,24,5,0,4014.6
4190,1399,10,12,10,9154.08
4191,1400,21,11,10,8008.8
4192,1400,29,6,0,5019.72
4193,1401,19,10,0,5615.2
4194,1401,29,6,0,5019.72
4195,1401,9,1,0,243.48
4196,1401,14,12,0,8144.04
4197,1402,19,10,5,5334.44
4198,1403,24,11,10,7948.91
4199,1404,28,12,0,2927.64
4200,1404,3,12,0,401.64
4201,1404,27,8,0,2775.92
4202,1404,20,7,0,1702.19
4203,1404,25,9,0,3289.23
4204,1405,24,9,0,7226.28
4205,1406,13,11,0,1667.93
4206,1406,5,2,0,846.04
4207,1406,23,6,10,2030.4
4208,1406,2,7,10,223.84
4209,1407,22,7,0,987.91
4210,1407,16,3,0,598.02
4211,1407,17,12,0,1005.48
4212,1408,16,6,10,1076.44
4213,1408,1,4,5,2462.97
4214,1408,17,8,5,636.8
4215,1408,5,1,10,380.72
4216,1409,29,5,0,4183.1
4217,1410,14,4,0,2714.68
4218,1410,10,2,10,1525.68
4219,1410,9,10,0,2434.8
4220,1411,18,4,0,2332.88
4221,1411,23,8,0,3008.0
4222,1412,3,8,0,267.76
4223,1412,16,12,0,2392.08
4224,1412,1,12,0,7777.8
4225,1413,25,4,0,1461.88
4226,1414,14,2,0,1357.34
4227,1414,13,5,0,758.15
4228,1414,1,10,0,6481.5
4229,1414,24,9,0,7226.28
4230,1415,5,4,0,1692.08
4231,1415,25,11,0,4020.17
4232,1415,17,12,0,1005.48
4233,1415,27,10,0,3469.9
4234,1415,18,11,0,6415.42
4235,1416,18,3,0,1749.66
4236,1416,21,2,0,1617.94
4237,1416,20,10,0,2431.7
4238,1416,19,3,5,1600.33
4239,1416,7,12,15,5972.61
4240,1417,22,10,15,1199.6
4241,1417,16,4,10,717.62
4242,1417,19,9,0,5053.68
4243,1418,2,11,15,332.21
4244,1418,25,1,10,328.92
4245,1419,11,10,5,3523.17
4246,1419,2,5,5,168.77
4247,1419,1,11,0,7129.65
4248,1419,22,9,5,1206.66
4249,1419,15,8,0,4753.76
4250,1420,24,6,0,4817.52
4251,1421,2,2,0,71.06
4252,1421,24,11,0,8832.12
4253,1421,23,9,0,3384.0
4254,1422,9,9,0,2191.32
4255,1422,1,1,5,615.74
4256,1422,11,12,0,4450.32
4257,1423,3,7,10,210.86
4258,1423,1,9,5,5541.68
4259,1423,5,8,0,3384.16
4260,1424,9,4,15,827.83
4261,1424,14,6,0,4072.02
4262,1424,10,2,0,1695.2
4263,1424,20,10,0,2431.7
4264,1425,6,12,0,7899.48
4265,1425,20,7,0,1702.19
4266,1426,9,3,0,730.44
4267,1426,7,6,5,3337.64
4268,1427,4,1,0,285.21
4269,1428,8,10,10,3485.97
4270,1429,16,5,0,996.7
4271,1429,11,4,5,1409.27
4272,1429,7,2,0,1171.1
4273,1430,14,1,15,576.87
4274,1430,21,6,0,4853.82
4275,1430,23,9,0,3384.0
4276,1431,1,10,15,5509.28
4277,1432,6,11,0,7241.19
4278,1433,26,2,10,986.71
4279,1434,7,6,0,3513.3
4280,1434,9,12,10,2629.58
4281,1434,16,2,15,338.88
4282,1434,18,3,5,1662.18
4283,1435,25,5,0,1827.35
4284,1436,20,2,0,486.34
4285,1436,15,2,0,1188.44
4286,1436,1,11,0,7129.65
4287,1436,27,1,0,346.99
4288,1437,28,7,5,1622.4
4289,1437,27,7,0,2428.93
4290,1437,5,2,0,846.04
4291,1438,10,10,0,8476.0
4292,1438,13,11,0,1667.93
4293,1439,21,7,0,5662.79
4294,1439,1,10,0,6481.5
4295,1439,26,10,0,5481.7
4296,1439,5,2,10,761.44
4297,1440,19,8,0,4492.16
4298,1441,16,2,0,398.68
4299,1441,27,2,0,693.98
4300,1442,16,10,0,1993.4
4301,1443,14,3,5,1934.21
4302,1443,4,11,0,3137.31
4303,1443,10,9,0,7628.4
4304,1443,29,5,5,3973.94
4305,1443,6,6,0,3949.74
4306,1444,23,8,0,3008.0
4307,1444,21,3,0,2426.91
4308,1444,11,4,0,1483.44
4309,1444,2,3,15,90.6
4310,1444,10,1,5,805.22
4311,1445,5,10,0,4230.2
4312,1445,8,7,0,2711.31
4313,1445,26,9,0,4933.53
4314,1446,11,10,0,3708.6
4315,1446,13,9,0,1364.67
4316,1446,18,3,0,1749.66
4317,1447,22,10,0,1411.3
4318,1447,15,6,0,3565.32
4319,1447,3,5,0,167.35
4320,1448,9,10,0,2434.8
4321,1448,1,11,10,6416.68
4322,1448,15,11,0,6536.42
4323,1448,2,3,0,106.59
4324,1448,20,1,0,243.17
4325,1449,13,1,0,151.63
4326,1449,24,7,0,5620.44
4327,1449,19,6,0,3369.12
4328,1449,9,4,5,925.22
4329,1449,29,4,10,3011.83
4330,1450,16,6,0,1196.04
4331,1451,22,12,15,1439.53
4332,1451,8,12,0,4647.96
4333,1451,18,8,0,4665.76
4334,1451,11,10,10,3337.74
4335,1452,8,10,10,3485.97
4336,1452,5,6,0,2538.12
4337,1452,14,10,0,6786.7
4338,1452,20,5,0,1215.85
4339,1452,27,7,0,2428.93
4340,1453,13,8,15,1031.08
4341,1454,28,4,0,975.88
4342,1454,29,1,10,752.96
4343,1454,27,11,5,3626.05
4344,1454,9,4,0,973.92
4345,1455,4,10,0,2852.1
4346,1455,5,4,0,1692.08
4347,1455,20,4,5,924.05
4348,1455,2,8,0,284.24
4349,1456,8,4,0,1549.32
4350,1456,14,7,0,4750.69
4351,1456,10,3,0,2542.8
4352,1456,22,1,0,141.13
4353,1457,19,6,0,3369.12
4354,1458,1,3,0,1944.45
4355,1459,19,11,0,6176.72
4356,1459,7,10,0,5855.5
4357,1460,12,1,0,391.91
4358,1461,6,3,0,1974.87
4359,1461,29,4,10,3011.83
4360,1461,28,5,0,1219.85
4361,1462,19,9,0,5053.68
4362,1462,6,4,0,2633.16
4363,1462,29,3,0,2509.86
4364,1463,26,5,15,2329.72
4365,1463,22,2,0,282.26
4366,1464,11,7,0,2596.02
4367,1464,23,11,0,4136.0
4368,1465,10,8,0,6780.8
4369,1465,21,4,0,3235.88
4370,1465,12,6,0,2351.46
4371,1466,16,9,0,1794.06
4372,1466,23,10,0,3760.0
4373,1467,20,3,0,729.51
4374,1468,6,9,15,5035.92
4375,1468,2,7,0,248.71
4376,1469,6,10,0,6582.9
4377,1469,5,7,0,2961.14
4378,1469,13,11,0,1667.93
4379,1470,6,4,0,2633.16
4380,1470,26,9,10,4440.18
4381,1470,25,5,0,1827.35
4382,1470,19,3,0,1684.56
4383,1470,20,6,0,1459.02
4384,1471,21,3,0,2426.91
4385,1471,20,9,15,1860.25
4386,1471,14,10,10,6108.03
4387,1472,14,8,5,5157.89
4388,1473,20,3,0,729.51
4389,1474,17,6,0,502.74
4390,1474,8,8,0,3098.64
4391,1474,23,9,0,3384.0
4392,1474,13,8,10,1091.74
4393,1474,2,3,5,101.26
4394,1475,5,9,0,3807.18
4395,1475,19,12,0,6738.24
4396,1475,13,8,0,1213.04
4397,1476,1,5,15,2754.64
4398,1476,14,10,0,6786.7
4399,1476,18,7,0,4082.54
4400,1476,7,11,10,5796.94
4401,1477,1,4,0,2592.6
4402,1478,1,4,0,2592.6
4403,1478,9,7,0,1704.36
4404,1478,15,4,0,2376.88
4405,1478,16,5,0,996.7
4406,1479,26,3,0,1644.51
4407,1479,6,6,10,3554.77
4408,1479,24,5,0,4014.6
4409,1479,13,9,0,1364.67
4410,1479,5,2,0,846.04
4411,1480,29,8,0,6692.96
4412,1480,22,9,0,1270.17
4413,1480,7,6,0,3513.3
4414,1481,21,8,0,6471.76
4415,1482,29,7,5,5563.52
4416,1482,17,8,15,569.77
4417,1482,25,8,0,2923.76
4418,1483,11,8,0,2966.88
4419,1483,7,6,10,3161.97
4420,1483,14,5,10,3054.02
4421,1484,22,8,0,1129.04
4422,1484,11,4,0,1483.44
4423,1485,15,6,0,3565.32
4424,1486,4,9,0,2566.89
4425,1486,3,9,0,301.23
4426,1486,29,11,0,9202.82
4427,1486,19,2,0,1123.04
4428,1486,20,5,0,1215.85
4429,1487,12,2,0,783.82
4430,1488,9,4,0,973.92
4431,1488,8,6,5,2207.78
4432,1488,17,4,0,335.16
4433,1488,7,11,0,6441.05
4434,1488,6,6,0,3949.74
4435,1489,15,4,15,2020.35
4436,1489,14,12,0,8144.04
4437,1489,20,10,15,2066.94
4438,1490,21,5,0,4044.85
4439,1490,27,1,0,346.99
4440,1490,29,5,0,4183.1
4441,1490,7,5,0,2927.75
4442,1490,6,6,0,3949.74
4443,1491,6,10,0,6582.9
4444,1491,22,11,0,1552.43
4445,1491,13,1,0,151.63
4446,1491,8,8,0,3098.64
4447,1492,26,7,0,3837.19
4448,1492,1,4,0,2592.6
4449,1493,25,8,0,2923.76
4450,1493,22,4,5,536.29
4451,1494,6,8,15,4476.37
4452,1494,13,12,10,1637.6
4453,1494,29,8,0,6692.96
4454,1494,9,6,0,1460.88
4455,1494,20,2,0,486.34
4456,1495,12,12,0,4702.92
4457,1495,16,7,0,1395.38
4458,1495,1,4,0,2592.6
4459,1495,13,8,0,1213.04
4460,1496,19,6,0,3369.12
4461,1497,9,5,0,1217.4
4462,1497,7,12,0,7026.6
4463,1498,2,6,5,202.52
4464,1498,19,4,0,2246.08
4465,1498,3,7,0,234.29
4466,1499,17,12,0,1005.48
4467,1499,29,9,0,7529.58
4468,1499,21,5,0,4044.85
4469,1499,22,6,0,846.78
4470,1500,20,1,0,243.17
4471,1500,10,3,0,2542.8
4472,1500,28,3,0,731.91
4473,1500,4,6,5,1625.7
4474,1500,1,10,0,6481.5
4475,1501,15,10,10,5347.98
4476,1501,10,7,0,5933.2
4477,1501,17,7,0,586.53
4478,1501,25,4,0,1461.88
4479,1501,22,7,10,889.12
4480,1502,19,4,0,2246.08
4481,1502,14,8,0,5429.36
4482,1502,22,2,0,282.26
4483,1502,1,6,10,3500.01
4484,1503,3,2,5,63.59
4485,1503,15,3,5,1693.53
4486,1503,7,2,5,1112.54
4487,1504,7,1,0,585.55
4488,1504,2,12,0,426.36
4489,1505,13,3,0,454.89
4490,1506,26,5,0,2740.85
4491,1506,5,4,0,1692.08
4492,1506,3,4,10,120.49
4493,1506,29,5,0,4183.1
4494,1507,24,8,0,6423.36
4495,1508,25,1,0,365.47
4496,1508,15,3,0,1782.66
4497,1508,9,6,0,1460.88
4498,1508,7,7,0,4098.85
4499,1508,11,7,0,2596.02
4500,1509,19,9,0,5053.68
4501,1509,22,7,0,987.91
4502,1510,1,4,0,2592.6
4503,1510,9,3,0,730.44
4504,1510,21,4,10,2912.29
4505,1510,16,5,0,996.7
4506,1511,19,3,5,1600.33
4507,1511,10,10,0,8476.0
4508,1511,13,10,0,1516.3
4509,1511,1,5,0,3240.75
4510,1512,25,12,0,4385.64
4511,1512,14,11,0,7465.37
4512,1512,13,8,5,1152.39
4513,1512,29,5,10,3764.79
4514,1512,22,4,0,564.52
4515,1513,3,2,0,66.94
4516,1513,7,7,0,4098.85
4517,1513,8,10,0,3873.3
4518,1513,27,4,0,1387.96
4519,1514,23,8,0,3008.0
4520,1514,29,8,0,6692.96
4521,1514,26,8,0,4385.36
4522,1514,8,10,0,3873.3
4523,1514,9,1,15,206.96
4524,1515,24,11,0,8832.12
4525,1515,3,8,0,267.76
4526,1515,8,6,0,2323.98
4527,1516,10,7,0,5933.2
4528,1516,29,10,0,8366.2
4529,1516,14,3,0,2036.01
4530,1517,3,10,15,284.5
4531,1517,14,12,0,8144.04
4532,1518,21,11,5,8453.74
4533,1518,27,3,0,1040.97
4534,1518,17,12,0,1005.48
4535,1518,15,10,0,5942.2
4536,1519,18,4,10,2099.59
4537,1520,28,11,0,2683.67
4538,1520,26,9,0,4933.53
4539,1520,12,5,15,1665.62
4540,1521,22,8,0,1129.04
4541,1521,25,7,0,2558.29
4542,1522,28,6,0,1463.82
4543,1523,16,6,0,1196.04
4544,1523,10,7,0,5933.2
4545,1523,11,8,0,2966.88
4546,1523,26,3,0,1644.51
4547,1523,6,5,0,3291.45
4548,1524,6,8,5,5003.0
4549,1525,15,7,5,3951.56
4550,1525,3,6,10,180.74
4551,1525,9,12,0,2921.76
4552,1525,23,7,0,2632.0
4553,1526,12,1,0,391.91
4554,1526,23,1,5,357.2
4555,1526,13,5,0,758.15
4556,1526,24,2,0,1605.84
4557,1527,6,11,10,6517.07
4558,1527,13,12,0,1819.56
4559,1527,17,8,10,603.29
4560,1528,11,2,0,741.72
4561,1529,6,12,5,7504.51
4562,1529,10,8,0,6780.8
4563,1530,11,3,0,1112.58
4564,1530,4,3,0,855.63
4565,1530,17,1,0,83.79
4566,1531,7,5,0,2927.75
4567,1531,25,2,0,730.94
4568,1532,15,3,0,1782.66
4569,1532,12,2,0,783.82
4570,1532,1,11,10,6416.68
4571,1532,27,1,0,346.99
4572,1533,17,8,10,603.29
4573,1533,12,6,0,2351.46
4574,1534,21,11,10,8008.8
4575,1535,16,12,0,2392.08
4576,1535,24,1,0,802.92
4577,1535,13,11,0,1667.93
4578,1535,17,9,15,640.99
4579,1536,18,7,0,4082.54
4580,1537,20,1,5,231.01
4581,1537,3,10,0,334.7
4582,1537,14,1,10,610.8
4583,1537,8,1,0,387.33
4584,1538,13,4,0,606.52
4585,1538,28,6,0,1463.82
4586,1539,10,1,0,847.6
4587,1540,4,6,10,1540.13
4588,1541,17,4,0,335.16
4589,1542,15,12,0,7130.64
4590,1542,19,3,0,1684.56
4591,1543,8,2,0,774.66
4592,1543,27,6,5,1977.84
4593,1543,2,6,10,191.86
4594,1543,9,9,0,2191.32
4595,1543,15,11,0,6536.42
4596,1544,6,9,0,5924.61
4597,1544,28,7,0,1707.79
4598,1545,19,4,0,2246.08
4599,1545,13,2,5,288.1
4600,1546,24,1,5,762.77
4601,1546,12,7,0,2743.37
4602,1547,21,7,10,5096.51
4603,1548,20,2,0,486.34
4604,1548,4,11,0,3137.31
4605,1549,15,6,0,3565.32
4606,1549,21,1,0,808.97
4607,1549,23,2,0,752.0
4608,1549,13,4,0,606.52
4609,1549,27,7,0,2428.93
4610,1550,20,2,0,486.34
4611,1550,3,12,0,401.64
4612,1550,25,9,0,3289.23
4613,1550,14,10,10,6108.03
4614,1551,24,10,5,7627.74
4615,1552,25,11,0,4020.17
4616,1552,18,12,0,6998.64
4617,1552,28,3,0,731.91
4618,1552,26,6,0,3289.02
4619,1553,1,11,0,7129.65
4620,1553,15,8,0,4753.76
4621,1553,24,2,0,1605.84
4622,1554,7,10,0,5855.5
4623,1554,24,8,0,6423.36
4624,1554,26,7,0,3837.19
4625,1554,11,9,0,3337.74
4626,1554,17,11,0,921.69
4627,1555,28,10,0,2439.7
4628,1555,27,12,0,4163.88
4629,1555,20,1,0,243.17
4630,1555,10,4,0,3390.4
4631,1555,15,1,5,564.51
4632,1556,20,4,0,972.68
4633,1556,7,12,0,7026.6
4634,1556,24,7,0,5620.44
4635,1557,5,2,0,846.04
4636,1557,23,1,10,338.4
4637,1557,14,3,15,1730.61
4638,1557,17,6,10,452.47
4639,1557,12,8,0,3135.28
4640,1558,29,7,5,5563.52
4641,1558,9,4,0,973.92
4642,1559,21,12,5,9222.26
4643,1559,29,10,10,7529.58
4644,1560,4,3,10,770.07
4645,1560,19,5,0,2807.6
4646,1560,14,6,0,4072.02
4647,1561,13,7,0,1061.41
4648,1561,27,11,0,3816.89
4649,1561,1,5,0,3240.75
4650,1561,5,1,0,423.02
4651,1561,15,4,5,2258.04
4652,1562,17,6,0,502.74
4653,1562,13,4,0,606.52
4654,1562,19,4,10,2021.47
4655,1563,1,11,5,6773.17
4656,1563,21,12,15,8251.49
4657,1564,4,7,0,1996.47
4658,1564,18,9,10,4724.08
4659,1564,24,6,0,4817.52
4660,1564,17,3,0,251.37
4661,1564,11,8,0,2966.88
4662,1565,10,8,0,6780.8
4663,1566,25,11,0,4020.17
4664,1567,14,2,0,1357.34
4665,1567,16,3,0,598.02
4666,1568,19,4,0,2246.08
4667,1568,7,9,0,5269.95
4668,1569,19,5,0,2807.6
4669,1569,3,3,10,90.37
4670,1569,9,12,0,2921.76
4671,1569,5,4,0,1692.08
4672,1570,4,10,0,2852.1
4673,1570,27,4,0,1387.96
4674,1571,11,8,0,2966.88
4675,1571,6,11,0,7241.19
4676,1571,23,4,0,1504.0
4677,1571,21,5,0,4044.85
4678,1571,10,8,0,6780.8
4679,1572,3,7,0,234.29
4680,1572,24,3,5,2288.32
4681,1572,20,8,5,1848.09
4682,1572,1,8,15,4407.42
4683,1573,15,12,0,7130.64
4684,1573,6,7,0,4608.03
4685,1573,11,3,0,1112.58
4686,1573,5,8,0,3384.16
4687,1573,9,1,0,243.48
4688,1574,23,10,0,3760.0
4689,1574,24,9,10,6503.65
4690,1574,7,3,0,1756.65
4691,1575,25,5,0,1827.35
4692,1575,22,7,0,987.91
4693,1576,21,5,0,4044.85
4694,1576,29,7,0,5856.34
4695,1576,15,9,0,5347.98
4696,1576,4,10,5,2709.5
4697,1577,16,12,0,2392.08
4698,1577,19,8,0,4492.16
4699,1578,7,1,0,585.55
4700,1578,25,1,10,328.92
4701,1579,10,8,0,6780.8
4702,1579,28,7,0,1707.79
4703,1579,13,7,0,1061.41
4704,1580,14,7,0,4750.69
4705,1580,1,8,0,5185.2
4706,1580,16,5,10,897.03
4707,1581,13,7,0,1061.41
4708,1582,12,10,0,3919.1
4709,1582,25,3,10,986.77
4710,1582,16,4,0,797.36
4711,1582,24,7,15,4777.37
4712,1583,22,9,0,1270.17
4713,1583,14,12,0,8144.04
4714,1583,7,8,0,4684.4
4715,1584,28,12,10,2634.88
4716,1584,3,1,0,33.47
4717,1584,17,11,0,921.69
4718,1585,17,4,0,335.16
4719,1585,25,8,5,2777.57
4720,1586,14,12,0,8144.04
4721,1587,2,5,0,177.65
4722,1587,8,10,5,3679.64
4723,1588,3,5,0,167.35
4724,1588,21,4,0,3235.88
4725,1589,26,11,0,6029.87
4726,1590,29,2,0,1673.24
4727,1590,2,9,0,319.77
4728,1590,27,4,0,1387.96
4729,1590,25,7,15,2174.55
4730,1590,9,3,0,730.44
4731,1591,21,12,0,9707.64
4732,1591,1,5,0,3240.75
4733,1591,16,9,0,1794.06
4734,1592,8,10,0,3873.3
4735,1592,11,5,5,1761.58
4736,1592,1,12,15,6611.13
4737,1592,4,7,0,1996.47
4738,1593,13,2,0,303.26
4739,1594,21,3,0,2426.91
4740,1594,11,5,0,1854.3
4741,1594,29,12,10,9035.5
4742,1595,7,12,0,7026.6
4743,1595,27,5,0,1734.95
4744,1595,20,1,0,243.17
4745,1595,25,3,0,1096.41
4746,1596,28,2,0,487.94
4747,1597,15,9,0,5347.98
4748,1597,28,7,0,1707.79
4749,1597,27,11,0,3816.89
4750,1597,8,5,0,1936.65
4751,1598,26,3,0,1644.51
4752,1598,5,6,0,2538.12
4753,1599,7,4,5,2225.09
4754,1599,21,8,0,6471.76
4755,1600,25,8,0,2923.76
4756,1601,21,4,0,3235.88
4757,1601,29,1,0,836.62
4758,1602,3,5,0,167.35
4759,1602,24,7,0,5620.44
4760,1603,20,2,0,486.34
4761,1603,6,11,10,6517.07
4762,1603,11,3,0,1112.58
4763,1603,29,2,0,1673.24
4764,1603,18,5,0,2916.1
4765,1604,26,5,5,2603.81
4766,1605,18,10,0,5832.2
4767,1606,2,11,10,351.75
4768,1606,12,2,0,783.82
4769,1606,7,1,0,585.55
4770,1606,29,1,0,836.62
4771,1607,21,1,10,728.07
4772,1607,4,2,0,570.42
4773,1607,27,4,0,1387.96
4774,1607,22,9,0,1270.17
4775,1607,17,1,10,75.41
4776,1608,6,5,0,3291.45
4777,1608,18,8,0,4665.76
4778,1608,5,8,0,3384.16
4779,1608,26,6,10,2960.12
4780,1608,11,10,0,3708.6
4781,1609,3,11,0,368.17
4782,1609,25,6,0,2192.82
4783,1609,12,6,5,2233.89
4784,1610,12,11,0,4311.01
4785,1610,27,7,0,2428.93
4786,1610,18,7,10,3674.29
4787,1611,2,6,0,213.18
4788,1611,19,2,0,1123.04
4789,1611,27,1,0,346.99
4790,1612,17,12,0,1005.48
4791,1612,12,3,10,1058.16
4792,1612,27,1,0,346.99
4793,1612,2,10,0,355.3
4794,1613,27,12,0,4163.88
4795,1613,2,4,10,127.91
4796,1613,17,6,15,427.33
4797,1614,18,9,0,5248.98
4798,1614,26,7,0,3837.19
4799,1614,13,11,0,1667.93
4800,1614,2,4,0,142.12
4801,1615,25,1,0,365.47
4802,1615,2,11,0,390.83
4803,1615,21,6,0,4853.82
4804,1616,20,11,0,2674.87
4805,1616,2,8,5,270.03
4806,1616,8,4,0,1549.32
4807,1617,16,12,0,2392.08
4808,1617,3,10,0,334.7
4809,1617,13,2,0,303.26
4810,1617,21,6,0,4853.82
4811,1618,26,12,0,6578.04
4812,1619,16,12,0,2392.08
4813,1619,23,3,0,1128.0
4814,1620,2,12,0,426.36
4815,1620,8,9,0,3485.97
4816,1620,1,1,0,648.15
4817,1620,5,3,0,1269.06
4818,1620,10,8,0,6780.8
4819,1621,27,11,0,3816.89
4820,1621,2,9,0,319.77
4821,1621,18,8,0,4665.76
4822,1622,28,8,0,1951.76
4823,1623,29,4,5,3179.16
4824,1623,14,4,0,2714.68
4825,1624,12,2,0,783.82
4826,1625,16,3,5,568.12
4827,1626,14,4,0,2714.68
4828,1626,7,12,5,6675.27
4829,1626,8,5,0,1936.65
4830,1627,22,9,0,1270.17
4831,1627,21,11,15,7563.87
4832,1628,7,12,0,7026.6
4833,1629,15,10,10,5347.98
4834,1629,28,2,0,487.94
4835,1629,10,11,0,9323.6
4836,1629,19,6,0,3369.12
4837,1629,4,7,10,1796.82
4838,1630,13,7,15,902.2
4839,1630,25,4,0,1461.88
4840,1630,19,4,5,2133.78
4841,1630,22,5,0,705.65
4842,1630,12,2,0,783.82
4843,1631,16,2,10,358.81
4844,1632,20,4,0,972.68
4845,1632,15,12,0,7130.64
4846,1632,24,2,0,1605.84
4847,1632,6,10,5,6253.75
4848,1632,13,6,0,909.78
4849,1633,16,10,0,1993.4
4850,1633,2,12,0,426.36
4851,1633,7,1,0,585.55
4852,1633,23,5,0,1880.0
4853,1634,7,4,0,2342.2
4854,1634,29,7,0,5856.34
4855,1634,23,7,0,2632.0
4856,1634,18,6,10,3149.39
4857,1634,13,6,5,864.29
4858,1635,3,9,10,271.11
4859,1635,17,11,0,921.69
4860,1636,15,9,0,5347.98
4861,1637,28,4,5,927.09
4862,1637,10,8,0,6780.8
4863,1637,4,11,5,2980.44
4864,1638,24,5,0,4014.6
4865,1638,8,3,0,1161.99
4866,1638,22,12,15,1439.53
4867,1638,20,11,0,2674.87
4868,1638,23,12,0,4512.0
4869,1639,15,5,15,2525.44
4870,1639,8,9,5,3311.67
4871,1639,20,12,10,2626.24
4872,1640,9,8,0,1947.84
4873,1640,24,11,0,8832.12
4874,1640,21,4,0,3235.88
4875,1640,1,8,0,5185.2
4876,1640,3,5,5,158.98
4877,1641,20,6,10,1313.12
4878,1642,19,12,0,6738.24
4879,1642,5,4,5,1607.48
4880,1643,10,3,0,2542.8
4881,1644,22,5,0,705.65
4882,1644,20,11,15,2273.64
4883,1644,4,3,0,855.63
4884,1644,12,1,0,391.91
4885,1645,15,7,0,4159.54
4886,1645,18,11,15,5453.11
4887,1645,26,8,0,4385.36
4888,1646,21,2,0,1617.94
4889,1646,1,9,0,5833.35
4890,1646,17,12,0,1005.48
4891,1646,26,5,0,2740.85
4892,1647,12,12,0,4702.92
4893,1647,10,9,10,6865.56
4894,1648,18,6,15,2974.42
4895,1648,3,10,0,334.7
4896,1649,12,8,0,3135.28
4897,1649,24,11,0,8832.12
4898,1649,21,3,0,2426.91
4899,1650,17,5,0,418.95
4900,1650,29,3,15,2133.38
4901,1650,16,4,0,797.36
4902,1650,18,4,0,2332.88
4903,1651,12,12,0,4702.92
4904,1651,28,11,0,2683.67
4905,1652,12,2,0,783.82
4906,1652,28,11,0,2683.67
4907,1652,6,3,0,1974.87
4908,1652,4,7,0,1996.47
4909,1652,13,7,0,1061.41
4910,1653,8,2,5,735.93
4911,1654,11,1,0,370.86
4912,1654,4,2,0,570.42
4913,1655,7,10,5,5562.72
4914,1655,28,7,0,1707.79
4915,1655,8,3,0,1161.99
4916,1656,2,4,15,120.8
4917,1656,21,1,0,808.97
4918,1656,12,2,0,783.82
4919,1656,16,4,0,797.36
4920,1657,27,12,0,4163.88
4921,1657,20,10,0,2431.7
4922,1657,11,3,0,1112.58
4923,1658,21,12,0,9707.64
4924,1658,24,11,0,8832.12
4925,1658,6,11,5,6879.13
4926,1658,11,2,0,741.72
4927,1659,13,5,0,758.15
4928,1659,6,11,0,7241.19
4929,1659,9,11,0,2678.28
4930,1659,11,8,0,2966.88
4931,1660,2,2,0,71.06
4932,1661,14,11,0,7465.37
4933,1661,24,11,0,8832.12
4934,1661,9,9,0,2191.32
4935,1661,11,4,0,1483.44
4936,1662,29,10,0,8366.2
4937,1662,7,8,0,4684.4
4938,1662,23,5,0,1880.0
4939,1662,5,12,0,5076.24
4940,1662,10,12,0,10171.2
4941,1663,8,7,0,2711.31
4942,1663,15,8,0,4753.76
4943,1664,27,5,5,1648.2
4944,1664,10,10,5,8052.2
4945,1664,19,3,0,1684.56
4946,1664,1,2,15,1101.86
4947,1665,26,3,0,1644.51
4948,1665,21,7,0,5662.79
4949,1665,5,12,0,5076.24
4950,1665,8,1,0,387.33
4951,1665,17,7,0,586.53
4952,1666,12,8,0,3135.28
4953,1666,1,2,0,1296.3
4954,1666,4,9,0,2566.89
4955,1666,26,10,5,5207.62
4956,1666,13,9,0,1364.67
4957,1667,24,4,0,3211.68
4958,1668,29,12,0,10039.44
4959,1668,19,3,10,1516.1
4960,1668,15,1,0,594.22
4961,1668,7,9,0,5269.95
4962,1668,4,8,0,2281.68
4963,1669,10,10,0,8476.0
4964,1669,23,4,0,1504.0
4965,1670,4,9,0,2566.89
4966,1671,5,2,0,846.04
4967,1672,10,9,0,7628.4
4968,1672,12,3,0,1175.73
4969,1672,1,7,0,4537.05
4970,1673,22,5,0,705.65
4971,1673,20,1,0,243.17
4972,1674,3,8,0,267.76
4973,1674,1,3,5,1847.23
4974,1674,20,10,0,2431.7
4975,1674,26,8,0,4385.36
4976,1674,17,12,5,955.21
4977,1675,22,10,0,1411.3
4978,1675,14,9,0,6108.03
4979,1675,12,9,5,3350.83
4980,1676,21,11,15,7563.87
4981,1677,1,1,10,583.34
4982,1677,26,4,0,2192.68
4983,1678,24,3,0,2408.76
4984,1678,26,10,0,5481.7
4985,1679,28,6,0,1463.82
4986,1679,2,5,0,177.65
4987,1679,21,3,0,2426.91
4988,1679,17,12,15,854.66
4989,1679,1,10,5,6157.42
4990,1680,18,5,0,2916.1
4991,1680,24,5,0,4014.6
4992,1680,28,7,0,1707.79
4993,1680,27,11,5,3626.05
4994,1680,4,3,0,855.63
4995,1681,8,5,5,1839.82
4996,1682,26,9,0,4933.53
4997,1682,3,4,0,133.88
4998,1683,2,11,0,390.83
4999,1683,20,12,0,2918.04
5000,1683,16,11,0,2192.74
5001,1684,6,10,0,6582.9
5002,1684,27,11,0,3816.89
5003,1684,8,11,0,4260.63
5004,1685,2,3,0,106.59
5005,1685,1,7,0,4537.05
5006,1685,23,3,0,1128.0
5007,1685,24,6,0,4817.52
5008,1685,12,7,0,2743.37
5009,1686,23,4,0,1504.0
5010,1686,12,2,0,783.82
5011,1686,7,5,0,2927.75
5012,1686,8,2,0,774.66
5013,1686,16,9,0,1794.06
5014,1687,16,7,0,1395.38
5015,1687,4,2,0,570.42
5016,1687,29,6,0,5019.72
5017,1687,24,11,0,8832.12
5018,1687,17,2,0,167.58
5019,1688,11,3,15,945.69
5020,1688,26,4,0,2192.68
5021,1688,16,5,5,946.86
5022,1689,17,4,0,335.16
5023,1689,4,7,0,1996.47
5024,1689,16,2,0,398.68
5025,1689,22,2,0,282.26
5026,1690,21,10,5,7685.22
5027,1690,14,8,0,5429.36
5028,1690,9,2,5,462.61
5029,1691,27,5,15,1474.71
5030,1691,28,9,0,2195.73
5031,1691,17,5,0,418.95
5032,1691,15,10,0,5942.2
5033,1691,12,2,15,666.25
5034,1692,28,7,0,1707.79
5035,1692,14,3,0,2036.01
5036,1692,26,6,10,2960.12
5037,1693,13,9,10,1228.2
5038,1693,27,10,0,3469.9
5039,1693,26,7,0,3837.19
5040,1693,18,8,0,4665.76
5041,1693,17,10,0,837.9
5042,1694,13,11,0,1667.93
5043,1695,15,11,5,6209.6
5044,1695,13,3,0,454.89
5045,1696,10,12,0,10171.2
5046,1696,28,5,10,1097.86
5047,1696,2,1,0,35.53
5048,1696,17,12,0,1005.48
5049,1696,11,11,10,3671.51
5050,1697,23,11,10,3722.4
5051,1697,19,10,0,5615.2
5052,1698,21,3,0,2426.91
5053,1698,26,8,0,4385.36
5054,1698,25,6,0,2192.82
5055,1698,29,8,15,5689.02
5056,1699,18,7,0,4082.54
5057,1699,8,9,0,3485.97
5058,1699,6,12,15,6714.56
5059,1700,29,5,10,3764.79
5060,1701,19,11,5,5867.88
5061,1702,7,2,0,1171.1
5062,1702,9,3,0,730.44
5063,1703,24,12,0,9635.04
5064,1704,3,1,0,33.47
5065,1704,28,7,0,1707.79
5066,1704,16,11,0,2192.74
5067,1704,27,9,0,3122.91
5068,1705,23,8,10,2707.2
5069,1705,3,9,0,301.23
5070,1705,6,11,15,6155.01
5071,1705,13,11,0,1667.93
5072,1706,5,7,0,2961.14
5073,1707,7,12,0,7026.6
5074,1707,11,1,0,370.86
5075,1708,13,12,0,1819.56
5076,1708,14,6,0,4072.02
5077,1708,1,4,5,2462.97
5078,1708,6,12,0,7899.48
5079,1708,2,11,0,390.83
5080,1709,20,1,5,231.01
5081,1709,27,10,10,3122.91
5082,1709,4,8,15,1939.43
5083,1709,3,3,0,100.41
5084,1709,7,11,0,6441.05
5085,1710,16,3,0,598.02
5086,1710,24,2,0,1605.84
5087,1711,21,6,0,4853.82
5088,1711,23,1,0,376.0
5089,1711,5,7,0,2961.14
5090,1711,17,8,0,670.32
5091,1711,20,7,0,1702.19
5092,1712,27,6,0,2081.94
5093,1713,15,2,10,1069.6
5094,1713,10,5,0,4238.0
5095,1713,27,5,5,1648.2
5096,1713,18,8,5,4432.47
5097,1713,16,5,0,996.7
5098,1714,25,12,0,4385.64
5099,1715,4,4,0,1140.84
5100,1715,5,5,0,2115.1
5101,1715,24,11,0,8832.12
5102,1715,23,9,5,3214.8
5103,1716,16,10,0,1993.4
5104,1716,4,8,10,2053.51
5105,1716,3,1,0,33.47
5106,1716,18,6,10,3149.39
5107,1717,4,6,0,1711.26
5108,1717,21,5,0,4044.85
5109,1717,9,6,0,1460.88
5110,1717,28,2,0,487.94
5111,1718,27,7,0,2428.93
5112,1718,9,6,5,1387.84
5113,1719,18,8,10,4199.18
5114,1719,2,4,0,142.12
5115,1719,11,2,0,741.72
5116,1719,29,9,0,7529.58
5117,1720,15,2,5,1129.02
5118,1720,3,8,0,267.76
5119,1720,27,1,0,346.99
5120,1720,20,3,0,729.51
5121,1721,10,4,5,3220.88
5122,1721,25,8,0,2923.76
5123,1721,29,7,0,5856.34
5124,1722,11,7,10,2336.42
5125,1722,22,3,0,423.39
5126,1722,13,9,0,1364.67
5127,1723,27,8,0,2775.92
5128,1724,1,3,0,1944.45
5129,1724,26,6,5,3124.57
5130,1725,26,6,5,3124.57
5131,1726,20,2,10,437.71
5132,1726,16,4,10,717.62
5133,1727,14,7,0,4750.69
5134,1727,28,7,0,1707.79
5135,1728,20,3,5,693.03
5136,1729,3,11,0,368.17
5137,1729,16,5,0,996.7
5138,1729,29,2,10,1505.92
5139,1729,4,7,0,1996.47
5140,1730,8,11,0,4260.63
5141,1730,29,12,0,10039.44
5142,1730,4,3,5,812.85
5143,1730,2,6,5,202.52
5144,1731,2,12,0,426.36
5145,1731,10,12,10,9154.08
5146,1731,22,7,0,987.91
5147,1731,12,3,0,1175.73
5148,1731,7,2,0,1171.1
5149,1732,26,3,0,1644.51
5150,1732,17,6,0,502.74
5151,1733,24,1,0,802.92
5152,1733,10,11,15,7925.06
5153,1734,12,10,0,3919.1
5154,1734,26,12,0,6578.04
5155,1734,24,1,0,802.92
5156,1734,19,7,0,3930.64
5157,1735,24,8,0,6423.36
5158,1735,5,2,0,846.04
5159,1735,8,7,0,2711.31
5160,1736,17,12,10,904.93
5161,1736,26,9,0,4933.53
5162,1737,23,2,0,752.0
5163,1737,9,5,5,1156.53
5164,1737,10,12,0,10171.2
5165,1738,17,4,0,335.16
5166,1738,3,8,15,227.6
5167,1738,15,12,0,7130.64
5168,1738,22,2,0,282.26
5169,1739,22,10,0,1411.3
5170,1739,24,3,0,2408.76
5171,1739,28,4,15,829.5
5172,1739,26,10,0,5481.7
5173,1739,29,11,0,9202.82
5174,1740,29,2,0,1673.24
5175,1740,20,3,0,729.51
5176,1741,5,4,15,1438.27
5177,1741,7,3,10,1580.98
5178,1741,3,7,0,234.29
5179,1742,29,2,0,1673.24
5180,1742,1,1,0,648.15
5181,1743,1,5,0,3240.75
5182,1743,2,12,0,426.36
5183,1743,26,11,0,6029.87
5184,1743,28,4,0,975.88
5185,1743,4,4,0,1140.84
5186,1744,29,1,0,836.62
5187,1744,2,9,0,319.77
5188,1744,3,7,0,234.29
5189,1744,21,11,0,8898.67
5190,1745,18,5,0,2916.1
5191,1746,11,12,5,4227.8
5192,1746,14,7,0,4750.69
5193,1746,1,4,0,2592.6
5194,1747,6,1,0,658.29
5195,1747,1,1,0,648.15
5196,1748,1,4,10,2333.34
5197,1748,10,5,5,4026.1
5198,1748,17,8,0,670.32
5199,1749,26,7,0,3837.19
5200,1750,27,6,15,1769.65
5201,1750,24,6,0,4817.52
5202,1750,1,5,10,2916.68
5203,1750,28,2,0,487.94
5204,1751,23,11,0,4136.0
5205,1752,17,6,0,502.74
5206,1752,15,12,15,6061.04
5207,1752,24,6,0,4817.52
5208,1753,15,10,0,5942.2
5209,1753,4,6,5,1625.7
5210,1753,20,4,0,972.68
5211,1753,7,11,0,6441.05
5212,1753,19,5,0,2807.6
5213,1754,4,2,5,541.9
5214,1754,29,2,0,1673.24
5215,1754,19,3,0,1684.56
5216,1754,7,11,0,6441.05
5217,1755,21,1,0,808.97
5218,1756,21,2,0,1617.94
5219,1756,18,2,10,1049.8
5220,1756,26,9,5,4686.85
5221,1756,3,10,0,334.7
5222,1757,5,4,0,1692.08
5223,1757,18,9,0,5248.98
5224,1757,17,12,5,955.21
5225,1757,3,3,0,100.41
5226,1758,6,7,15,3916.83
5227,1758,25,9,0,3289.23
5228,1759,4,6,0,1711.26
5229,1759,16,6,0,1196.04
5230,1759,6,8,0,5266.32
5231,1759,21,11,0,8898.67
5232,1759,10,12,0,10171.2
5233,1760,5,8,0,3384.16
5234,1761,4,1,5,270.95
5235,1761,25,3,0,1096.41
5236,1761,27,10,0,3469.9
5237,1761,12,5,0,1959.55
5238,1761,9,12,0,2921.76
5239,1762,29,10,0,8366.2
5240,1763,1,12,0,7777.8
5241,1763,18,7,5,3878.41
5242,1764,20,9,10,1969.68
5243,1764,17,2,0,167.58
5244,1764,26,3,0,1644.51
5245,1764,3,8,0,267.76
5246,1764,6,9,5,5628.38
5247,1765,21,7,0,5662.79
5248,1765,28,10,0,2439.7
5249,1765,27,5,15,1474.71
5250,1765,19,4,0,2246.08
5251,1766,4,10,0,2852.1
5252,1766,27,4,0,1387.96
5253,1767,24,9,0,7226.28
5254,1768,29,5,5,3973.94
5255,1768,5,5,0,2115.1
5256,1768,23,4,0,1504.0
5257,1768,22,5,0,705.65
5258,1768,11,12,0,4450.32
5259,1769,4,3,0,855.63
5260,1770,2,4,5,135.01
5261,1770,3,5,0,167.35
5262,1770,21,1,0,808.97
5263,1770,7,11,0,6441.05
5264,1770,5,3,0,1269.06
5265,1771,15,1,0,594.22
5266,1771,20,11,0,2674.87
5267,1771,9,4,0,973.92
5268,1772,19,2,0,1123.04
5269,1772,12,1,0,391.91
5270,1772,15,11,0,6536.42
5271,1772,28,6,0,1463.82
5272,1772,14,11,0,7465.37
5273,1773,20,2,15,413.39
5274,1773,21,12,0,9707.64
5275,1773,11,9,10,3003.97
5276,1774,6,7,0,4608.03
5277,1774,16,10,0,1993.4
5278,1775,18,11,10,5773.88
5279,1776,15,4,0,2376.88
5280,1776,5,12,0,5076.24
5281,1776,8,5,5,1839.82
5282,1777,24,9,0,7226.28
5283,1778,6,12,0,7899.48
5284,1779,26,11,10,5426.88
5285,1779,18,5,0,2916.1
5286,1779,17,11,0,921.69
5287,1779,23,11,0,4136.0
5288,1780,14,8,5,5157.89
5289,1780,23,4,0,1504.0
5290,1781,12,10,0,3919.1
5291,1781,4,11,0,3137.31
5292,1782,15,8,0,4753.76
5293,1782,5,4,0,1692.08
5294,1783,14,6,0,4072.02
5295,1783,15,3,10,1604.39
5296,1783,28,8,0,1951.76
5297,1783,23,2,0,752.0
5298,1784,5,3,10,1142.15
5299,1784,4,3,0,855.63
5300,1784,7,4,0,2342.2
5301,1784,17,10,0,837.9
5302,1785,12,11,0,4311.01
5303,1785,3,5,5,158.98
5304,1786,4,3,0,855.63
5305,1786,26,7,0,3837.19
5306,1787,14,2,0,1357.34
5307,1787,26,3,0,1644.51
5308,1788,18,8,0,4665.76
5309,1788,8,11,0,4260.63
5310,1789,1,3,0,1944.45
5311,1789,3,12,0,401.64
5312,1789,21,1,0,808.97
5313,1789,22,10,0,1411.3
5314,1789,23,2,5,714.4
5315,1790,12,2,15,666.25
5316,1791,3,3,0,100.41
5317,1792,19,3,0,1684.56
5318,1792,10,11,10,8391.24
5319,1792,29,10,0,8366.2
5320,1793,13,9,0,1364.67
5321,1794,27,4,0,1387.96
5322,1795,10,8,0,6780.8
5323,1795,15,3,0,1782.66
5324,1795,14,5,0,3393.35
5325,1795,29,6,15,4266.76
5326,1795,25,8,0,2923.76
5327,1796,6,9,0,5924.61
5328,1797,9,2,0,486.96
5329,1797,1,1,0,648.15
5330,1797,29,1,0,836.62
5331,1797,10,2,0,1695.2
5332,1797,19,9,0,5053.68
5333,1798,29,7,0,5856.34
5334,1798,20,3,10,656.56
5335,1798,21,1,0,808.97
5336,1798,18,4,0,2332.88
5337,1798,9,1,0,243.48
5338,1799,21,3,0,2426.91
5339,1799,9,6,0,1460.88
5340,1799,29,11,0,9202.82
5341,1799,13,5,15,644.43
5342,1800,18,11,0,6415.42
5343,1800,19,12,0,6738.24
5344,1800,2,2,15,60.4
5345,1800,26,8,0,4385.36
5346,1801,19,2,0,1123.04
5347,1801,13,5,0,758.15
5348,1802,18,6,0,3499.32
5349,1802,12,2,0,783.82
5350,1802,5,6,0,2538.12
5351,1802,24,2,5,1525.55
5352,1802,28,1,0,243.97
5353,1803,9,7,0,1704.36
5354,1803,7,9,15,4479.46
5355,1804,14,11,0,7465.37
5356,1804,1,7,0,4537.05
5357,1805,1,10,0,6481.5
5358,1805,9,5,15,1034.79
5359,1805,28,6,5,1390.63
5360,1806,22,11,0,1552.43
5361,1806,6,6,10,3554.77
5362,1806,10,5,15,3602.3
5363,1806,26,12,0,6578.04
5364,1807,19,11,10,5559.05
5365,1807,26,3,0,1644.51
5366,1808,12,2,0,783.82
5367,1808,13,2,0,303.26
5368,1808,23,10,0,3760.0
5369,1808,29,7,0,5856.34
5370,1809,21,2,0,1617.94
5371,1809,2,6,5,202.52
5372,1810,24,6,0,4817.52
5373,1810,7,6,5,3337.64
5374,1810,14,8,0,5429.36
5375,1810,1,7,0,4537.05
5376,1811,20,10,0,2431.7
5377,1811,7,11,0,6441.05
5378,1811,23,6,0,2256.0
5379,1811,26,3,0,1644.51
5380,1812,4,7,15,1697.0
5381,1812,14,7,0,4750.69
5382,1813,14,9,0,6108.03
5383,1813,4,8,10,2053.51
5384,1813,1,9,0,5833.35
5385,1813,2,9,5,303.78
5386,1813,21,4,10,2912.29
5387,1814,23,12,0,4512.0
5388,1814,12,7,0,2743.37
5389,1814,4,9,5,2438.55
5390,1814,17,10,0,837.9
5391,1814,9,12,0,2921.76
5392,1815,1,12,0,7777.8
5393,1815,27,2,0,693.98
5394,1816,6,4,0,2633.16
5395,1817,27,9,0,3122.91
5396,1817,15,8,0,4753.76
5397,1817,12,3,0,1175.73
5398,1818,10,6,0,5085.6
5399,1818,23,3,0,1128.0
5400,1818,1,5,0,3240.75
5401,1819,8,7,0,2711.31
5402,1819,18,4,0,2332.88
5403,1819,19,4,0,2246.08
5404,1819,7,4,0,2342.2
5405,1819,24,1,0,802.92
5406,1820,10,12,0,10171.2
5407,1821,2,12,0,426.36
5408,1821,10,1,0,847.6
5409,1821,18,12,15,5948.84
5410,1821,26,7,10,3453.47
5411,1822,25,11,0,4020.17
5412,1823,19,10,0,5615.2
5413,1823,16,3,10,538.22
5414,1823,18,1,0,583.22
5415,1823,1,3,5,1847.23
5416,1824,22,4,10,508.07
5417,1825,22,7,10,889.12
5418,1825,28,3,10,658.72
5419,1825,13,3,0,454.89
5420,1825,27,8,0,2775.92
5421,1825,24,12,0,9635.04
5422,1826,20,12,0,2918.04
5423,1826,21,5,0,4044.85
5424,1826,13,8,0,1213.04
5425,1826,28,7,0,1707.79
5426,1826,12,12,0,4702.92
5427,1827,14,5,5,3223.68
5428,1828,25,11,0,4020.17
5429,1829,12,3,0,1175.73
5430,1829,23,1,0,376.0
5431,1829,22,7,0,987.91
5432,1829,10,7,0,5933.2
5433,1829,1,11,0,7129.65
5434,1830,24,10,0,8029.2
5435,1830,17,9,0,754.11
5436,1830,5,5,5,2009.34
5437,1831,23,3,0,1128.0
5438,1831,11,5,0,1854.3
5439,1831,20,2,10,437.71
5440,1831,26,9,0,4933.53
5441,1832,4,7,0,1996.47
5442,1832,5,10,0,4230.2
5443,1833,16,3,0,598.02
5444,1833,22,12,5,1608.88
5445,1833,6,9,0,5924.61
5446,1833,26,10,0,5481.7
5447,1834,8,8,5,2943.71
5448,1834,4,6,10,1540.13
5449,1834,26,11,15,5125.39
5450,1834,18,11,15,5453.11
5451,1835,23,1,0,376.0
5452,1835,20,6,15,1240.17
5453,1836,29,5,0,4183.1
5454,1836,27,2,0,693.98
5455,1837,14,10,0,6786.7
5456,1837,7,6,0,3513.3
5457,1837,4,1,0,285.21
5458,1838,14,9,0,6108.03
5459,1838,16,2,0,398.68
5460,1839,27,1,0,346.99
5461,1839,22,5,0,705.65
5462,1839,26,4,5,2083.05
5463,1839,1,9,0,5833.35
5464,1839,7,4,0,2342.2
5465,1840,7,5,10,2634.98
5466,1840,23,2,0,752.0
5467,1841,2,10,0,355.3
5468,1842,26,1,0,548.17
5469,1843,29,1,0,836.62
5470,1843,16,6,0,1196.04
5471,1843,5,5,15,1797.83
5472,1844,7,6,0,3513.3
5473,1844,26,7,10,3453.47
5474,1845,17,6,15,427.33
5475,1846,19,2,10,1010.74
5476,1846,14,9,0,6108.03
5477,1846,18,3,10,1574.69
5478,1846,16,1,0,199.34
5479,1846,4,10,0,2852.1
5480,1847,27,10,0,3469.9
5481,1847,25,1,5,347.2
5482,1847,21,5,5,3842.61
5483,1847,12,3,15,999.37
5484,1848,29,2,0,1673.24
5485,1848,28,11,0,2683.67
5486,1848,11,2,5,704.63
5487,1848,24,12,0,9635.04
5488,1849,18,12,0,6998.64
5489,1849,27,3,0,1040.97
5490,1850,16,11,10,1973.47
5491,1850,27,9,0,3122.91
5492,1850,24,6,0,4817.52
5493,1850,20,8,10,1750.82
5494,1850,11,3,10,1001.32
5495,1851,28,10,0,2439.7
5496,1851,6,7,0,4608.03
5497,1851,22,1,15,119.96
5498,1852,2,4,0,142.12
5499,1852,10,4,0,3390.4
5500,1852,8,10,5,3679.64
5501,1852,23,10,0,3760.0
5502,1853,29,11,0,9202.82
5503,1853,10,8,15,5763.68
5504,1853,26,2,0,1096.34
5505,1853,7,1,5,556.27
5506,1853,28,3,10,658.72
5507,1854,2,2,10,63.95
5508,1854,6,8,0,5266.32
5509,1854,21,2,0,1617.94
5510,1854,13,8,0,1213.04
5511,1854,23,6,0,2256.0
5512,1855,27,5,10,1561.46
5513,1856,15,2,0,1188.44
5514,1856,16,2,0,398.68
5515,1856,25,3,0,1096.41
5516,1857,12,8,0,3135.28
5517,1857,8,5,0,1936.65
5518,1857,16,8,0,1594.72
5519,1858,10,10,0,8476.0
5520,1859,29,5,0,4183.1
5521,1859,12,7,0,2743.37
5522,1859,26,7,15,3261.61
5523,1860,2,8,0,284.24
5524,1860,3,6,5,190.78
5525,1861,3,6,0,200.82
5526,1861,7,2,0,1171.1
5527,1861,9,11,0,2678.28
5528,1862,24,5,0,4014.6
5529,1862,11,11,0,4079.46
5530,1862,21,1,0,808.97
5531,1862,18,10,0,5832.2
5532,1863,9,12,0,2921.76
5533,1863,29,9,5,7153.1
5534,1864,4,5,0,1426.05
5535,1865,21,7,0,5662.79
5536,1865,13,2,0,303.26
5537,1865,20,4,0,972.68
5538,1865,29,7,0,5856.34
5539,1865,23,8,0,3008.0
5540,1866,7,8,0,4684.4
5541,1866,2,8,15,241.6
5542,1866,1,11,0,7129.65
5543,1867,12,2,0,783.82
5544,1868,9,7,0,1704.36
5545,1869,3,7,0,234.29
5546,1869,2,6,0,213.18
5547,1870,27,10,0,3469.9
5548,1870,17,8,0,670.32
5549,1870,21,4,0,3235.88
5550,1871,2,1,0,35.53
5551,1871,20,9,0,2188.53
5552,1871,7,3,0,1756.65
5553,1871,22,8,0,1129.04
5554,1872,28,6,0,1463.82
5555,1872,13,10,0,1516.3
5556,1873,18,1,0,583.22
5557,1873,5,6,0,2538.12
5558,1873,23,7,0,2632.0
5559,1873,1,8,0,5185.2
5560,1874,21,1,0,808.97
5561,1874,9,11,10,2410.45
5562,1875,24,11,0,8832.12
5563,1875,11,3,0,1112.58
5564,1875,17,2,0,167.58
5565,1876,9,7,0,1704.36
5566,1876,11,2,0,741.72
5567,1876,26,5,0,2740.85
5568,1877,6,7,0,4608.03
5569,1877,7,9,0,5269.95
5570,1877,16,4,0,797.36
5571,1877,4,11,0,3137.31
5572,1878,26,2,10,986.71
5573,1879,6,3,0,1974.87
5574,1879,19,4,15,1909.17
5575,1879,7,6,0,3513.3
5576,1880,18,9,0,5248.98
5577,1880,16,12,0,2392.08
5578,1880,22,3,0,423.39
5579,1880,15,12,10,6417.58
5580,1881,26,7,15,3261.61
5581,1881,21,1,5,768.52
5582,1881,10,9,10,6865.56
5583,1881,28,10,0,2439.7
5584,1881,24,4,0,3211.68
5585,1882,1,10,0,6481.5
5586,1882,29,3,0,2509.86
5587,1882,23,6,0,2256.0
5588,1882,18,11,5,6094.65
5589,1882,16,12,0,2392.08
5590,1883,5,1,0,423.02
5591,1883,9,3,5,693.92
5592,1883,10,8,0,6780.8
5593,1884,22,2,0,282.26
5594,1884,7,11,0,6441.05
5595,1884,13,7,0,1061.41
5596,1885,28,8,10,1756.58
5597,1886,5,11,5,4420.56
5598,1886,25,10,0,3654.7
5599,1886,6,2,0,1316.58
5600,1886,2,1,0,35.53
5601,1887,3,7,10,210.86
5602,1887,13,12,10,1637.6
5603,1888,24,7,5,5339.42
5604,1888,2,4,0,142.12
5605,1888,15,6,0,3565.32
5606,1888,16,4,0,797.36
5607,1888,26,4,15,1863.78
5608,1889,20,6,0,1459.02
5609,1890,10,5,10,3814.2
5610,1891,11,12,5,4227.8
5611,1892,25,7,0,2558.29
5612,1892,9,7,0,1704.36
5613,1892,26,6,0,3289.02
5614,1892,17,6,15,427.33
5615,1893,12,9,0,3527.19
5616,1893,22,6,5,804.44
5617,1893,2,2,0,71.06
5618,1893,4,3,0,855.63
5619,1894,7,3,10,1580.98
5620,1894,2,9,0,319.77
5621,1894,25,10,0,3654.7
5622,1895,4,7,15,1697.0
5623,1895,17,5,0,418.95
5624,1895,26,11,0,6029.87
5625,1895,19,12,0,6738.24
5626,1896,14,12,0,8144.04
5627,1896,17,10,5,796.0
5628,1896,15,2,0,1188.44
5629,1897,28,11,0,2683.67
5630,1898,11,2,0,741.72
5631,1898,2,8,0,284.24
5632,1898,26,12,10,5920.24
5633,1898,8,10,0,3873.3
5634,1899,4,9,0,2566.89
5635,1899,22,10,0,1411.3
5636,1899,25,1,0,365.47
5637,1899,20,11,0,2674.87
5638,1900,4,4,0,1140.84
5639,1900,7,8,5,4450.18
5640,1901,14,4,0,2714.68
5641,1902,8,6,5,2207.78
5642,1903,21,11,0,8898.67
5643,1903,9,12,0,2921.76
5644,1903,22,12,0,1693.56
5645,1903,7,7,0,4098.85
5646,1904,6,5,0,3291.45
5647,1904,17,5,10,377.06
5648,1904,8,11,0,4260.63
5649,1904,12,5,10,1763.6
5650,1904,11,5,10,1668.87
5651,1905,1,1,0,648.15
5652,1905,17,7,0,586.53
5653,1906,16,3,0,598.02
5654,1907,5,12,10,4568.62
5655,1907,14,10,0,6786.7
5656,1907,17,6,10,452.47
5657,1907,28,6,0,1463.82
5658,1907,26,3,0,1644.51
5659,1908,19,7,0,3930.64
5660,1908,11,4,15,1260.92
5661,1908,1,10,0,6481.5
5662,1908,12,11,0,4311.01
5663,1908,25,7,5,2430.38
5664,1909,19,7,0,3930.64
5665,1909,21,3,10,2184.22
5666,1909,28,11,0,2683.67
5667,1909,16,7,15,1186.07
5668,1909,17,12,0,1005.48
5669,1910,15,9,0,5347.98
5670,1910,16,3,5,568.12
5671,1910,24,7,5,5339.42
5672,1911,18,9,0,5248.98
5673,1911,5,2,0,846.04
5674,1912,15,11,0,6536.42
5675,1912,29,5,0,4183.1
5676,1912,1,9,0,5833.35
5677,1912,25,3,0,1096.41
5678,1913,9,2,0,486.96
5679,1914,10,11,0,9323.6
5680,1915,1,1,0,648.15
5681,1915,11,10,0,3708.6
5682,1916,25,10,0,3654.7
5683,1917,16,8,0,1594.72
5684,1917,5,11,15,3955.24
5685,1918,25,4,10,1315.69
5686,1918,2,11,0,390.83
5687,1919,29,9,0,7529.58
5688,1919,7,4,5,2225.09
5689,1920,7,11,0,6441.05
5690,1920,22,1,0,141.13
5691,1920,25,5,0,1827.35
5692,1921,16,11,0,2192.74
5693,1922,2,8,0,284.24
5694,1923,6,3,10,1777.38
5695,1924,28,2,0,487.94
5696,1924,20,2,0,486.34
5697,1925,28,7,0,1707.79
5698,1925,14,2,5,1289.47
5699,1926,13,2,0,303.26
5700,1926,21,8,0,6471.76
5701,1926,14,11,0,7465.37
5702,1926,12,2,0,783.82
5703,1927,28,7,10,1537.01
5704,1927,22,6,10,762.1
5705,1927,3,11,0,368.17
5706,1927,11,8,0,2966.88
5707,1928,26,5,10,2466.76
5708,1928,4,1,5,270.95
5709,1929,15,11,0,6536.42
5710,1929,22,10,0,1411.3
5711,1929,7,1,10,527.0
5712,1929,13,2,0,303.26
5713,1929,29,6,0,5019.72
5714,1930,26,9,0,4933.53
5715,1930,24,1,0,802.92
5716,1930,28,3,0,731.91
5717,1930,1,9,0,5833.35
5718,1930,3,12,10,361.48
5719,1931,2,10,0,355.3
5720,1931,14,1,5,644.74
5721,1932,15,9,0,5347.98
5722,1932,17,3,0,251.37
5723,1932,29,4,0,3346.48
5724,1932,26,6,5,3124.57
5725,1932,10,2,5,1610.44
5726,1933,10,3,5,2415.66
5727,1933,29,4,15,2844.51
5728,1933,2,2,0,71.06
5729,1934,26,5,0,2740.85
5730,1934,5,5,0,2115.1
5731,1935,3,6,0,200.82
5732,1936,5,8,0,3384.16
5733,1936,16,12,0,2392.08
5734,1936,28,8,5,1854.17
5735,1937,23,4,10,1353.6
5736,1937,20,5,0,1215.85
5737,1937,6,3,15,1678.64
5738,1937,7,4,0,2342.2
5739,1938,21,7,0,5662.79
5740,1938,19,2,0,1123.04
5741,1938,16,10,0,1993.4
5742,1939,5,3,0,1269.06
5743,1939,29,4,10,3011.83
5744,1939,24,12,0,9635.04
5745,1940,2,7,0,248.71
5746,1940,6,10,0,6582.9
5747,1940,3,12,0,401.64
5748,1940,11,5,0,1854.3
5749,1941,16,2,15,338.88
5750,1941,20,10,0,2431.7
5751,1941,29,7,0,5856.34
5752,1941,21,7,0,5662.79
5753,1941,6,4,15,2238.19
5754,1942,8,11,0,4260.63
5755,1942,10,2,0,1695.2
5756,1942,28,8,0,1951.76
5757,1943,21,5,0,4044.85
5758,1943,4,10,0,2852.1
5759,1943,5,7,0,2961.14
5760,1943,11,5,0,1854.3
5761,1943,25,10,0,3654.7
5762,1944,28,6,0,1463.82
5763,1944,12,7,0,2743.37
5764,1944,26,1,0,548.17
5765,1944,8,2,0,774.66
5766,1944,13,3,0,454.89
5767,1945,4,3,0,855.63
5768,1945,12,6,0,2351.46
5769,1945,9,4,0,973.92
5770,1945,25,2,0,730.94
5771,1946,2,6,10,191.86
5772,1946,29,3,5,2384.37
5773,1946,17,6,0,502.74
5774,1947,8,12,0,4647.96
5775,1947,1,1,15,550.93
5776,1947,27,12,0,4163.88
5777,1948,24,10,0,8029.2
5778,1948,3,6,0,200.82
5779,1948,8,4,0,1549.32
5780,1948,17,9,0,754.11
5781,1949,19,10,5,5334.44
5782,1949,20,4,0,972.68
5783,1949,7,9,0,5269.95
5784,1950,25,5,0,1827.35
5785,1950,16,12,5,2272.48
5786,1950,8,10,0,3873.3
5787,1950,5,11,0,4653.22
5788,1950,22,2,0,282.26
5789,1951,12,11,0,4311.01
5790,1951,5,7,5,2813.08
5791,1951,14,6,5,3868.42
5792,1951,2,6,0,213.18
5793,1952,2,8,0,284.24
5794,1953,29,7,0,5856.34
5795,1953,28,2,0,487.94
5796,1953,8,2,0,774.66
5797,1954,21,6,0,4853.82
5798,1954,25,10,0,3654.7
5799,1954,16,7,5,1325.61
5800,1954,2,4,0,142.12
5801,1954,19,10,5,5334.44
5802,1955,29,11,10,8282.54
5803,1956,15,8,10,4278.38
5804,1957,23,1,0,376.0
5805,1957,3,9,0,301.23
5806,1957,22,9,0,1270.17
5807,1957,10,1,0,847.6
5808,1958,4,2,5,541.9
5809,1959,28,12,5,2781.26
5810,1959,2,5,0,177.65
5811,1959,4,5,15,1212.14
5812,1959,19,6,10,3032.21
5813,1960,25,2,5,694.39
5814,1960,14,9,10,5497.23
5815,1960,1,6,0,3888.9
5816,1960,20,8,15,1653.56
5817,1961,28,5,0,1219.85
5818,1961,24,12,0,9635.04
5819,1961,2,8,10,255.82
5820,1961,5,8,0,3384.16
5821,1962,1,6,0,3888.9
5822,1963,17,4,0,335.16
5823,1964,3,2,0,66.94
5824,1964,9,6,5,1387.84
5825,1965,24,4,10,2890.51
5826,1965,5,3,0,1269.06
5827,1965,4,2,10,513.38
5828,1965,14,4,10,2443.21
5829,1966,10,1,0,847.6
5830,1966,21,12,0,9707.64
5831,1966,9,1,0,243.48
5832,1966,16,5,0,996.7
5833,1966,27,1,0,346.99
5834,1967,29,2,0,1673.24
5835,1967,4,5,0,1426.05
5836,1967,14,6,0,4072.02
5837,1968,16,3,0,598.02
5838,1968,4,10,0,2852.1
5839,1969,4,6,0,1711.26
5840,1969,10,3,0,2542.8
5841,1970,28,11,0,2683.67
5842,1970,19,8,0,4492.16
5843,1970,4,11,10,2823.58
5844,1970,27,2,5,659.28
5845,1971,4,10,0,2852.1
5846,1971,7,8,0,4684.4
5847,1972,19,6,0,3369.12
5848,1972,17,12,0,1005.48
5849,1972,28,8,0,1951.76
5850,1973,8,5,0,1936.65
5851,1973,25,12,0,4385.64
5852,1973,3,2,0,66.94
5853,1974,6,12,0,7899.48
5854,1974,9,2,0,486.96
5855,1975,12,4,0,1567.64
5856,1976,24,8,5,6102.19
5857,1976,13,7,0,1061.41
5858,1977,20,6,0,1459.02
5859,1978,4,9,0,2566.89
5860,1978,9,6,0,1460.88
5861,1978,28,5,10,1097.86
5862,1978,22,12,0,1693.56
5863,1978,23,8,10,2707.2
5864,1979,19,2,10,1010.74
5865,1979,22,3,0,423.39
5866,1979,1,4,0,2592.6
5867,1979,26,6,5,3124.57
5868,1979,23,7,0,2632.0
5869,1980,23,4,5,1428.8
5870,1980,19,7,0,3930.64
5871,1980,25,4,15,1242.6
5872,1980,9,2,0,486.96
5873,1980,13,5,0,758.15
5874,1981,14,10,0,6786.7
5875,1981,23,11,0,4136.0
5876,1981,26,2,5,1041.52
5877,1982,19,12,0,6738.24
5878,1983,4,8,5,2167.6
5879,1984,24,8,0,6423.36
5880,1985,11,6,0,2225.16
5881,1985,16,5,0,996.7
5882,1985,29,2,5,1589.58
5883,1985,26,9,0,4933.53
5884,1986,23,4,5,1428.8
5885,1986,9,3,10,657.4
5886,1986,2,7,0,248.71
5887,1986,16,9,15,1524.95
5888,1987,29,8,15,5689.02
5889,1988,7,1,10,527.0
5890,1989,11,4,0,1483.44
5891,1989,8,5,0,1936.65
5892,1989,17,4,0,335.16
5893,1989,14,7,0,4750.69
5894,1990,19,9,0,5053.68
5895,1990,29,10,15,7111.27
5896,1990,17,8,0,670.32
5897,1991,5,11,0,4653.22
5898,1992,15,2,0,1188.44
5899,1992,18,4,10,2099.59
5900,1993,23,10,0,3760.0
5901,1994,24,9,10,6503.65
5902,1995,9,10,5,2313.06
5903,1995,8,12,0,4647.96
5904,1996,5,7,15,2516.97
5905,1996,21,2,0,1617.94
5906,1996,24,4,0,3211.68
5907,1996,18,12,0,6998.64
5908,1997,2,8,5,270.03
5909,1997,11,4,10,1335.1
5910,1997,25,3,0,1096.41
5911,1998,25,11,10,3618.15
5912,1998,8,5,0,1936.65
5913,1998,23,12,0,4512.0
5914,1999,20,2,0,486.34
5915,2000,20,8,0,1945.36
5916,2000,13,12,0,1819.56
5917,2000,12,5,15,1665.62
5918,2000,25,12,0,4385.64
5919,2000,16,4,0,797.36
5920,2001,26,3,10,1480.06
5921,2002,2,3,10,95.93
5922,2002,9,1,0,243.48
5923,2002,19,11,0,6176.72
5924,2002,3,8,0,267.76
5925,2003,20,3,0,729.51
5926,2004,25,11,5,3819.16
5927,2004,9,1,0,243.48
5928,2005,27,10,5,3296.4
5929,2005,19,1,0,561.52
5930,2005,13,8,0,1213.04
5931,2005,21,4,0,3235.88
5932,2006,19,1,10,505.37
5933,2007,20,4,0,972.68
5934,2007,29,9,5,7153.1
5935,2007,10,9,15,6484.14
5936,2008,19,2,0,1123.04
5937,2009,3,8,10,240.98
5938,2009,26,8,10,3946.82
5939,2009,12,12,5,4467.77
5940,2010,18,11,5,6094.65
5941,2010,6,8,0,5266.32
5942,2010,15,5,10,2673.99
5943,2011,22,6,5,804.44
5944,2012,13,9,0,1364.67
5945,2012,9,11,0,2678.28
5946,2012,3,10,0,334.7
5947,2013,25,11,0,4020.17
5948,2013,26,9,0,4933.53
5949,2013,14,12,0,8144.04
5950,2014,12,7,5,2606.2
5951,2014,7,4,15,1990.87
5952,2015,4,8,5,2167.6
5953,2015,2,1,0,35.53
5954,2015,22,4,0,564.52
5955,2016,11,6,0,2225.16
5956,2016,12,4,5,1489.26
5957,2016,5,12,0,5076.24
5958,2016,1,2,0,1296.3
5959,2017,7,5,15,2488.59
5960,2018,29,8,10,6023.66
5961,2018,16,9,5,1704.36
5962,2018,8,3,15,987.69
5963,2018,19,5,5,2667.22
5964,2018,4,11,0,3137.31
5965,2019,17,10,0,837.9
5966,2019,14,7,0,4750.69
5967,2019,1,5,0,3240.75
5968,2019,10,5,0,4238.0
5969,2020,18,9,0,5248.98
5970,2020,10,12,15,8645.52
5971,2020,27,6,0,2081.94
5972,2020,16,10,5,1893.73
5973,2020,13,2,0,303.26
5974,2021,5,6,15,2157.4
5975,2021,9,5,0,1217.4
5976,2021,2,2,0,71.06
5977,2021,18,1,0,583.22
5978,2021,26,8,15,3727.56
5979,2022,27,11,0,3816.89
5980,2022,14,3,0,2036.01
5981,2022,23,9,0,3384.0
5982,2022,8,5,10,1742.98
5983,2023,8,5,0,1936.65
5984,2023,26,8,5,4166.09
5985,2024,25,1,10,328.92
5986,2024,1,8,15,4407.42
5987,2024,26,1,0,548.17
5988,2025,18,1,0,583.22
5989,2026,5,7,10,2665.03
5990,2027,13,1,0,151.63
5991,2028,21,5,5,3842.61
5992,2028,22,9,0,1270.17
5993,2028,20,11,10,2407.38
5994,2029,8,12,10,4183.16
5995,2030,25,7,0,2558.29
5996,2030,29,10,0,8366.2
5997,2031,4,1,0,285.21
5998,2031,26,8,15,3727.56
5999,2032,22,7,5,938.51
6000,2032,29,7,0,5856.34
6001,2032,6,2,10,1184.92
6002,2032,10,5,0,4238.0
6003,2033,23,3,0,1128.0
6004,2033,28,10,0,2439.7
6005,2033,29,7,10,5270.71
6006,2034,13,3,0,454.89
6007,2034,6,11,5,6879.13
6008,2034,27,4,10,1249.16
6009,2034,3,5,0,167.35
6010,2034,5,3,15,1078.7
6011,2035,13,5,0,758.15
6012,2035,25,5,5,1735.98
6013,2036,7,11,0,6441.05
6014,2036,25,8,0,2923.76
6015,2036,16,9,0,1794.06
6016,2036,22,3,0,423.39
6017,2036,27,7,5,2307.48
6018,2037,5,3,0,1269.06
6019,2038,7,9,0,5269.95
6020,2038,17,11,0,921.69
6021,2038,10,12,5,9662.64
6022,2039,26,7,10,3453.47
6023,2039,17,8,0,670.32
6024,2039,11,7,0,2596.02
6025,2040,17,9,0,754.11
6026,2041,6,3,0,1974.87
6027,2042,20,10,0,2431.7
6028,2042,4,9,0,2566.89
6029,2043,9,9,10,1972.19
6030,2043,27,10,0,3469.9
6031,2043,13,5,0,758.15
6032,2043,2,1,0,35.53
6033,2043,7,7,5,3893.91
6034,2044,6,8,10,4739.69
6035,2045,16,1,0,199.34
6036,2045,8,2,15,658.46
6037,2045,19,1,0,561.52
6038,2045,28,5,0,1219.85
6039,2046,21,6,0,4853.82
6040,2047,23,10,0,3760.0
6041,2047,18,8,10,4199.18
6042,2047,25,12,0,4385.64
6043,2048,19,12,0,6738.24
6044,2049,8,12,0,4647.96
6045,2049,17,12,0,1005.48
6046,2049,1,1,0,648.15
6047,2049,15,12,0,7130.64
6048,2049,19,4,0,2246.08
6049,2050,25,12,0,4385.64
6050,2050,6,8,0,5266.32
6051,2050,19,3,0,1684.56
6052,2050,20,4,0,972.68
6053,2050,13,11,0,1667.93
6054,2051,14,11,10,6718.83
6055,2051,12,5,0,1959.55
6056,2051,21,12,0,9707.64
6057,2052,10,12,0,10171.2
6058,2052,9,4,0,973.92
6059,2052,2,2,15,60.4
6060,2052,21,2,0,1617.94
6061,2052,22,1,0,141.13
6062,2053,14,9,10,5497.23
6063,2054,4,2,5,541.9
6064,2054,1,8,0,5185.2
6065,2055,15,7,0,4159.54
6066,2055,1,1,0,648.15
6067,2055,22,2,0,282.26
6068,2055,24,5,0,4014.6
6069,2056,16,4,0,797.36
6070,2056,19,9,5,4801.0
6071,2057,2,11,0,390.83
6072,2057,17,10,5,796.0
6073,2057,6,2,10,1184.92
6074,2057,23,7,10,2368.8
6075,2058,12,3,0,1175.73
6076,2059,27,3,5,988.92
6077,2059,3,9,0,301.23
6078,2060,4,4,0,1140.84
6079,2060,20,8,0,1945.36
6080,2060,22,8,0,1129.04
6081,2060,10,5,0,4238.0
6082,2060,1,5,0,3240.75
6083,2061,17,8,5,636.8
6084,2061,27,6,0,2081.94
6085,2061,10,11,0,9323.6
6086,2061,21,5,0,4044.85
6087,2061,5,7,0,2961.14
6088,2062,19,8,0,4492.16
6089,2063,13,1,0,151.63
6090,2063,10,5,5,4026.1
6091,2064,17,7,0,586.53
6092,2064,14,1,0,678.67
6093,2064,20,10,0,2431.7
6094,2064,27,5,0,1734.95
6095,2064,28,1,0,243.97
6096,2065,22,8,0,1129.04
6097,2065,2,1,0,35.53
6098,2065,25,6,0,2192.82
6099,2065,29,3,5,2384.37
6100,2065,15,8,0,4753.76
6101,2066,17,1,0,83.79
6102,2066,10,3,0,2542.8
6103,2066,23,6,0,2256.0
6104,2067,12,6,0,2351.46
6105,2067,5,12,0,5076.24
6106,2068,3,2,0,66.94
6107,2068,4,3,0,855.63
6108,2068,24,11,0,8832.12
6109,2068,9,3,0,730.44
6110,2068,13,6,0,909.78
6111,2069,23,6,5,2143.2
6112,2069,19,8,5,4267.55
6113,2069,16,12,10,2152.87
6114,2069,9,3,0,730.44
6115,2069,24,5,0,4014.6
6116,2070,13,11,5,1584.53
6117,2071,29,10,15,7111.27
6118,2071,26,11,10,5426.88
6119,2071,21,3,5,2305.56
6120,2071,4,10,0,2852.1
6121,2072,26,5,0,2740.85
6122,2072,23,3,0,1128.0
6123,2072,1,12,0,7777.8
6124,2072,19,6,0,3369.12
6125,2072,8,10,0,3873.3
6126,2073,26,10,0,5481.7
6127,2073,29,7,0,5856.34
6128,2073,20,2,0,486.34
6129,2073,1,1,0,648.15
6130,2073,22,1,5,134.07
6131,2074,22,4,0,564.52
6132,2074,8,2,5,735.93
6133,2075,10,11,0,9323.6
6134,2075,15,8,10,4278.38
6135,2075,17,6,0,502.74
6136,2075,29,4,0,3346.48
6137,2076,5,2,0,846.04
6138,2076,15,3,0,1782.66
6139,2077,3,2,0,66.94
6140,2077,10,1,5,805.22
6141,2077,21,10,0,8089.7
6142,2077,15,5,0,2971.1
6143,2078,24,8,10,5781.02
6144,2079,21,11,10,8008.8
6145,2079,11,1,0,370.86
6146,2079,3,3,10,90.37
6147,2079,9,6,0,1460.88
6148,2079,10,2,0,1695.2
6149,2080,2,3,0,106.59
6150,2080,19,11,0,6176.72
6151,2080,10,10,0,8476.0
6152,2080,11,9,0,3337.74
6153,2081,29,8,5,6358.31
6154,2081,16,8,10,1435.25
6155,2081,23,11,0,4136.0
6156,2082,19,12,0,6738.24
6157,2082,25,3,0,1096.41
6158,2083,22,11,0,1552.43
6159,2084,9,1,0,243.48
6160,2084,12,3,0,1175.73
6161,2085,17,10,0,837.9
6162,2085,16,9,5,1704.36
6163,2085,6,2,0,1316.58
6164,2085,7,6,5,3337.64
6165,2086,10,8,0,6780.8
6166,2086,2,4,0,142.12
6167,2086,25,4,0,1461.88
6168,2086,14,10,0,6786.7
6169,2086,4,8,0,2281.68
6170,2087,29,10,0,8366.2
6171,2087,15,9,5,5080.58
6172,2087,19,3,0,1684.56
6173,2088,20,2,10,437.71
6174,2088,12,10,0,3919.1
6175,2088,22,2,10,254.03
6176,2088,7,3,0,1756.65
6177,2089,2,2,0,71.06
6178,2089,1,2,0,1296.3
6179,2089,29,8,0,6692.96
6180,2090,6,6,0,3949.74
6181,2090,3,1,0,33.47
6182,2090,2,4,15,120.8
6183,2090,22,5,5,670.37
6184,2090,13,5,0,758.15
6185,2091,24,2,5,1525.55
6186,2091,21,3,0,2426.91
6187,2091,19,5,0,2807.6
6188,2092,19,4,10,2021.47
6189,2092,9,9,0,2191.32
6190,2092,4,10,0,2852.1
6191,2092,25,9,0,3289.23
6192,2092,15,5,0,2971.1
6193,2093,22,9,10,1143.15
6194,2094,5,8,0,3384.16
6195,2094,27,5,0,1734.95
6196,2094,1,11,0,7129.65
6197,2094,6,1,0,658.29
6198,2094,18,1,0,583.22
6199,2095,29,4,0,3346.48
6200,2095,15,6,0,3565.32
6201,2095,16,1,5,189.37
6202,2096,5,12,0,5076.24
6203,2096,16,6,10,1076.44
6204,2096,4,11,0,3137.31
6205,2096,11,1,0,370.86
6206,2096,28,4,0,975.88
6207,2097,13,12,5,1728.58
6208,2097,24,1,0,802.92
6209,2097,22,6,5,804.44
6210,2097,7,2,0,1171.1
6211,2097,14,7,10,4275.62
6212,2098,7,2,15,995.44
6213,2098,24,9,0,7226.28
6214,2098,12,8,0,3135.28
6215,2098,3,3,0,100.41
6216,2098,1,5,10,2916.68
6217,2099,6,1,0,658.29
6218,2100,25,11,0,4020.17
6219,2100,10,6,0,5085.6
6220,2101,24,4,0,3211.68
6221,2101,21,1,0,808.97
6222,2101,19,1,0,561.52
6223,2102,25,10,0,3654.7
6224,2102,4,7,0,1996.47
6225,2102,13,11,10,1501.14
6226,2102,5,11,10,4187.9
6227,2102,16,12,10,2152.87
6228,2103,12,7,10,2469.03
6229,2104,6,7,5,4377.63
6230,2104,1,12,10,7000.02
6231,2105,10,2,0,1695.2
6232,2105,16,8,0,1594.72
6233,2106,1,6,0,3888.9
6234,2106,27,4,15,1179.77
6235,2106,25,6,0,2192.82
6236,2107,8,4,0,1549.32
6237,2107,10,2,10,1525.68
6238,2108,29,7,0,5856.34
6239,2108,16,12,0,2392.08
6240,2109,9,1,0,243.48
6241,2109,3,1,0,33.47
6242,2109,28,12,5,2781.26
6243,2109,26,4,0,2192.68
6244,2109,13,1,0,151.63
6245,2110,9,8,10,1753.06
6246,2110,20,3,10,656.56
6247,2111,29,6,0,5019.72
6248,2111,23,10,0,3760.0
6249,2111,13,11,0,1667.93
6250,2112,18,10,5,5540.59
6251,2112,27,7,0,2428.93
6252,2113,23,11,0,4136.0
6253,2114,16,9,10,1614.65
6254,2114,29,4,0,3346.48
6255,2114,28,8,15,1659.0
6256,2115,3,4,0,133.88
6257,2115,26,8,0,4385.36
6258,2115,22,12,0,1693.56
6259,2116,14,5,0,3393.35
6260,2116,5,11,0,4653.22
6261,2116,23,4,15,1278.4
6262,2116,29,9,0,7529.58
6263,2116,24,5,0,4014.6
6264,2117,8,9,0,3485.97
6265,2117,18,2,0,1166.44
6266,2117,1,1,0,648.15
6267,2117,15,6,10,3208.79
6268,2117,17,7,0,586.53
6269,2118,18,5,10,2624.49
6270,2118,23,2,5,714.4
6271,2118,24,4,0,3211.68
6272,2118,10,3,15,2161.38
6273,2119,25,5,0,1827.35
6274,2119,29,12,0,10039.44
6275,2120,8,6,10,2091.58
6276,2121,20,4,0,972.68
6277,2122,27,2,10,624.58
6278,2122,24,1,0,802.92
6279,2122,6,8,0,5266.32
6280,2122,23,1,0,376.0
6281,2123,22,7,5,938.51
6282,2123,11,5,10,1668.87
6283,2123,5,2,0,846.04
6284,2123,23,1,10,338.4
6285,2123,14,5,0,3393.35
6286,2124,7,8,10,4215.96
6287,2124,21,1,0,808.97
6288,2124,2,7,0,248.71
6289,2124,12,7,15,2331.86
6290,2125,22,11,0,1552.43
6291,2125,18,7,10,3674.29
6292,2126,7,1,0,585.55
6293,2126,1,9,0,5833.35
6294,2126,12,6,0,2351.46
6295,2127,12,5,5,1861.57
6296,2127,17,10,0,837.9
6297,2127,11,4,0,1483.44
6298,2128,17,12,0,1005.48
6299,2128,20,10,0,2431.7
6300,2128,1,7,0,4537.05
6301,2129,11,2,0,741.72
6302,2130,3,9,0,301.23
6303,2130,25,8,0,2923.76
6304,2130,11,7,0,2596.02
6305,2131,9,9,0,2191.32
6306,2131,26,5,0,2740.85
6307,2131,12,3,0,1175.73
6308,2131,15,7,5,3951.56
6309,2131,10,8,0,6780.8
6310,2132,2,1,0,35.53
6311,2132,9,5,0,1217.4
6312,2133,13,2,0,303.26
6313,2133,22,4,0,564.52
6314,2133,28,9,0,2195.73
6315,2134,5,7,0,2961.14
6316,2134,4,1,0,285.21
6317,2134,22,10,0,1411.3
6318,2134,10,5,0,4238.0
6319,2134,26,6,0,3289.02
6320,2135,4,11,0,3137.31
6321,2135,10,10,0,8476.0
6322,2135,14,1,5,644.74
6323,2136,11,11,0,4079.46
6324,2136,28,6,0,1463.82
6325,2136,24,5,5,3813.87
6326,2136,17,3,0,251.37
6327,2136,22,8,0,1129.04
6328,2137,15,1,0,594.22
6329,2137,13,8,0,1213.04
6330,2137,14,1,5,644.74
6331,2137,1,6,10,3500.01
6332,2138,18,4,0,2332.88
6333,2138,29,7,0,5856.34
6334,2138,10,1,0,847.6
6335,2138,2,10,0,355.3
6336,2138,19,2,0,1123.04
6337,2139,16,6,10,1076.44
6338,2139,24,2,10,1445.26
6339,2139,25,8,0,2923.76
6340,2139,20,3,0,729.51
6341,2139,28,5,5,1158.86
6342,2140,25,8,0,2923.76
6343,2140,9,3,0,730.44
6344,2140,17,4,0,335.16
6345,2141,22,10,0,1411.3
6346,2141,27,11,0,3816.89
6347,2142,17,11,0,921.69
6348,2143,25,8,0,2923.76
6349,2143,12,10,5,3723.14
6350,2143,11,6,10,2002.64
6351,2143,13,1,0,151.63
6352,2143,18,9,0,5248.98
6353,2144,8,12,0,4647.96
6354,2145,28,11,0,2683.67
6355,2146,17,12,0,1005.48
6356,2146,25,1,0,365.47
6357,2146,1,10,0,6481.5
6358,2146,4,4,10,1026.76
6359,2146,18,6,0,3499.32
6360,2147,8,8,0,3098.64
6361,2147,20,2,0,486.34
6362,2147,19,9,5,4801.0
6363,2147,3,2,0,66.94
6364,2147,27,4,0,1387.96
6365,2148,14,6,0,4072.02
6366,2148,6,11,0,7241.19
6367,2148,19,7,0,3930.64
6368,2148,8,2,10,697.19
6369,2148,22,11,10,1397.19
6370,2149,7,1,10,527.0
6371,2149,25,6,0,2192.82
6372,2150,24,7,0,5620.44
6373,2150,7,11,0,6441.05
6374,2150,23,6,0,2256.0
6375,2151,4,1,5,270.95
6376,2151,20,3,0,729.51
6377,2151,2,6,0,213.18
6378,2151,8,1,0,387.33
6379,2151,26,5,0,2740.85
6380,2152,23,2,0,752.0
6381,2153,14,9,0,6108.03
6382,2153,21,12,0,9707.64
6383,2153,16,12,10,2152.87
6384,2154,5,4,0,1692.08
6385,2154,25,7,15,2174.55
6386,2154,22,10,0,1411.3
6387,2155,24,7,0,5620.44
6388,2155,5,11,0,4653.22
6389,2156,13,10,0,1516.3
6390,2156,9,9,10,1972.19
6391,2157,18,12,10,6298.78
6392,2157,6,7,5,4377.63
6393,2157,25,9,15,2795.85
6394,2157,9,12,0,2921.76
6395,2157,4,2,5,541.9
6396,2158,13,10,0,1516.3
6397,2159,27,9,10,2810.62
6398,2159,26,8,0,4385.36
6399,2159,2,6,0,213.18
6400,2159,6,5,0,3291.45
6401,2159,18,4,0,2332.88
6402,2160,15,4,0,2376.88
6403,2160,8,6,10,2091.58
6404,2160,12,4,0,1567.64
6405,2161,22,8,0,1129.04
6406,2161,14,6,0,4072.02
6407,2162,13,8,0,1213.04
6408,2162,15,12,0,7130.64
6409,2163,12,6,0,2351.46
6410,2164,2,10,15,302.0
6411,2164,15,4,0,2376.88
6412,2164,21,8,0,6471.76
6413,2164,29,7,0,5856.34
6414,2165,6,4,10,2369.84
6415,2165,13,7,0,1061.41
6416,2165,24,11,0,8832.12
6417,2165,26,10,0,5481.7
6418,2165,1,11,5,6773.17
6419,2166,6,5,0,3291.45
6420,2166,16,6,5,1136.24
6421,2166,26,6,5,3124.57
6422,2167,12,7,0,2743.37
6423,2167,26,9,0,4933.53
6424,2167,5,3,5,1205.61
6425,2167,20,10,0,2431.7
6426,2168,23,3,10,1015.2
6427,2168,14,8,5,5157.89
6428,2169,21,5,5,3842.61
6429,2169,3,9,10,271.11
6430,2169,8,12,0,4647.96
6431,2169,14,8,0,5429.36
6432,2170,2,1,0,35.53
6433,2170,18,12,15,5948.84
6434,2170,13,3,5,432.15
6435,2170,12,2,0,783.82
6436,2171,1,7,15,3856.49
6437,2171,8,7,5,2575.74
6438,2171,7,6,0,3513.3
6439,2171,15,3,0,1782.66
6440,2171,2,7,0,248.71
6441,2172,11,12,10,4005.29
6442,2172,18,5,0,2916.1
6443,2173,22,10,0,1411.3
6444,2173,5,10,0,4230.2
6445,2173,19,2,10,1010.74
6446,2173,3,12,0,401.64
6447,2173,21,1,0,808.97
6448,2174,13,8,0,1213.04
6449,2174,15,7,5,3951.56
6450,2174,9,11,10,2410.45
6451,2175,16,5,0,996.7
6452,2175,7,8,0,4684.4
6453,2175,11,12,10,4005.29
6454,2175,4,3,15,727.29
6455,2176,3,9,0,301.23
6456,2176,15,2,0,1188.44
6457,2176,5,3,0,1269.06
6458,2176,10,1,10,762.84
6459,2176,7,10,5,5562.72
6460,2177,7,7,0,4098.85
6461,2177,24,6,0,4817.52
6462,2177,8,8,0,3098.64
6463,2177,6,3,15,1678.64
6464,2178,9,5,0,1217.4
6465,2178,23,2,0,752.0
6466,2178,2,4,15,120.8
6467,2178,15,5,0,2971.1
6468,2178,26,8,0,4385.36
6469,2179,19,9,0,5053.68
6470,2179,17,9,0,754.11
6471,2179,26,10,0,5481.7
6472,2179,3,9,0,301.23
6473,2179,12,7,0,2743.37
6474,2180,5,6,0,2538.12
6475,2180,25,3,0,1096.41
6476,2180,20,3,0,729.51
6477,2180,23,1,0,376.0
6478,2181,18,10,0,5832.2
6479,2181,17,10,0,837.9
6480,2181,13,6,0,909.78
6481,2182,1,2,5,1231.48
6482,2182,18,5,0,2916.1
6483,2183,20,4,10,875.41
6484,2183,8,3,0,1161.99
6485,2183,28,5,0,1219.85
6486,2183,11,5,15,1576.16
6487,2184,12,11,0,4311.01
6488,2184,25,5,0,1827.35
6489,2185,27,9,0,3122.91
6490,2185,28,9,0,2195.73
6491,2186,12,10,0,3919.1
6492,2187,14,4,0,2714.68
6493,2187,20,1,0,243.17
6494,2187,15,8,0,4753.76
6495,2187,29,1,5,794.79
6496,2187,22,6,10,762.1
6497,2188,3,12,0,401.64
6498,2188,26,8,10,3946.82
6499,2188,23,9,0,3384.0
6500,2188,28,3,0,731.91
6501,2189,27,2,15,589.88
6502,2189,25,12,0,4385.64
6503,2189,11,12,0,4450.32
6504,2190,19,7,0,3930.64
6505,2190,28,8,0,1951.76
6506,2190,29,5,0,4183.1
6507,2190,4,2,0,570.42
6508,2191,3,12,0,401.64
6509,2191,4,11,0,3137.31
6510,2191,5,2,0,846.04
6511,2192,24,12,0,9635.04
6512,2192,14,2,0,1357.34
6513,2193,21,6,0,4853.82
6514,2193,5,5,0,2115.1
6515,2193,24,8,15,5459.86
6516,2193,22,11,5,1474.81
6517,2193,18,12,5,6648.71
6518,2194,11,12,0,4450.32
6519,2195,10,7,0,5933.2
6520,2196,19,6,0,3369.12
6521,2196,13,4,0,606.52
6522,2196,26,9,0,4933.53
6523,2196,5,11,0,4653.22
6524,2196,18,11,0,6415.42
6525,2197,7,4,0,2342.2
6526,2198,13,4,0,606.52
6527,2198,3,11,0,368.17
6528,2198,27,4,0,1387.96
6529,2198,5,5,0,2115.1
6530,2199,1,3,0,1944.45
6531,2199,12,12,0,4702.92
6532,2199,18,8,0,4665.76
6533,2199,22,5,0,705.65
6534,2200,9,9,0,2191.32
6535,2201,22,1,0,141.13
6536,2201,29,7,0,5856.34
6537,2202,14,10,0,6786.7
6538,2202,4,4,0,1140.84
6539,2202,24,12,0,9635.04
6540,2202,10,3,0,2542.8
6541,2202,26,1,5,520.76
6542,2203,4,10,0,2852.1
6543,2203,20,7,0,1702.19
6544,2203,2,11,0,390.83
6545,2204,18,8,0,4665.76
6546,2204,19,9,5,4801.0
6547,2204,15,11,0,6536.42
6548,2205,22,5,0,705.65
6549,2205,6,11,0,7241.19
6550,2206,8,10,0,3873.3
6551,2206,19,6,0,3369.12
6552,2206,4,9,0,2566.89
6553,2206,28,8,0,1951.76
6554,2207,28,2,5,463.54
6555,2207,26,5,0,2740.85
6556,2208,6,4,0,2633.16
6557,2208,13,11,0,1667.93
6558,2208,23,7,0,2632.0
6559,2209,26,6,5,3124.57
6560,2209,25,11,0,4020.17
6561,2209,6,2,10,1184.92
6562,2209,16,6,15,1016.63
6563,2210,28,8,0,1951.76
6564,2210,2,8,0,284.24
6565,2211,23,1,10,338.4
6566,2211,10,5,0,4238.0
6567,2212,28,7,0,1707.79
6568,2212,26,1,0,548.17
6569,2213,18,11,0,6415.42
6570,2213,14,6,0,4072.02
6571,2213,8,7,10,2440.18
6572,2214,9,7,0,1704.36
6573,2214,19,5,0,2807.6
6574,2214,2,1,0,35.53
6575,2214,16,5,5,946.86
6576,2215,7,6,10,3161.97
6577,2215,17,11,0,921.69
6578,2216,12,8,10,2821.75
6579,2216,22,7,0,987.91
6580,2216,24,4,5,3051.1
6581,2217,22,4,0,564.52
6582,2217,20,11,0,2674.87
6583,2217,15,2,0,1188.44
6584,2217,5,10,15,3595.67
6585,2217,11,10,0,3708.6
6586,2218,7,9,0,5269.95
6587,2218,8,1,10,348.6
6588,2218,18,12,0,6998.64
6589,2218,17,1,0,83.79
6590,2218,11,7,0,2596.02
6591,2219,24,6,0,4817.52
6592,2219,23,9,0,3384.0
6593,2219,2,2,0,71.06
6594,2220,3,4,0,133.88
6595,2220,12,6,0,2351.46
6596,2220,11,9,5,3170.85
6597,2220,24,4,0,3211.68
6598,2220,22,3,0,423.39
6599,2221,28,12,5,2781.26
6600,2221,24,4,0,3211.68
6601,2221,3,5,0,167.35
6602,2221,27,3,0,1040.97
6603,2222,18,4,5,2216.24
6604,2222,5,9,0,3807.18
6605,2222,9,12,0,2921.76
6606,2222,16,4,0,797.36
6607,2223,17,9,10,678.7
6608,2224,23,8,0,3008.0
6609,2224,29,1,0,836.62
6610,2224,1,3,0,1944.45
6611,2224,17,5,10,377.06
6612,2225,11,11,5,3875.49
6613,2225,14,12,0,8144.04
6614,2226,14,12,0,8144.04
6615,2226,3,2,5,63.59
6616,2226,15,7,0,4159.54
6617,2227,23,12,0,4512.0
6618,2227,22,5,0,705.65
6619,2228,8,12,0,4647.96
6620,2228,9,12,0,2921.76
6621,2228,22,12,0,1693.56
6622,2228,2,7,0,248.71
6623,2228,26,1,0,548.17
6624,2229,18,10,0,5832.2
6625,2229,6,3,0,1974.87
6626,2229,27,2,0,693.98
6627,2229,10,12,0,10171.2
6628,2229,2,10,0,355.3
6629,2230,11,6,5,2113.9
6630,2230,10,7,0,5933.2
6631,2230,23,9,10,3045.6
6632,2231,27,5,0,1734.95
6633,2231,3,8,10,240.98
6634,2231,28,4,0,975.88
6635,2232,4,8,5,2167.6
6636,2232,28,7,0,1707.79
6637,2232,3,5,0,167.35
6638,2232,18,7,0,4082.54
6639,2232,1,2,0,1296.3
6640,2233,28,5,10,1097.86
6641,2233,12,8,0,3135.28
6642,2233,1,5,0,3240.75
6643,2233,22,12,0,1693.56
6644,2233,16,9,0,1794.06
6645,2234,14,1,10,610.8
6646,2234,9,8,0,1947.84
6647,2234,17,12,10,904.93
6648,2234,19,7,0,3930.64
6649,2235,22,8,0,1129.04
6650,2236,16,7,0,1395.38
6651,2237,16,6,0,1196.04
6652,2237,19,8,0,4492.16
6653,2237,13,10,5,1440.48
6654,2237,15,2,0,1188.44
6655,2238,23,3,0,1128.0
6656,2238,29,11,0,9202.82
6657,2238,13,2,10,272.93
6658,2239,10,4,0,3390.4
6659,2239,27,8,0,2775.92
6660,2240,24,3,0,2408.76
6661,2241,24,9,10,6503.65
6662,2241,7,12,5,6675.27
6663,2241,14,10,10,6108.03
6664,2241,5,4,5,1607.48
6665,2242,18,7,0,4082.54
6666,2242,23,5,0,1880.0
6667,2242,10,12,10,9154.08
6668,2243,26,6,0,3289.02
6669,2244,25,1,10,328.92
6670,2244,28,5,5,1158.86
6671,2244,7,12,0,7026.6
6672,2244,8,4,0,1549.32
6673,2245,21,9,10,6552.66
6674,2245,13,8,10,1091.74
6675,2245,26,6,0,3289.02
6676,2245,8,11,5,4047.6
6677,2246,16,12,0,2392.08
6678,2246,18,8,0,4665.76
6679,2246,8,9,0,3485.97
6680,2246,7,9,0,5269.95
6681,2247,26,2,0,1096.34
6682,2248,27,7,5,2307.48
6683,2249,11,9,0,3337.74
6684,2249,3,12,0,401.64
6685,2250,24,8,0,6423.36
6686,2250,5,2,5,803.74
6687,2251,13,3,5,432.15
6688,2251,7,11,0,6441.05
6689,2251,3,9,0,301.23
6690,2251,19,8,0,4492.16
6691,2252,27,7,0,2428.93
6692,2252,8,7,0,2711.31
6693,2252,2,1,10,31.98
6694,2252,17,5,0,418.95
6695,2252,7,2,0,1171.1
6696,2253,22,9,5,1206.66
6697,2253,29,6,0,5019.72
6698,2253,9,10,10,2191.32
6699,2254,23,3,10,1015.2
6700,2254,9,5,10,1095.66
6701,2255,17,10,0,837.9
6702,2255,13,12,0,1819.56
6703,2256,22,5,0,705.65
6704,2256,17,8,0,670.32
6705,2256,1,8,5,4925.94
6706,2256,3,4,15,113.8
6707,2256,24,6,0,4817.52
6708,2257,1,3,0,1944.45
6709,2257,12,9,0,3527.19
6710,2258,16,6,10,1076.44
6711,2259,29,8,0,6692.96
6712,2259,19,2,0,1123.04
6713,2260,27,4,0,1387.96
6714,2260,2,12,0,426.36
6715,2261,25,6,0,2192.82
6716,2261,24,2,10,1445.26
6717,2261,14,1,5,644.74
6718,2261,21,10,0,8089.7
6719,2262,8,2,0,774.66
6720,2262,28,6,0,1463.82
6721,2263,15,6,0,3565.32
6722,2263,7,11,0,6441.05
6723,2264,22,5,0,705.65
6724,2264,28,7,0,1707.79
6725,2264,3,10,0,334.7
6726,2265,21,10,15,6876.25
6727,2265,17,7,5,557.2
6728,2265,24,5,0,4014.6
6729,2266,13,2,0,303.26
6730,2266,25,10,0,3654.7
6731,2267,6,5,0,3291.45
6732,2267,15,3,0,1782.66
6733,2268,9,3,15,620.87
6734,2269,24,11,0,8832.12
6735,2269,3,7,15,199.15
6736,2269,22,6,0,846.78
6737,2269,26,10,0,5481.7
6738,2269,2,10,0,355.3
6739,2270,26,11,0,6029.87
6740,2270,18,8,0,4665.76
6741,2270,28,4,0,975.88
6742,2270,16,3,0,598.02
6743,2270,21,1,0,808.97
6744,2271,12,2,0,783.82
6745,2271,6,10,0,6582.9
6746,2272,9,8,5,1850.45
6747,2272,15,1,5,564.51
6748,2273,28,3,0,731.91
6749,2274,3,11,0,368.17
6750,2274,16,8,0,1594.72
6751,2274,17,6,0,502.74
6752,2274,23,5,0,1880.0
6753,2275,5,9,0,3807.18
6754,2275,17,7,0,586.53
6755,2276,22,6,15,719.76
6756,2276,15,5,5,2822.54
6757,2276,5,9,5,3616.82
6758,2276,19,6,0,3369.12
6759,2277,3,4,5,127.19
6760,2277,27,3,10,936.87
6761,2277,19,11,0,6176.72
6762,2277,5,5,0,2115.1
6763,2277,2,12,0,426.36
6764,2278,17,8,15,569.77
6765,2278,27,8,0,2775.92
6766,2278,11,12,0,4450.32
6767,2278,28,5,0,1219.85
6768,2278,12,11,0,4311.01
6769,2279,23,11,0,4136.0
6770,2279,29,6,0,5019.72
6771,2279,7,3,0,1756.65
6772,2279,24,1,0,802.92
6773,2280,5,11,10,4187.9
6774,2280,14,6,0,4072.02
6775,2280,4,12,0,3422.52
6776,2280,29,7,0,5856.34
6777,2281,24,4,15,2729.93
6778,2281,23,7,0,2632.0
6779,2281,11,6,0,2225.16
6780,2281,22,3,0,423.39
6781,2281,12,12,0,4702.92
6782,2282,2,6,10,191.86
6783,2282,10,9,15,6484.14
6784,2282,22,4,0,564.52
6785,2282,25,1,0,365.47
6786,2283,22,2,5,268.15
6787,2283,9,6,0,1460.88
6788,2283,3,5,0,167.35
6789,2284,1,5,5,3078.71
6790,2284,26,1,0,548.17
6791,2284,13,11,15,1417.74
6792,2284,3,5,0,167.35
6793,2284,12,11,0,4311.01
6794,2285,12,12,0,4702.92
6795,2286,28,11,10,2415.3
6796,2286,11,1,0,370.86
6797,2286,14,10,0,6786.7
6798,2287,8,10,0,3873.3
6799,2287,15,11,0,6536.42
6800,2287,2,8,0,284.24
6801,2287,18,8,0,4665.76
6802,2288,23,2,0,752.0
6803,2288,28,1,0,243.97
6804,2288,20,6,10,1313.12
6805,2288,1,1,0,648.15
6806,2288,15,10,0,5942.2
6807,2289,9,3,5,693.92
6808,2289,22,2,0,282.26
6809,2290,6,8,0,5266.32
6810,2291,21,6,0,4853.82
6811,2292,10,4,0,3390.4
6812,2292,16,11,0,2192.74
6813,2292,9,10,0,2434.8
6814,2293,18,12,5,6648.71
6815,2293,15,3,10,1604.39
6816,2293,12,10,0,3919.1
6817,2294,24,1,0,802.92
6818,2294,15,11,0,6536.42
6819,2294,5,7,15,2516.97
6820,2294,9,7,0,1704.36
6821,2294,12,11,5,4095.46
6822,2295,17,4,0,335.16
6823,2296,18,12,0,6998.64
6824,2296,15,5,0,2971.1
6825,2297,11,1,0,370.86
6826,2297,24,5,0,4014.6
6827,2297,4,10,0,2852.1
6828,2297,19,4,5,2133.78
6829,2298,19,3,0,1684.56
6830,2298,18,11,5,6094.65
6831,2298,5,12,10,4568.62
6832,2298,3,1,0,33.47
6833,2299,8,6,0,2323.98
6834,2299,13,2,0,303.26
6835,2299,16,6,0,1196.04
6836,2299,22,8,0,1129.04
6837,2299,10,10,0,8476.0
6838,2300,6,10,0,6582.9
6839,2301,11,2,0,741.72
6840,2302,23,3,0,1128.0
6841,2303,28,3,0,731.91
6842,2304,9,11,0,2678.28
6843,2304,2,6,5,202.52
6844,2305,22,5,0,705.65
6845,2305,19,11,0,6176.72
6846,2306,20,5,0,1215.85
6847,2306,6,1,0,658.29
6848,2307,9,3,0,730.44
6849,2307,24,5,0,4014.6
6850,2307,16,3,0,598.02
6851,2308,25,4,10,1315.69
6852,2308,13,4,5,576.19
6853,2308,28,5,0,1219.85
6854,2308,11,4,0,1483.44
6855,2309,2,12,0,426.36
6856,2309,5,8,0,3384.16
6857,2309,16,5,0,996.7
6858,2310,3,10,10,301.23
6859,2310,16,6,0,1196.04
6860,2310,17,6,0,502.74
6861,2311,25,8,0,2923.76
6862,2311,5,11,0,4653.22
6863,2311,23,11,0,4136.0
6864,2311,4,3,0,855.63
6865,2311,12,1,0,391.91
6866,2312,28,3,0,731.91
6867,2312,4,9,0,2566.89
6868,2312,20,10,0,2431.7
6869,2312,27,4,0,1387.96
6870,2313,9,11,0,2678.28
6871,2313,28,11,5,2549.49
6872,2313,20,5,0,1215.85
6873,2314,26,9,0,4933.53
6874,2314,24,12,0,9635.04
6875,2314,20,5,0,1215.85
6876,2314,9,2,10,438.26
6877,2314,22,9,0,1270.17
6878,2315,16,4,0,797.36
6879,2315,26,8,0,4385.36
6880,2315,13,5,0,758.15
6881,2316,13,11,0,1667.93
6882,2316,16,11,0,2192.74
6883,2316,2,3,5,101.26
6884,2316,15,8,10,4278.38
6885,2316,26,3,0,1644.51
6886,2317,22,6,0,846.78
6887,2317,4,10,5,2709.5
6888,2317,7,7,0,4098.85
6889,2318,12,12,0,4702.92
6890,2318,23,2,0,752.0
6891,2318,4,11,0,3137.31
6892,2319,8,7,0,2711.31
6893,2319,22,8,0,1129.04
6894,2320,6,3,0,1974.87
6895,2321,3,8,0,267.76
6896,2321,5,9,0,3807.18
6897,2322,14,10,5,6447.36
6898,2322,3,8,0,267.76
6899,2322,10,10,0,8476.0
6900,2322,21,10,0,8089.7
6901,2323,21,8,10,5824.58
6902,2323,2,4,0,142.12
6903,2323,3,5,0,167.35
6904,2323,22,12,0,1693.56
6905,2324,26,8,0,4385.36
6906,2324,3,11,5,349.76
6907,2324,29,7,0,5856.34
6908,2325,21,9,0,7280.73
6909,2325,18,2,0,1166.44
6910,2326,21,10,0,8089.7
6911,2326,12,7,0,2743.37
6912,2326,26,10,10,4933.53
6913,2327,5,3,0,1269.06
6914,2327,10,5,0,4238.0
6915,2327,22,10,5,1340.74
6916,2327,3,12,5,381.56
6917,2327,14,9,0,6108.03
6918,2328,7,3,0,1756.65
6919,2328,20,11,10,2407.38
6920,2329,1,5,0,3240.75
6921,2330,17,8,0,670.32
6922,2330,26,7,5,3645.33
6923,2330,10,3,0,2542.8
6924,2331,2,4,0,142.12
6925,2331,12,3,5,1116.94
6926,2332,3,3,0,100.41
6927,2333,14,2,0,1357.34
6928,2333,4,12,5,3251.39
6929,2333,7,4,0,2342.2
6930,2333,23,3,0,1128.0
6931,2334,5,1,0,423.02
6932,2334,17,8,0,670.32
6933,2334,1,3,0,1944.45
6934,2335,20,9,0,2188.53
6935,2335,12,11,0,4311.01
6936,2335,28,7,0,1707.79
6937,2335,24,12,10,8671.54
6938,2336,17,8,0,670.32
6939,2336,1,12,10,7000.02
6940,2336,14,4,0,2714.68
6941,2336,24,2,5,1525.55
6942,2337,13,3,0,454.89
6943,2337,26,7,5,3645.33
6944,2337,22,6,0,846.78
6945,2338,25,10,10,3289.23
6946,2338,5,7,10,2665.03
6947,2338,22,9,0,1270.17
6948,2338,19,2,0,1123.04
6949,2339,15,1,0,594.22
6950,2339,4,4,0,1140.84
6951,2339,21,10,10,7280.73
6952,2339,18,3,0,1749.66
6953,2339,14,4,0,2714.68
6954,2340,26,9,5,4686.85
6955,2340,10,1,0,847.6
6956,2340,6,10,15,5595.46
6957,2341,26,11,0,6029.87
6958,2342,8,4,0,1549.32
6959,2342,14,1,0,678.67
6960,2342,15,4,0,2376.88
6961,2342,21,5,0,4044.85
6962,2343,11,7,10,2336.42
6963,2343,9,11,0,2678.28
6964,2343,22,3,0,423.39
6965,2344,11,5,0,1854.3
6966,2344,12,7,0,2743.37
6967,2344,13,11,10,1501.14
6968,2345,27,5,0,1734.95
6969,2346,6,11,0,7241.19
6970,2346,24,9,0,7226.28
6971,2346,28,2,0,487.94
6972,2346,22,8,0,1129.04
6973,2347,23,11,0,4136.0
6974,2347,11,12,0,4450.32
6975,2347,15,2,5,1129.02
6976,2348,27,3,5,988.92
6977,2349,21,9,0,7280.73
6978,2349,7,7,0,4098.85
6979,2349,5,11,0,4653.22
6980,2349,1,8,15,4407.42
6981,2349,22,1,0,141.13
6982,2350,8,7,0,2711.31
6983,2350,1,1,0,648.15
6984,2350,5,5,15,1797.83
6985,2350,27,7,0,2428.93
6986,2351,5,10,0,4230.2
6987,2352,14,6,10,3664.82
6988,2352,19,8,0,4492.16
6989,2352,17,12,5,955.21
6990,2352,15,6,0,3565.32
6991,2352,18,9,0,5248.98
6992,2353,9,7,0,1704.36
6993,2353,8,9,0,3485.97
6994,2354,26,3,0,1644.51
6995,2355,15,5,0,2971.1
6996,2355,3,4,0,133.88
6997,2355,18,9,0,5248.98
6998,2355,25,10,15,3106.5
6999,2355,5,12,0,5076.24
7000,2356,7,1,0,585.55
7001,2356,23,8,0,3008.0
7002,2356,1,5,0,3240.75
7003,2356,2,1,0,35.53
7004,2357,6,6,5,3752.25
7005,2357,1,1,0,648.15
7006,2357,8,10,0,3873.3
7007,2357,21,11,0,8898.67
7008,2358,1,6,0,3888.9
7009,2358,20,11,0,2674.87
7010,2358,19,5,0,2807.6
7011,2358,29,1,0,836.62
7012,2359,5,5,0,2115.1
7013,2359,21,6,0,4853.82
7014,2360,16,6,10,1076.44
7015,2360,5,5,0,2115.1
7016,2360,10,11,0,9323.6
7017,2360,21,1,0,808.97
7018,2361,3,12,0,401.64
7019,2361,20,1,0,243.17
7020,2361,8,9,0,3485.97
7021,2362,2,3,10,95.93
7022,2362,15,2,0,1188.44
7023,2363,11,12,0,4450.32
7024,2363,24,3,0,2408.76
7025,2364,26,5,10,2466.76
7026,2364,8,6,0,2323.98
7027,2364,12,8,0,3135.28
7028,2364,19,12,0,6738.24
7029,2365,19,10,0,5615.2
7030,2365,9,8,0,1947.84
7031,2365,29,1,0,836.62
7032,2365,21,2,0,1617.94
7033,2365,14,6,0,4072.02
7034,2366,21,10,0,8089.7
7035,2366,5,12,5,4822.43
7036,2367,12,9,0,3527.19
7037,2367,10,12,5,9662.64
7038,2367,21,2,0,1617.94
7039,2367,27,6,0,2081.94
7040,2368,22,7,0,987.91
7041,2368,25,7,0,2558.29
7042,2368,10,1,10,762.84
7043,2369,16,12,0,2392.08
7044,2369,21,11,0,8898.67
7045,2369,15,12,0,7130.64
7046,2370,21,4,0,3235.88
7047,2371,8,10,0,3873.3
7048,2371,15,9,0,5347.98
7049,2371,25,9,0,3289.23
7050,2372,8,6,5,2207.78
7051,2373,16,7,10,1255.84
7052,2373,29,5,0,4183.1
7053,2374,17,5,10,377.06
7054,2374,6,9,0,5924.61
7055,2375,7,7,0,4098.85
7056,2375,14,3,0,2036.01
7057,2375,17,11,0,921.69
7058,2375,9,5,5,1156.53
7059,2375,23,5,5,1786.0
7060,2376,21,1,0,808.97
7061,2376,14,7,10,4275.62
7062,2377,24,5,10,3613.14
7063,2377,2,8,0,284.24
7064,2377,15,10,15,5050.87
7065,2378,22,2,0,282.26
7066,2378,8,4,0,1549.32
7067,2378,13,4,0,606.52
7068,2379,21,4,0,3235.88
7069,2379,11,2,0,741.72
7070,2379,20,10,0,2431.7
7071,2380,21,8,5,6148.17
7072,2380,1,10,0,6481.5
7073,2380,12,7,0,2743.37
7074,2380,4,11,0,3137.31
7075,2380,2,10,0,355.3
7076,2381,27,8,5,2637.12
7077,2381,2,9,10,287.79
7078,2381,17,1,15,71.22
7079,2381,9,6,0,1460.88
7080,2382,12,8,0,3135.28
7081,2382,15,3,10,1604.39
7082,2382,18,8,0,4665.76
7083,2383,24,4,5,3051.1
7084,2383,1,9,5,5541.68
7085,2383,7,12,0,7026.6
7086,2383,9,3,0,730.44
7087,2384,22,7,0,987.91
7088,2384,9,1,0,243.48
7089,2384,11,11,0,4079.46
7090,2385,22,11,0,1552.43
7091,2386,24,2,0,1605.84
7092,2386,17,4,0,335.16
7093,2386,28,12,0,2927.64
7094,2387,8,5,10,1742.98
7095,2387,11,6,0,2225.16
7096,2387,24,8,0,6423.36
7097,2388,8,10,0,3873.3
7098,2388,6,10,0,6582.9
7099,2389,11,10,0,3708.6
7100,2389,16,7,0,1395.38
7101,2389,27,7,0,2428.93
7102,2390,9,9,0,2191.32
7103,2390,20,12,0,2918.04
7104,2390,14,8,0,5429.36
7105,2391,17,3,0,251.37
7106,2391,16,7,0,1395.38
7107,2391,5,10,10,3807.18
7108,2391,25,2,10,657.85
7109,2391,4,2,10,513.38
7110,2392,2,2,0,71.06
7111,2392,8,10,0,3873.3
7112,2393,27,12,0,4163.88
7113,2393,10,7,0,5933.2
7114,2394,9,4,0,973.92
7115,2394,6,7,0,4608.03
7116,2394,16,10,0,1993.4
7117,2395,11,11,15,3467.54
7118,2395,29,2,15,1422.25
7119,2395,22,11,15,1319.57
7120,2396,24,9,0,7226.28
7121,2396,17,9,0,754.11
7122,2396,16,9,15,1524.95
7123,2397,14,8,0,5429.36
7124,2397,9,8,10,1753.06
7125,2397,18,5,0,2916.1
7126,2397,3,8,0,267.76
7127,2398,16,5,0,996.7
7128,2398,13,1,15,128.89
7129,2398,24,9,0,7226.28
7130,2398,19,6,5,3200.66
7131,2399,29,11,0,9202.82
7132,2399,12,2,0,783.82
7133,2400,7,7,0,4098.85
7134,2400,5,7,0,2961.14
7135,2400,4,4,0,1140.84
7136,2400,29,11,5,8742.68
7137,2401,24,10,10,7226.28
7138,2401,25,10,0,3654.7
7139,2402,2,10,0,355.3
7140,2402,3,12,5,381.56
7141,2402,29,7,0,5856.34
7142,2402,5,1,5,401.87
7143,2402,13,6,0,909.78
7144,2403,22,10,15,1199.6
7145,2403,1,11,0,7129.65
7146,2404,1,6,0,3888.9
7147,2405,20,11,0,2674.87
7148,2405,27,7,0,2428.93
7149,2405,21,9,0,7280.73
7150,2405,12,9,0,3527.19
7151,2405,13,4,0,606.52
7152,2406,4,6,10,1540.13
7153,2406,27,12,0,4163.88
7154,2406,5,4,0,1692.08
7155,2406,12,3,10,1058.16
7156,2407,22,6,0,846.78
7157,2407,29,3,0,2509.86
7158,2408,3,4,10,120.49
7159,2409,1,4,10,2333.34
7160,2409,3,11,0,368.17
7161,2409,13,10,15,1288.86
7162,2409,20,8,0,1945.36
7163,2410,4,9,0,2566.89
7164,2410,6,11,10,6517.07
7165,2410,26,2,0,1096.34
7166,2410,10,10,0,8476.0
7167,2411,14,4,0,2714.68
7168,2411,6,8,0,5266.32
7169,2412,22,12,0,1693.56
7170,2413,27,9,0,3122.91
7171,2413,4,8,0,2281.68
7172,2413,8,7,0,2711.31
7173,2413,18,2,10,1049.8
7174,2414,6,12,0,7899.48
7175,2414,2,9,0,319.77
7176,2414,25,2,10,657.85
7177,2415,5,12,0,5076.24
7178,2415,28,1,0,243.97
7179,2415,25,8,15,2485.2
7180,2415,26,8,0,4385.36
7181,2415,29,12,0,10039.44
7182,2416,19,12,0,6738.24
7183,2416,6,1,10,592.46
7184,2416,25,6,0,2192.82
7185,2416,2,7,0,248.71
7186,2417,29,7,5,5563.52
7187,2417,7,2,0,1171.1
7188,2417,9,2,0,486.96
7189,2417,10,3,0,2542.8
7190,2418,13,2,0,303.26
7191,2418,27,12,5,3955.69
7192,2418,17,3,0,251.37
7193,2418,22,6,0,846.78
7194,2418,3,7,10,210.86
7195,2419,9,4,0,973.92
7196,2419,23,8,0,3008.0
7197,2420,20,6,5,1386.07
7198,2421,20,8,0,1945.36
7199,2422,26,5,0,2740.85
7200,2422,6,6,15,3357.28
7201,2423,18,6,0,3499.32
7202,2423,28,8,0,1951.76
7203,2423,27,12,0,4163.88
7204,2423,25,5,5,1735.98
7205,2424,12,1,0,391.91
7206,2424,23,3,0,1128.0
7207,2424,3,3,5,95.39
7208,2424,8,9,15,2963.07
7209,2424,29,5,0,4183.1
7210,2425,21,10,0,8089.7
7211,2425,28,6,0,1463.82
7212,2425,16,12,0,2392.08
7213,2426,3,10,10,301.23
7214,2426,29,11,0,9202.82
7215,2427,8,11,0,4260.63
7216,2427,24,5,0,4014.6
7217,2427,2,3,0,106.59
7218,2427,20,12,0,2918.04
7219,2428,25,3,0,1096.41
7220,2428,9,10,5,2313.06
7221,2429,15,11,0,6536.42
7222,2429,17,4,0,335.16
7223,2429,14,1,0,678.67
7224,2430,1,5,0,3240.75
7225,2430,3,3,15,85.35
7226,2430,23,10,0,3760.0
7227,2430,16,1,0,199.34
7228,2430,26,5,0,2740.85
7229,2431,9,12,0,2921.76
7230,2431,7,9,0,5269.95
7231,2431,20,7,0,1702.19
7232,2431,4,8,5,2167.6
7233,2431,17,10,0,837.9
7234,2432,29,10,0,8366.2
7235,2432,21,9,0,7280.73
7236,2433,29,7,0,5856.34
7237,2433,18,8,5,4432.47
7238,2433,2,11,0,390.83
7239,2434,10,3,0,2542.8
7240,2434,18,8,0,4665.76
7241,2434,4,7,0,1996.47
7242,2434,20,1,0,243.17
7243,2435,23,4,0,1504.0
7244,2435,13,5,0,758.15
7245,2435,1,4,0,2592.6
7246,2436,3,10,0,334.7
7247,2436,27,12,5,3955.69
7248,2436,5,2,5,803.74
7249,2437,13,8,10,1091.74
7250,2437,3,8,0,267.76
7251,2437,6,10,0,6582.9
7252,2438,13,4,0,606.52
7253,2438,11,12,0,4450.32
7254,2438,28,4,5,927.09
7255,2438,27,6,0,2081.94
7256,2438,26,11,5,5728.38
7257,2439,27,6,0,2081.94
7258,2440,6,9,5,5628.38
7259,2440,7,9,0,5269.95
7260,2440,4,12,10,3080.27
7261,2441,19,8,0,4492.16
7262,2442,28,4,0,975.88
7263,2442,20,5,0,1215.85
7264,2443,26,12,0,6578.04
7265,2443,21,11,0,8898.67
7266,2444,14,3,0,2036.01
7267,2444,21,1,0,808.97
7268,2444,18,10,5,5540.59
7269,2444,6,5,5,3126.88
7270,2445,20,12,5,2772.14
7271,2446,21,3,0,2426.91
7272,2447,26,4,0,2192.68
7273,2448,19,10,15,4772.92
7274,2448,28,8,0,1951.76
7275,2448,14,8,15,4614.96
7276,2448,23,2,0,752.0
7277,2448,11,9,0,3337.74
7278,2449,16,11,0,2192.74
7279,2449,8,2,0,774.66
7280,2449,5,4,0,1692.08
7281,2450,4,8,0,2281.68
7282,2451,5,10,10,3807.18
7283,2451,3,4,0,133.88
7284,2451,27,10,0,3469.9
7285,2451,25,8,0,2923.76
7286,2451,16,5,0,996.7
7287,2452,24,7,10,5058.4
7288,2452,14,2,0,1357.34
7289,2452,29,12,0,10039.44
7290,2452,16,8,0,1594.72
7291,2452,18,11,0,6415.42
7292,2453,14,8,0,5429.36
7293,2453,29,1,0,836.62
7294,2453,3,5,0,167.35
7295,2453,6,7,0,4608.03
7296,2453,4,10,5,2709.5
7297,2454,22,6,0,846.78
7298,2454,16,9,0,1794.06
7299,2455,27,11,15,3244.36
7300,2455,15,5,0,2971.1
7301,2455,21,5,0,4044.85
7302,2456,25,6,15,1863.9
7303,2456,3,5,5,158.98
7304,2457,20,2,0,486.34
7305,2457,21,3,0,2426.91
7306,2457,28,8,0,1951.76
7307,2457,14,1,5,644.74
7308,2458,23,8,0,3008.0
7309,2458,18,3,0,1749.66
7310,2458,14,3,0,2036.01
7311,2458,20,2,0,486.34
7312,2459,17,2,0,167.58
7313,2459,29,8,0,6692.96
7314,2459,5,6,0,2538.12
7315,2460,21,3,15,2062.87
7316,2460,27,4,0,1387.96
7317,2460,2,2,0,71.06
7318,2460,19,4,5,2133.78
7319,2460,28,4,0,975.88
7320,2461,17,6,0,502.74
7321,2461,16,9,0,1794.06
7322,2461,7,8,0,4684.4
7323,2462,25,10,0,3654.7
7324,2462,1,4,0,2592.6
7325,2462,27,10,0,3469.9
7326,2463,9,3,0,730.44
7327,2463,29,4,0,3346.48
7328,2463,13,7,0,1061.41
7329,2464,1,10,0,6481.5
7330,2464,19,11,5,5867.88
7331,2465,26,8,0,4385.36
7332,2465,15,11,0,6536.42
7333,2465,3,10,10,301.23
7334,2465,24,7,0,5620.44
7335,2465,19,12,0,6738.24
7336,2466,10,8,0,6780.8
7337,2466,21,5,0,4044.85
7338,2466,13,6,0,909.78
7339,2467,13,12,0,1819.56
7340,2467,5,6,0,2538.12
7341,2467,23,12,15,3835.2
7342,2468,8,7,0,2711.31
7343,2468,29,10,0,8366.2
7344,2468,26,7,10,3453.47
7345,2469,3,7,0,234.29
7346,2470,21,11,0,8898.67
7347,2470,2,3,0,106.59
7348,2470,9,8,0,1947.84
7349,2471,18,12,0,6998.64
7350,2472,20,5,0,1215.85
7351,2472,10,6,0,5085.6
7352,2472,7,1,0,585.55
7353,2473,3,6,0,200.82
7354,2473,28,9,0,2195.73
7355,2473,22,9,0,1270.17
7356,2473,2,12,0,426.36
7357,2474,3,9,15,256.05
7358,2474,6,8,0,5266.32
7359,2474,10,5,5,4026.1
7360,2474,29,2,0,1673.24
7361,2474,4,2,0,570.42
7362,2475,8,12,0,4647.96
7363,2475,16,8,0,1594.72
7364,2475,28,12,0,2927.64
7365,2476,18,11,0,6415.42
7366,2477,15,4,0,2376.88
7367,2477,1,5,10,2916.68
7368,2477,23,10,0,3760.0
7369,2477,10,10,10,7628.4
7370,2478,8,1,0,387.33
7371,2479,1,9,5,5541.68
7372,2479,7,6,15,2986.3
7373,2479,16,8,0,1594.72
7374,2480,27,3,10,936.87
7375,2480,9,12,5,2775.67
7376,2480,21,2,5,1537.04
7377,2480,28,6,0,1463.82
7378,2481,17,3,10,226.23
7379,2481,24,3,0,2408.76
7380,2481,10,10,0,8476.0
7381,2481,4,5,0,1426.05
7382,2482,5,2,0,846.04
7383,2482,21,8,0,6471.76
7384,2482,29,4,5,3179.16
7385,2482,16,6,15,1016.63
7386,2482,12,10,0,3919.1
7387,2483,17,9,0,754.11
7388,2483,14,9,0,6108.03
7389,2483,11,5,10,1668.87
7390,2484,6,2,0,1316.58
7391,2484,11,12,0,4450.32
7392,2485,26,6,0,3289.02
7393,2485,2,8,0,284.24
7394,2485,4,12,0,3422.52
7395,2486,27,8,0,2775.92
7396,2486,24,4,0,3211.68
7397,2486,28,8,0,1951.76
7398,2487,4,11,0,3137.31
7399,2487,18,12,5,6648.71
7400,2488,17,12,0,1005.48
7401,2488,1,1,0,648.15
7402,2488,9,3,0,730.44
7403,2488,13,2,0,303.26
7404,2488,3,11,5,349.76
7405,2489,28,8,0,1951.76
7406,2489,4,1,0,285.21
7407,2489,19,9,5,4801.0
7408,2489,10,1,0,847.6
7409,2490,20,10,0,2431.7
7410,2491,15,6,0,3565.32
7411,2491,8,9,0,3485.97
7412,2491,26,8,5,4166.09
7413,2491,7,5,5,2781.36
7414,2491,1,10,0,6481.5
7415,2492,21,12,0,9707.64
7416,2493,24,9,0,7226.28
7417,2494,20,3,0,729.51
7418,2494,21,9,10,6552.66
7419,2494,27,2,0,693.98
7420,2494,13,10,5,1440.48
7421,2494,23,8,0,3008.0
7422,2495,10,2,0,1695.2
7423,2495,9,11,0,2678.28
7424,2496,13,8,0,1213.04
7425,2496,8,12,0,4647.96
7426,2496,7,3,0,1756.65
7427,2496,10,11,0,9323.6
7428,2497,20,11,0,2674.87
7429,2497,10,10,10,7628.4
7430,2498,10,12,0,10171.2
7431,2498,14,12,5,7736.84
7432,2498,24,7,0,5620.44
7433,2498,13,1,0,151.63
7434,2498,23,7,0,2632.0
7435,2499,24,1,0,802.92
7436,2499,25,1,0,365.47
7437,2499,26,4,0,2192.68
7438,2499,20,6,15,1240.17
7439,2500,18,4,0,2332.88
7440,2500,25,10,10,3289.23
7441,2500,29,11,15,7822.4
7442,2501,7,8,10,4215.96
7443,2501,11,11,0,4079.46
7444,2501,5,11,0,4653.22
7445,2501,20,4,0,972.68
7446,2501,3,10,0,334.7
7447,2502,19,3,0,1684.56
7448,2502,21,4,0,3235.88
7449,2502,10,3,15,2161.38
7450,2502,29,4,0,3346.48
7451,2502,2,5,0,177.65
7452,2503,7,9,0,5269.95
7453,2504,27,9,0,3122.91
7454,2504,15,6,0,3565.32
7455,2505,16,11,0,2192.74
7456,2505,21,4,10,2912.29
7457,2506,6,7,0,4608.03
7458,2506,24,5,0,4014.6
7459,2507,1,1,0,648.15
7460,2507,5,3,0,1269.06
7461,2507,24,8,0,6423.36
7462,2508,21,8,0,6471.76
7463,2509,25,7,0,2558.29
7464,2509,16,1,5,189.37
7465,2510,18,4,0,2332.88
7466,2510,13,4,10,545.87
7467,2510,1,7,0,4537.05
7468,2510,8,10,0,3873.3
7469,2511,14,3,0,2036.01
7470,2512,23,2,10,676.8
7471,2512,10,3,0,2542.8
7472,2512,7,4,0,2342.2
7473,2512,4,2,5,541.9
7474,2512,1,8,0,5185.2
7475,2513,6,12,0,7899.48
7476,2513,13,6,0,909.78
7477,2513,9,7,0,1704.36
7478,2514,19,9,5,4801.0
7479,2515,17,9,0,754.11
7480,2515,11,2,5,704.63
7481,2515,8,8,0,3098.64
7482,2516,13,7,0,1061.41
7483,2516,21,7,0,5662.79
7484,2516,5,2,10,761.44
7485,2516,14,6,0,4072.02
7486,2517,26,7,5,3645.33
7487,2518,24,4,0,3211.68
7488,2518,19,12,0,6738.24
7489,2518,29,2,0,1673.24
7490,2519,26,8,0,4385.36
7491,2519,27,1,0,346.99
7492,2519,2,5,10,159.89
7493,2519,3,12,0,401.64
7494,2520,24,3,10,2167.88
7495,2521,6,10,0,6582.9
7496,2521,18,1,0,583.22
7497,2522,18,3,0,1749.66
7498,2522,12,12,0,4702.92
7499,2523,28,10,5,2317.71
7500,2524,16,6,0,1196.04
7501,2524,29,10,0,8366.2
7502,2524,10,7,0,5933.2
7503,2525,17,9,10,678.7
7504,2525,18,3,0,1749.66
7505,2526,4,1,0,285.21
7506,2526,14,8,0,5429.36
7507,2527,21,11,0,8898.67
7508,2527,29,6,0,5019.72
7509,2527,10,5,0,4238.0
7510,2527,4,10,5,2709.5
7511,2528,3,6,10,180.74
7512,2529,1,12,0,7777.8
7513,2530,11,1,0,370.86
7514,2530,3,9,0,301.23
7515,2530,13,7,0,1061.41
7516,2530,5,10,5,4018.69
7517,2531,23,3,0,1128.0
7518,2531,4,2,5,541.9
7519,2532,16,2,10,358.81
7520,2532,28,7,0,1707.79
7521,2533,11,8,0,2966.88
7522,2533,12,7,0,2743.37
7523,2533,23,9,0,3384.0
7524,2533,9,8,0,1947.84
7525,2534,1,5,0,3240.75
7526,2535,8,3,0,1161.99
7527,2535,2,6,0,213.18
7528,2535,19,11,0,6176.72
7529,2536,26,11,0,6029.87
7530,2536,11,12,0,4450.32
7531,2536,21,2,0,1617.94
7532,2536,2,8,0,284.24
7533,2536,17,8,5,636.8
7534,2537,13,3,15,386.66
7535,2537,2,4,0,142.12
7536,2538,8,4,0,1549.32
7537,2538,7,11,0,6441.05
7538,2539,22,5,15,599.8
7539,2539,14,10,0,6786.7
7540,2539,27,2,0,693.98
7541,2539,4,4,10,1026.76
7542,2540,19,12,0,6738.24
7543,2540,16,11,0,2192.74
7544,2541,15,11,0,6536.42
7545,2541,10,10,0,8476.0
7546,2541,17,9,0,754.11
7547,2541,18,9,0,5248.98
7548,2542,4,6,15,1454.57
7549,2542,12,7,10,2469.03
7550,2543,20,10,0,2431.7
7551,2543,5,12,10,4568.62
7552,2544,24,11,0,8832.12
7553,2544,22,1,0,141.13
7554,2544,26,4,0,2192.68
7555,2544,21,3,0,2426.91
7556,2545,1,4,0,2592.6
7557,2546,8,1,0,387.33
7558,2546,13,10,0,1516.3
7559,2546,22,8,0,1129.04
7560,2547,23,11,0,4136.0
7561,2547,11,10,0,3708.6
7562,2548,1,8,0,5185.2
7563,2548,26,10,0,5481.7
7564,2549,16,2,10,358.81
7565,2549,21,12,0,9707.64
7566,2549,8,5,0,1936.65
7567,2549,27,11,0,3816.89
7568,2550,25,6,0,2192.82
7569,2550,12,3,0,1175.73
7570,2550,4,5,0,1426.05
7571,2551,28,8,0,1951.76
7572,2551,13,11,0,1667.93
7573,2551,8,2,5,735.93
7574,2551,24,11,0,8832.12
7575,2551,18,6,0,3499.32
7576,2552,19,2,0,1123.04
7577,2552,23,6,0,2256.0
7578,2552,9,7,0,1704.36
7579,2553,13,3,0,454.89
7580,2553,27,2,0,693.98
7581,2553,4,4,0,1140.84
7582,2553,20,8,0,1945.36
7583,2553,8,2,0,774.66
7584,2554,20,3,0,729.51
7585,2554,6,6,0,3949.74
7586,2554,25,5,0,1827.35
7587,2555,27,2,0,693.98
7588,2555,22,9,10,1143.15
7589,2555,28,3,0,731.91
7590,2555,11,7,0,2596.02
7591,2555,29,9,0,7529.58
7592,2556,18,1,0,583.22
7593,2556,26,4,0,2192.68
7594,2557,25,9,0,3289.23
7595,2557,28,10,0,2439.7
7596,2557,4,3,0,855.63
7597,2558,27,1,0,346.99
7598,2558,20,9,0,2188.53
7599,2558,29,6,0,5019.72
7600,2558,2,9,10,287.79
7601,2558,1,4,0,2592.6
7602,2559,25,6,5,2083.18
7603,2559,12,3,0,1175.73
7604,2560,13,11,0,1667.93
7605,2560,1,11,0,7129.65
7606,2561,6,9,5,5628.38
7607,2561,26,10,0,5481.7
7608,2562,11,1,0,370.86
7609,2562,8,7,0,2711.31
7610,2562,17,5,15,356.11
7611,2563,19,8,0,4492.16
7612,2563,15,8,0,4753.76
7613,2563,25,6,5,2083.18
7614,2563,6,3,0,1974.87
7615,2564,16,2,0,398.68
7616,2565,12,11,10,3879.91
7617,2565,5,5,5,2009.34
7618,2565,8,4,0,1549.32
7619,2565,25,12,5,4166.36
7620,2565,18,10,5,5540.59
7621,2566,13,7,0,1061.41
7622,2567,7,3,0,1756.65
7623,2567,29,4,0,3346.48
7624,2567,26,7,0,3837.19
7625,2567,28,3,0,731.91
7626,2568,13,10,0,1516.3
7627,2568,12,4,0,1567.64
7628,2568,5,4,0,1692.08
7629,2568,16,6,0,1196.04
7630,2569,3,3,0,100.41
7631,2569,11,7,0,2596.02
7632,2569,28,2,0,487.94
7633,2570,3,11,15,312.94
7634,2570,6,3,0,1974.87
7635,2570,29,4,0,3346.48
7636,2570,15,8,0,4753.76
7637,2570,10,3,0,2542.8
7638,2571,7,11,5,6119.0
7639,2572,3,9,10,271.11
7640,2572,21,2,0,1617.94
7641,2572,27,11,0,3816.89
7642,2573,5,11,0,4653.22
7643,2573,28,8,0,1951.76
7644,2574,22,12,0,1693.56
7645,2574,2,10,0,355.3
7646,2574,27,8,0,2775.92
7647,2574,28,3,10,658.72
7648,2574,29,2,0,1673.24
7649,2575,11,5,15,1576.16
7650,2575,24,1,0,802.92
7651,2575,12,7,5,2606.2
7652,2576,19,11,0,6176.72
7653,2577,4,3,0,855.63
7654,2577,3,12,0,401.64
7655,2577,20,12,15,2480.33
7656,2577,8,8,0,3098.64
7657,2577,28,5,0,1219.85
7658,2578,16,2,0,398.68
7659,2579,17,6,10,452.47
7660,2579,29,4,0,3346.48
7661,2579,18,11,0,6415.42
7662,2579,12,8,10,2821.75
7663,2579,13,12,0,1819.56
7664,2580,25,11,0,4020.17
7665,2581,4,5,10,1283.44
7666,2581,14,11,0,7465.37
7667,2581,28,9,0,2195.73
7668,2582,14,6,15,3461.22
7669,2582,26,2,0,1096.34
7670,2582,28,1,0,243.97
7671,2583,14,4,0,2714.68
7672,2583,22,10,0,1411.3
7673,2583,19,8,15,3818.34
7674,2583,3,4,0,133.88
7675,2584,13,2,10,272.93
7676,2584,7,12,0,7026.6
7677,2584,23,8,0,3008.0
7678,2585,1,7,0,4537.05
7679,2585,25,10,0,3654.7
7680,2585,5,9,0,3807.18
7681,2585,6,11,0,7241.19
7682,2585,11,7,0,2596.02
7683,2586,28,10,0,2439.7
7684,2587,7,10,0,5855.5
7685,2588,17,6,0,502.74
7686,2588,16,10,0,1993.4
7687,2589,25,7,0,2558.29
7688,2589,16,7,0,1395.38
7689,2589,3,12,0,401.64
7690,2589,17,12,0,1005.48
7691,2589,12,1,0,391.91
7692,2590,22,8,15,959.68
7693,2590,26,10,0,5481.7
7694,2590,19,9,0,5053.68
7695,2590,2,1,0,35.53
7696,2591,16,11,0,2192.74
7697,2591,8,1,0,387.33
7698,2591,27,4,0,1387.96
7699,2591,17,10,0,837.9
7700,2592,9,2,0,486.96
7701,2592,19,5,0,2807.6
7702,2592,11,7,10,2336.42
7703,2593,27,5,0,1734.95
7704,2593,22,6,0,846.78
7705,2593,18,11,5,6094.65
7706,2593,21,6,0,4853.82
7707,2594,17,8,0,670.32
7708,2594,23,1,0,376.0
7709,2594,28,6,0,1463.82
7710,2595,20,4,5,924.05
7711,2595,21,9,0,7280.73
7712,2596,6,12,0,7899.48
7713,2596,27,7,0,2428.93
7714,2596,16,6,10,1076.44
7715,2597,12,2,0,783.82
7716,2597,17,6,0,502.74
7717,2597,28,6,0,1463.82
7718,2597,9,10,0,2434.8
7719,2598,21,6,0,4853.82
7720,2598,16,5,5,946.86
7721,2599,23,11,10,3722.4
7722,2600,17,8,0,670.32
7723,2600,28,11,0,2683.67
7724,2600,23,3,0,1128.0
7725,2600,27,7,0,2428.93
7726,2600,16,4,0,797.36
7727,2601,17,6,15,427.33
7728,2601,9,6,0,1460.88
7729,2601,3,8,5,254.37
7730,2601,15,6,5,3387.05
7731,2602,15,6,0,3565.32
7732,2602,14,1,0,678.67
7733,2603,18,5,0,2916.1
7734,2603,20,9,0,2188.53
7735,2603,21,12,15,8251.49
7736,2603,12,11,0,4311.01
7737,2603,10,9,10,6865.56
7738,2604,20,3,0,729.51
7739,2604,16,7,0,1395.38
7740,2604,14,10,0,6786.7
7741,2604,4,12,15,2909.14
7742,2604,1,2,0,1296.3
7743,2605,7,12,15,5972.61
7744,2606,21,5,15,3438.12
7745,2606,28,3,0,731.91
7746,2606,16,12,0,2392.08
7747,2606,15,6,0,3565.32
7748,2607,20,3,0,729.51
7749,2607,24,7,0,5620.44
7750,2607,18,2,5,1108.12
7751,2607,8,12,5,4415.56
7752,2608,25,10,5,3471.96
7753,2608,21,2,10,1456.15
7754,2608,28,6,0,1463.82
7755,2608,16,4,0,797.36
7756,2608,17,8,0,670.32
7757,2609,23,9,5,3214.8
7758,2609,18,3,0,1749.66
7759,2610,17,8,0,670.32
7760,2611,29,4,0,3346.48
7761,2611,4,4,0,1140.84
7762,2612,3,3,0,100.41
7763,2612,17,1,10,75.41
7764,2613,12,10,15,3331.24
7765,2614,19,9,0,5053.68
7766,2614,23,9,0,3384.0
7767,2614,2,10,0,355.3
7768,2614,11,4,0,1483.44
7769,2615,25,10,10,3289.23
7770,2615,18,7,0,4082.54
7771,2615,1,11,0,7129.65
7772,2615,6,10,0,6582.9
7773,2615,12,7,0,2743.37
7774,2616,3,5,0,167.35
7775,2616,1,7,0,4537.05
7776,2616,7,6,0,3513.3
7777,2617,13,12,0,1819.56
7778,2618,7,9,0,5269.95
7779,2618,17,10,0,837.9
7780,2619,26,12,0,6578.04
7781,2619,1,8,0,5185.2
7782,2619,29,9,0,7529.58
7783,2619,8,6,0,2323.98
7784,2619,28,2,0,487.94
7785,2620,10,12,0,10171.2
7786,2620,18,6,0,3499.32
7787,2621,19,4,0,2246.08
7788,2621,13,8,0,1213.04
7789,2621,23,5,0,1880.0
7790,2621,6,10,0,6582.9
7791,2621,9,1,0,243.48
7792,2622,22,8,15,959.68
7793,2622,27,10,0,3469.9
7794,2622,14,7,0,4750.69
7795,2622,10,2,0,1695.2
7796,2623,16,8,0,1594.72
7797,2623,10,9,0,7628.4
7798,2623,15,11,5,6209.6
7799,2623,14,1,0,678.67
7800,2623,28,6,0,1463.82
7801,2624,19,2,15,954.58
7802,2624,20,11,0,2674.87
7803,2625,16,10,0,1993.4
7804,2625,18,5,0,2916.1
7805,2625,14,12,0,8144.04
7806,2626,2,8,0,284.24
7807,2626,5,7,0,2961.14
7808,2626,9,12,10,2629.58
7809,2626,18,3,5,1662.18
7810,2626,20,7,10,1531.97
7811,2627,19,5,0,2807.6
7812,2627,1,9,0,5833.35
7813,2627,25,12,0,4385.64
7814,2627,16,11,10,1973.47
7815,2628,13,10,10,1364.67
7816,2628,4,9,0,2566.89
7817,2629,6,11,5,6879.13
7818,2629,3,10,0,334.7
7819,2629,29,6,0,5019.72
7820,2629,20,1,0,243.17
7821,2629,27,10,0,3469.9
7822,2630,24,10,0,8029.2
7823,2630,1,2,10,1166.67
7824,2630,22,2,0,282.26
7825,2631,23,7,0,2632.0
7826,2631,20,12,0,2918.04
7827,2631,28,3,0,731.91
7828,2631,8,12,0,4647.96
7829,2631,12,4,0,1567.64
7830,2632,15,3,0,1782.66
7831,2632,4,1,0,285.21
7832,2633,14,6,0,4072.02
7833,2634,9,10,0,2434.8
7834,2634,20,12,0,2918.04
7835,2634,15,11,0,6536.42
7836,2634,29,7,10,5270.71
7837,2635,29,12,0,10039.44
7838,2635,5,8,0,3384.16
7839,2635,15,3,0,1782.66
7840,2635,3,6,5,190.78
7841,2636,28,6,0,1463.82
7842,2636,18,3,0,1749.66
7843,2636,16,12,10,2152.87
7844,2637,6,2,0,1316.58
7845,2637,26,3,10,1480.06
7846,2637,15,5,5,2822.54
7847,2637,13,7,0,1061.41
7848,2638,14,11,5,7092.1
7849,2638,5,11,0,4653.22
7850,2638,22,2,0,282.26
7851,2639,14,9,0,6108.03
7852,2640,21,1,0,808.97
7853,2640,25,9,0,3289.23
7854,2640,9,1,0,243.48
7855,2640,4,11,15,2666.71
7856,2640,27,6,0,2081.94
7857,2641,21,9,0,7280.73
7858,2642,16,7,5,1325.61
7859,2642,6,5,15,2797.73
7860,2642,19,1,0,561.52
7861,2643,18,6,5,3324.35
7862,2643,15,2,0,1188.44
7863,2643,19,3,0,1684.56
7864,2643,21,4,5,3074.09
7865,2643,4,11,0,3137.31
7866,2644,22,9,0,1270.17
7867,2644,24,4,0,3211.68
7868,2645,10,10,10,7628.4
7869,2645,3,6,0,200.82
7870,2646,16,12,0,2392.08
7871,2646,23,3,10,1015.2
7872,2646,11,9,0,3337.74
7873,2646,1,3,0,1944.45
7874,2647,7,10,15,4977.18
7875,2648,7,5,0,2927.75
7876,2649,27,11,0,3816.89
7877,2649,25,3,10,986.77
7878,2649,22,10,5,1340.74
7879,2650,23,8,10,2707.2
7880,2651,22,10,15,1199.6
7881,2651,4,6,0,1711.26
7882,2652,21,7,0,5662.79
7883,2652,22,8,0,1129.04
7884,2652,19,2,0,1123.04
7885,2652,13,11,0,1667.93
7886,2652,20,9,0,2188.53
7887,2653,18,6,0,3499.32
7888,2653,15,3,0,1782.66
7889,2654,10,7,0,5933.2
7890,2654,3,1,0,33.47
7891,2655,11,11,0,4079.46
7892,2655,20,12,0,2918.04
7893,2655,21,10,0,8089.7
7894,2655,7,2,0,1171.1
7895,2656,21,11,5,8453.74
7896,2657,4,10,10,2566.89
7897,2657,22,10,0,1411.3
7898,2657,28,12,0,2927.64
7899,2657,8,9,0,3485.97
7900,2657,14,9,0,6108.03
7901,2658,27,5,0,1734.95
7902,2658,25,6,10,1973.54
7903,2659,5,5,10,1903.59
7904,2659,21,11,0,8898.67
7905,2660,20,7,0,1702.19
7906,2660,3,2,0,66.94
7907,2660,16,8,15,1355.51
7908,2660,25,1,0,365.47
7909,2661,18,9,15,4461.63
7910,2661,7,8,15,3981.74
7911,2661,24,10,0,8029.2
7912,2662,26,5,0,2740.85
7913,2662,23,11,5,3929.2
7914,2662,27,12,0,4163.88
7915,2662,17,1,0,83.79
7916,2663,14,2,10,1221.61
7917,2663,2,5,0,177.65
7918,2664,13,9,0,1364.67
7919,2664,8,3,0,1161.99
7920,2664,3,11,0,368.17
7921,2664,27,6,0,2081.94
7922,2664,20,12,5,2772.14
7923,2665,27,1,0,346.99
7924,2666,2,6,0,213.18
7925,2666,3,9,0,301.23
7926,2667,27,12,0,4163.88
7927,2667,16,9,0,1794.06
7928,2667,12,9,0,3527.19
7929,2667,23,3,0,1128.0
7930,2668,4,4,0,1140.84
7931,2669,7,4,0,2342.2
7932,2669,20,12,0,2918.04
7933,2670,19,8,0,4492.16
7934,2670,3,4,0,133.88
7935,2671,7,1,5,556.27
7936,2671,14,1,0,678.67
7937,2671,13,7,0,1061.41
7938,2671,22,4,0,564.52
7939,2671,6,12,0,7899.48
7940,2672,27,4,0,1387.96
7941,2673,29,7,0,5856.34
7942,2673,7,4,0,2342.2
7943,2674,14,3,0,2036.01
7944,2675,8,10,0,3873.3
7945,2675,11,11,10,3671.51
7946,2676,27,12,0,4163.88
7947,2676,20,11,0,2674.87
7948,2676,22,5,0,705.65
7949,2676,6,4,10,2369.84
7950,2676,18,11,10,5773.88
7951,2677,22,12,0,1693.56
7952,2677,9,1,0,243.48
7953,2677,14,7,0,4750.69
7954,2677,1,7,0,4537.05
7955,2678,13,8,0,1213.04
7956,2678,18,5,10,2624.49
7957,2679,9,1,0,243.48
7958,2679,18,12,10,6298.78
7959,2679,15,8,5,4516.07
7960,2679,2,3,0,106.59
7961,2680,8,2,10,697.19
7962,2680,23,11,0,4136.0
7963,2681,11,8,10,2670.19
7964,2681,12,2,10,705.44
7965,2682,25,3,0,1096.41
7966,2682,23,12,0,4512.0
7967,2682,7,5,0,2927.75
7968,2683,9,5,0,1217.4
7969,2683,7,9,0,5269.95
7970,2683,16,5,0,996.7
7971,2683,10,5,5,4026.1
7972,2684,25,2,0,730.94
7973,2684,3,2,10,60.25
7974,2684,19,7,10,3537.58
7975,2685,5,9,0,3807.18
7976,2686,14,3,0,2036.01
7977,2686,17,9,0,754.11
7978,2687,27,2,0,693.98
7979,2687,25,2,15,621.3
7980,2687,13,4,0,606.52
7981,2687,4,1,0,285.21
7982,2688,23,2,0,752.0
7983,2688,26,12,10,5920.24
7984,2689,21,7,10,5096.51
7985,2689,11,10,10,3337.74
7986,2690,28,8,0,1951.76
7987,2690,22,10,0,1411.3
7988,2691,10,4,0,3390.4
7989,2691,1,4,0,2592.6
7990,2691,8,12,0,4647.96
7991,2691,13,6,0,909.78
7992,2691,18,1,0,583.22
7993,2692,22,6,0,846.78
7994,2692,17,5,0,418.95
7995,2693,14,4,10,2443.21
7996,2693,2,11,0,390.83
7997,2693,24,1,0,802.92
7998,2693,29,7,0,5856.34
7999,2694,27,9,0,3122.91
8000,2694,19,2,0,1123.04
8001,2694,23,4,0,1504.0
8002,2695,13,6,0,909.78
8003,2695,12,11,10,3879.91
8004,2696,15,8,0,4753.76
8005,2697,8,9,0,3485.97
8006,2697,6,5,5,3126.88
8007,2697,2,9,0,319.77
8008,2697,26,3,0,1644.51
8009,2697,22,3,0,423.39
8010,2698,10,7,0,5933.2
8011,2699,4,10,0,2852.1
8012,2700,27,6,0,2081.94
8013,2700,29,1,5,794.79
8014,2700,6,3,5,1876.13
8015,2701,2,1,0,35.53
8016,2701,8,7,15,2304.61
8017,2702,27,7,10,2186.04
8018,2703,11,4,0,1483.44
8019,2704,25,10,0,3654.7
8020,2705,25,11,0,4020.17
8021,2706,6,11,0,7241.19
8022,2706,17,7,0,586.53
8023,2706,20,5,0,1215.85
8024,2706,10,11,0,9323.6
8025,2706,11,10,0,3708.6
8026,2707,10,11,0,9323.6
8027,2707,1,8,15,4407.42
8028,2708,24,11,0,8832.12
8029,2708,23,8,0,3008.0
8030,2708,3,8,0,267.76
8031,2709,22,6,10,762.1
8032,2709,25,4,0,1461.88
8033,2709,12,3,0,1175.73
8034,2709,24,5,0,4014.6
8035,2709,3,11,0,368.17
8036,2710,24,5,0,4014.6
8037,2710,5,3,5,1205.61
8038,2710,26,6,0,3289.02
8039,2710,13,12,0,1819.56
8040,2711,8,3,0,1161.99
8041,2711,5,1,0,423.02
8042,2711,13,8,10,1091.74
8043,2712,15,4,10,2139.19
8044,2712,24,7,0,5620.44
8045,2712,2,3,0,106.59
8046,2712,26,11,5,5728.38
8047,2712,13,6,0,909.78
8048,2713,19,7,15,3341.04
8049,2713,2,8,0,284.24
8050,2713,17,12,0,1005.48
8051,2713,12,8,0,3135.28
8052,2714,1,6,15,3305.56
8053,2714,26,6,0,3289.02
8054,2714,8,6,0,2323.98
8055,2714,29,11,5,8742.68
8056,2715,21,4,0,3235.88
8057,2715,27,4,0,1387.96
8058,2715,5,4,0,1692.08
8059,2715,12,12,15,3997.48
8060,2715,9,4,0,973.92
8061,2716,23,6,15,1917.6
8062,2716,4,8,0,2281.68
8063,2716,19,9,0,5053.68
8064,2716,2,7,10,223.84
8065,2716,5,6,0,2538.12
8066,2717,22,7,5,938.51
8067,2717,2,3,0,106.59
8068,2718,27,11,0,3816.89
8069,2718,18,8,5,4432.47
8070,2718,5,5,0,2115.1
8071,2718,8,10,10,3485.97
8072,2718,15,7,10,3743.59
8073,2719,10,6,0,5085.6
8074,2719,17,9,0,754.11
8075,2720,15,9,0,5347.98
8076,2720,12,7,0,2743.37
8077,2720,13,3,0,454.89
8078,2720,23,8,5,2857.6
8079,2721,14,10,0,6786.7
8080,2721,9,11,15,2276.54
8081,2721,10,3,15,2161.38
8082,2721,26,5,0,2740.85
8083,2722,2,3,0,106.59
8084,2722,4,11,10,2823.58
8085,2722,1,7,0,4537.05
8086,2722,9,10,10,2191.32
8087,2722,11,4,5,1409.27
8088,2723,18,4,15,1982.95
8089,2723,15,12,0,7130.64
8090,2723,28,3,0,731.91
8091,2723,11,8,0,2966.88
8092,2724,21,9,0,7280.73
8093,2724,2,12,0,426.36
8094,2724,10,11,10,8391.24
8095,2724,22,1,0,141.13
8096,2724,26,11,0,6029.87
8097,2725,12,1,5,372.31
8098,2726,12,2,0,783.82
8099,2726,18,6,0,3499.32
8100,2726,27,6,5,1977.84
8101,2727,2,4,5,135.01
8102,2727,12,5,0,1959.55
8103,2728,12,10,15,3331.24
8104,2728,24,6,0,4817.52
8105,2728,22,10,0,1411.3
8106,2729,28,6,0,1463.82
8107,2729,7,12,0,7026.6
8108,2729,29,3,0,2509.86
8109,2729,21,5,5,3842.61
8110,2730,12,3,5,1116.94
8111,2730,11,3,0,1112.58
8112,2730,15,3,10,1604.39
8113,2730,29,7,0,5856.34
8114,2730,9,2,0,486.96
8115,2731,18,3,5,1662.18
8116,2731,4,9,0,2566.89
8117,2731,6,9,0,5924.61
8118,2731,3,11,10,331.35
8119,2732,3,12,15,341.39
8120,2732,8,4,0,1549.32
8121,2732,1,2,10,1166.67
8122,2733,6,2,0,1316.58
8123,2733,11,1,0,370.86
8124,2733,28,3,0,731.91
8125,2733,2,7,10,223.84
8126,2734,22,3,0,423.39
8127,2734,13,1,5,144.05
8128,2734,1,10,5,6157.42
8129,2734,28,12,0,2927.64
8130,2735,1,10,0,6481.5
8131,2735,28,10,0,2439.7
8132,2735,8,3,0,1161.99
8133,2735,14,8,10,4886.42
8134,2736,17,6,0,502.74
8135,2736,4,6,10,1540.13
8136,2736,10,2,0,1695.2
8137,2736,28,6,0,1463.82
8138,2736,15,2,0,1188.44
8139,2737,14,5,0,3393.35
8140,2737,25,11,0,4020.17
8141,2737,16,7,0,1395.38
8142,2737,4,3,0,855.63
8143,2737,13,2,0,303.26
8144,2738,10,12,5,9662.64
8145,2738,22,2,0,282.26
8146,2738,27,6,0,2081.94
8147,2739,17,10,0,837.9
8148,2740,4,5,0,1426.05
8149,2740,2,4,10,127.91
8150,2740,1,9,10,5250.02
8151,2741,22,8,0,1129.04
8152,2742,2,11,0,390.83
8153,2743,29,5,5,3973.94
8154,2743,17,8,0,670.32
8155,2743,3,7,10,210.86
8156,2744,28,12,0,2927.64
8157,2744,16,11,0,2192.74
8158,2744,20,8,0,1945.36
8159,2745,7,9,0,5269.95
8160,2745,3,1,10,30.12
8161,2745,8,3,15,987.69
8162,2746,7,12,0,7026.6
8163,2747,2,7,5,236.27
8164,2747,6,4,0,2633.16
8165,2747,17,8,10,603.29
8166,2748,11,12,15,3782.77
8167,2749,5,6,10,2284.31
8168,2749,3,6,15,170.7
8169,2749,21,9,0,7280.73
8170,2749,4,7,0,1996.47
8171,2750,13,3,0,454.89
8172,2750,7,6,0,3513.3
8173,2750,16,12,0,2392.08
8174,2751,12,8,0,3135.28
8175,2751,17,5,0,418.95
8176,2752,5,11,15,3955.24
8177,2752,2,2,5,67.51
8178,2752,20,11,0,2674.87
8179,2752,6,6,0,3949.74
8180,2753,9,1,0,243.48
8181,2754,7,4,0,2342.2
8182,2755,13,2,0,303.26
8183,2755,2,3,0,106.59
8184,2755,23,10,0,3760.0
8185,2756,5,2,0,846.04
8186,2757,13,12,0,1819.56
8187,2758,28,2,10,439.15
8188,2758,13,3,5,432.15
8189,2758,18,10,10,5248.98
8190,2758,23,11,0,4136.0
8191,2758,15,8,0,4753.76
8192,2759,11,10,0,3708.6
8193,2760,16,4,0,797.36
8194,2760,23,12,10,4060.8
8195,2761,1,12,0,7777.8
8196,2762,27,11,0,3816.89
8197,2762,2,4,0,142.12
8198,2762,25,4,0,1461.88
8199,2762,15,1,0,594.22
8200,2763,19,6,0,3369.12
8201,2763,11,11,0,4079.46
8202,2763,14,9,0,6108.03
8203,2763,13,4,0,606.52
8204,2764,15,10,10,5347.98
8205,2764,12,12,15,3997.48
8206,2764,20,3,0,729.51
8207,2764,6,8,0,5266.32
8208,2765,11,1,0,370.86
8209,2765,4,8,10,2053.51
8210,2765,21,3,0,2426.91
8211,2765,15,9,0,5347.98
8212,2765,1,1,0,648.15
8213,2766,8,5,10,1742.98
8214,2766,6,3,0,1974.87
8215,2767,16,12,0,2392.08
8216,2767,20,2,0,486.34
8217,2768,14,3,0,2036.01
8218,2768,17,6,0,502.74
8219,2769,7,7,0,4098.85
8220,2769,19,11,0,6176.72
8221,2770,18,10,0,5832.2
8222,2770,28,7,10,1537.01
8223,2770,13,9,0,1364.67
8224,2771,22,7,15,839.72
8225,2771,17,5,10,377.06
8226,2772,2,9,0,319.77
8227,2772,24,1,5,762.77
8228,2773,15,5,0,2971.1
8229,2773,7,3,0,1756.65
8230,2773,28,2,15,414.75
8231,2774,16,6,0,1196.04
8232,2774,22,12,15,1439.53
8233,2774,17,1,5,79.6
8234,2774,7,10,0,5855.5
8235,2775,22,11,0,1552.43
8236,2776,15,1,0,594.22
8237,2776,25,12,0,4385.64
8238,2776,16,11,0,2192.74
8239,2776,14,2,15,1153.74
8240,2777,19,12,0,6738.24
8241,2777,14,11,0,7465.37
8242,2777,26,10,0,5481.7
8243,2778,16,5,10,897.03
8244,2778,2,12,0,426.36
8245,2778,21,6,0,4853.82
8246,2778,13,8,0,1213.04
8247,2778,8,6,0,2323.98
8248,2779,16,8,0,1594.72
8249,2779,28,5,0,1219.85
8250,2779,12,8,0,3135.28
8251,2780,5,4,0,1692.08
8252,2780,25,10,0,3654.7
8253,2781,1,7,0,4537.05
8254,2781,29,8,10,6023.66
8255,2781,3,8,0,267.76
8256,2782,23,8,0,3008.0
8257,2782,28,8,10,1756.58
8258,2782,3,3,0,100.41
8259,2782,24,3,0,2408.76
8260,2783,16,1,0,199.34
8261,2783,27,3,0,1040.97
8262,2783,28,6,0,1463.82
8263,2783,14,7,10,4275.62
8264,2784,23,7,0,2632.0
8265,2784,28,6,0,1463.82
8266,2785,27,3,0,1040.97
8267,2785,14,10,0,6786.7
8268,2786,10,1,0,847.6
8269,2787,18,5,5,2770.3
8270,2787,14,6,0,4072.02
8271,2788,25,7,5,2430.38
8272,2788,21,3,10,2184.22
8273,2788,22,5,0,705.65
8274,2788,29,9,0,7529.58
8275,2789,21,8,0,6471.76
8276,2789,26,10,0,5481.7
8277,2790,11,7,0,2596.02
8278,2790,2,3,5,101.26
8279,2790,28,8,0,1951.76
8280,2790,3,11,15,312.94
8281,2791,6,2,0,1316.58
8282,2792,26,10,15,4659.44
8283,2792,3,5,0,167.35
8284,2792,10,3,0,2542.8
8285,2792,6,4,0,2633.16
8286,2793,20,7,0,1702.19
8287,2793,3,8,0,267.76
8288,2794,8,6,10,2091.58
8289,2794,29,11,0,9202.82
8290,2795,11,7,0,2596.02
8291,2795,17,10,10,754.11
8292,2795,19,2,0,1123.04
8293,2795,14,10,5,6447.36
8294,2795,2,3,0,106.59
8295,2796,24,12,0,9635.04
8296,2796,21,6,0,4853.82
8297,2796,9,12,0,2921.76
8298,2797,13,10,0,1516.3
8299,2797,9,8,5,1850.45
8300,2797,15,2,0,1188.44
8301,2798,21,7,5,5379.65
8302,2798,25,4,0,1461.88
8303,2798,22,4,0,564.52
8304,2799,15,6,0,3565.32
8305,2799,3,11,0,368.17
8306,2800,4,6,0,1711.26
8307,2800,3,10,0,334.7
8308,2800,22,6,0,846.78
8309,2800,17,12,10,904.93
8310,2800,28,4,0,975.88
8311,2801,17,4,0,335.16
8312,2801,23,12,0,4512.0
8313,2801,14,10,0,6786.7
8314,2801,9,10,0,2434.8
8315,2801,27,4,0,1387.96
8316,2802,9,10,0,2434.8
8317,2802,10,8,0,6780.8
8318,2802,28,1,0,243.97
8319,2802,4,6,0,1711.26
8320,2803,12,3,5,1116.94
8321,2803,28,10,0,2439.7
8322,2803,26,6,0,3289.02
8323,2803,2,2,0,71.06
8324,2804,20,10,0,2431.7
8325,2804,21,12,0,9707.64
8326,2804,26,5,0,2740.85
8327,2804,12,2,0,783.82
8328,2805,2,12,0,426.36
8329,2805,8,3,0,1161.99
8330,2805,29,6,0,5019.72
8331,2806,4,4,0,1140.84
8332,2806,2,4,0,142.12
8333,2806,18,11,0,6415.42
8334,2806,13,1,0,151.63
8335,2807,6,8,0,5266.32
8336,2807,22,9,0,1270.17
8337,2807,11,3,0,1112.58
8338,2807,8,5,0,1936.65
8339,2807,4,6,0,1711.26
8340,2808,10,9,0,7628.4
8341,2808,13,4,0,606.52
8342,2808,23,11,0,4136.0
8343,2808,8,4,0,1549.32
8344,2808,18,10,0,5832.2
8345,2809,23,12,0,4512.0
8346,2809,13,1,0,151.63
8347,2809,14,12,0,8144.04
8348,2810,13,5,0,758.15
8349,2810,9,4,0,973.92
8350,2810,24,7,0,5620.44
8351,2810,19,7,10,3537.58
8352,2810,20,12,0,2918.04
8353,2811,19,5,0,2807.6
8354,2811,13,4,0,606.52
8355,2811,2,3,5,101.26
8356,2812,15,11,0,6536.42
8357,2813,1,6,5,3694.45
8358,2814,26,11,0,6029.87
8359,2814,2,7,0,248.71
8360,2814,1,9,15,4958.35
8361,2814,18,3,0,1749.66
8362,2815,10,5,10,3814.2
8363,2816,15,12,0,7130.64
8364,2816,10,10,10,7628.4
8365,2817,23,10,10,3384.0
8366,2817,5,3,15,1078.7
8367,2818,22,1,0,141.13
8368,2819,25,8,5,2777.57
8369,2819,10,6,0,5085.6
8370,2819,3,3,0,100.41
8371,2819,13,6,0,909.78
8372,2819,24,12,0,9635.04
8373,2820,6,11,15,6155.01
8374,2821,22,7,0,987.91
8375,2821,16,3,0,598.02
8376,2821,23,6,10,2030.4
8377,2822,16,6,0,1196.04
8378,2822,22,10,0,1411.3
8379,2822,6,10,0,6582.9
8380,2823,12,12,0,4702.92
8381,2824,17,8,5,636.8
8382,2824,16,2,0,398.68
8383,2825,9,2,5,462.61
8384,2825,11,9,0,3337.74
8385,2826,25,2,0,730.94
8386,2826,17,6,0,502.74
8387,2827,19,7,0,3930.64
8388,2828,8,7,0,2711.31
8389,2828,12,9,0,3527.19
8390,2828,4,1,0,285.21
8391,2828,2,9,0,319.77
8392,2829,13,12,0,1819.56
8393,2829,3,3,0,100.41
8394,2829,19,9,10,4548.31
8395,2829,10,2,5,1610.44
8396,2830,2,3,0,106.59
8397,2830,19,2,10,1010.74
8398,2830,15,5,0,2971.1
8399,2830,13,4,0,606.52
8400,2831,17,1,0,83.79
8401,2831,27,1,10,312.29
8402,2831,7,11,5,6119.0
8403,2831,25,12,0,4385.64
8404,2831,10,4,10,3051.36
8405,2832,29,4,0,3346.48
8406,2833,8,3,0,1161.99
8407,2833,2,9,10,287.79
8408,2834,27,11,0,3816.89
8409,2834,29,11,5,8742.68
8410,2834,1,7,0,4537.05
8411,2834,17,1,0,83.79
8412,2835,29,1,0,836.62
8413,2835,8,11,0,4260.63
8414,2835,4,12,0,3422.52
8415,2835,17,12,0,1005.48
8416,2836,8,1,0,387.33
8417,2837,7,4,0,2342.2
8418,2838,9,1,0,243.48
8419,2838,19,6,0,3369.12
8420,2838,20,12,0,2918.04
8421,2838,6,2,0,1316.58
8422,2839,15,3,0,1782.66
8423,2839,2,7,0,248.71
8424,2839,8,4,0,1549.32
8425,2839,25,3,0,1096.41
8426,2839,14,9,5,5802.63
8427,2840,8,5,0,1936.65
8428,2840,6,5,0,3291.45
8429,2840,3,9,0,301.23
8430,2840,29,6,0,5019.72
8431,2840,24,9,0,7226.28
8432,2841,8,10,0,3873.3
8433,2841,5,5,15,1797.83
8434,2842,19,5,0,2807.6
8435,2842,23,7,0,2632.0
8436,2842,6,2,0,1316.58
8437,2843,14,1,0,678.67
8438,2843,4,8,0,2281.68
8439,2843,18,10,0,5832.2
8440,2843,7,11,5,6119.0
8441,2844,1,4,0,2592.6
8442,2844,26,3,0,1644.51
8443,2844,11,2,0,741.72
8444,2844,15,1,0,594.22
8445,2845,5,4,0,1692.08
8446,2845,29,10,0,8366.2
8447,2846,21,12,0,9707.64
8448,2846,28,11,10,2415.3
8449,2846,22,4,0,564.52
8450,2847,11,8,0,2966.88
8451,2847,20,1,0,243.17
8452,2847,13,11,10,1501.14
8453,2848,5,5,5,2009.34
8454,2848,15,4,0,2376.88
8455,2848,21,9,0,7280.73
8456,2848,16,1,0,199.34
8457,2848,29,5,0,4183.1
8458,2849,14,6,0,4072.02
8459,2849,12,4,0,1567.64
8460,2850,2,12,5,405.04
8461,2850,11,6,5,2113.9
8462,2850,9,8,0,1947.84
8463,2850,7,7,0,4098.85
8464,2851,25,8,0,2923.76
8465,2851,16,9,0,1794.06
8466,2851,11,10,5,3523.17
8467,2851,9,5,0,1217.4
8468,2852,28,2,0,487.94
8469,2852,17,10,10,754.11
8470,2853,14,10,0,6786.7
8471,2854,14,8,0,5429.36
8472,2854,23,7,0,2632.0
8473,2854,2,12,0,426.36
8474,2855,18,1,10,524.9
8475,2856,15,7,0,4159.54
8476,2856,4,12,0,3422.52
8477,2857,3,7,0,234.29
8478,2857,20,11,0,2674.87
8479,2857,22,1,5,134.07
8480,2858,5,5,0,2115.1
8481,2859,2,4,10,127.91
8482,2859,14,2,5,1289.47
8483,2859,28,11,0,2683.67
8484,2859,7,12,5,6675.27
8485,2860,27,3,0,1040.97
8486,2860,15,1,0,594.22
8487,2860,29,2,0,1673.24
8488,2860,13,2,0,303.26
8489,2861,20,10,0,2431.7
8490,2861,1,12,0,7777.8
8491,2861,3,9,0,301.23
8492,2861,14,5,0,3393.35
8493,2862,12,8,0,3135.28
8494,2862,17,2,0,167.58
8495,2862,5,12,0,5076.24
8496,2862,2,12,0,426.36
8497,2862,7,3,0,1756.65
8498,2863,6,11,15,6155.01
8499,2863,24,7,0,5620.44
8500,2863,20,1,0,243.17
8501,2863,17,1,0,83.79
8502,2864,22,7,0,987.91
8503,2864,10,3,0,2542.8
8504,2864,15,1,0,594.22
8505,2864,28,10,0,2439.7
8506,2865,26,5,0,2740.85
8507,2866,27,4,5,1318.56
8508,2866,4,5,0,1426.05
8509,2866,26,1,0,548.17
8510,2866,11,11,10,3671.51
8511,2867,10,12,0,10171.2
8512,2867,12,8,0,3135.28
8513,2868,29,10,0,8366.2
8514,2869,29,12,15,8533.52
8515,2869,17,8,0,670.32
8516,2869,12,4,0,1567.64
8517,2869,3,12,0,401.64
8518,2869,9,12,0,2921.76
8519,2870,6,2,0,1316.58
8520,2870,20,10,10,2188.53
8521,2870,8,6,10,2091.58
8522,2871,8,3,0,1161.99
8523,2871,16,6,0,1196.04
8524,2871,18,11,10,5773.88
8525,2871,1,6,5,3694.45
8526,2871,11,12,0,4450.32
8527,2872,7,6,0,3513.3
8528,2872,13,12,5,1728.58
8529,2873,26,3,0,1644.51
8530,2873,11,10,0,3708.6
8531,2873,18,7,15,3470.16
8532,2873,21,6,0,4853.82
8533,2874,11,3,10,1001.32
8534,2874,22,11,0,1552.43
8535,2874,7,8,10,4215.96
8536,2875,22,6,0,846.78
8537,2875,26,7,10,3453.47
8538,2875,4,2,0,570.42
8539,2875,9,10,0,2434.8
8540,2876,3,6,0,200.82
8541,2876,4,11,0,3137.31
8542,2876,13,8,0,1213.04
8543,2877,10,1,0,847.6
8544,2877,3,6,5,190.78
8545,2878,28,10,0,2439.7
8546,2878,14,6,0,4072.02
8547,2879,21,10,15,6876.25
8548,2879,22,3,10,381.05
8549,2880,28,2,0,487.94
8550,2880,21,7,0,5662.79
8551,2880,22,2,0,282.26
8552,2880,29,9,0,7529.58
8553,2881,25,2,0,730.94
8554,2881,15,10,0,5942.2
8555,2881,12,1,15,333.12
8556,2881,14,5,0,3393.35
8557,2881,4,9,0,2566.89
8558,2882,26,11,5,5728.38
8559,2882,27,12,0,4163.88
8560,2883,11,12,0,4450.32
8561,2883,2,6,5,202.52
8562,2883,16,9,5,1704.36
8563,2884,17,4,5,318.4
8564,2884,13,10,0,1516.3
8565,2884,24,6,10,4335.77
8566,2884,18,12,0,6998.64
8567,2885,26,4,0,2192.68
8568,2886,2,3,0,106.59
8569,2886,9,12,0,2921.76
8570,2886,24,4,0,3211.68
8571,2886,17,12,0,1005.48
8572,2887,25,8,0,2923.76
8573,2888,20,4,0,972.68
8574,2888,4,7,0,1996.47
8575,2888,9,5,0,1217.4
8576,2889,22,11,0,1552.43
8577,2889,19,2,15,954.58
8578,2889,16,4,0,797.36
8579,2889,28,1,0,243.97
8580,2889,8,1,0,387.33
8581,2890,4,4,10,1026.76
8582,2891,29,2,0,1673.24
8583,2892,18,7,0,4082.54
8584,2893,27,1,0,346.99
8585,2893,13,12,10,1637.6
8586,2893,7,10,0,5855.5
8587,2893,2,5,15,151.0
8588,2894,20,4,0,972.68
8589,2894,29,5,5,3973.94
8590,2894,2,7,10,223.84
8591,2895,13,10,10,1364.67
8592,2895,9,1,0,243.48
8593,2895,19,11,0,6176.72
8594,2895,29,8,10,6023.66
8595,2895,22,1,10,127.02
8596,2896,3,1,0,33.47
8597,2896,20,5,5,1155.06
8598,2896,26,12,15,5591.33
8599,2897,15,2,0,1188.44
8600,2897,9,7,0,1704.36
8601,2897,26,12,0,6578.04
8602,2897,11,10,0,3708.6
8603,2897,1,10,0,6481.5
8604,2898,21,1,5,768.52
8605,2898,4,7,0,1996.47
8606,2898,3,1,0,33.47
8607,2898,24,8,0,6423.36
8608,2899,27,5,0,1734.95
8609,2899,6,9,0,5924.61
8610,2899,15,2,0,1188.44
8611,2899,16,2,0,398.68
8612,2900,25,8,0,2923.76
8613,2901,3,4,10,120.49
8614,2901,19,10,0,5615.2
8615,2901,11,8,0,2966.88
8616,2902,14,9,0,6108.03
8617,2902,29,12,5,9537.47
8618,2902,13,8,5,1152.39
8619,2903,6,2,0,1316.58
8620,2903,23,1,0,376.0
8621,2903,5,11,0,4653.22
8622,2903,2,3,0,106.59
8623,2904,7,9,0,5269.95
8624,2905,29,3,5,2384.37
8625,2905,14,8,0,5429.36
8626,2905,19,5,0,2807.6
8627,2905,20,12,0,2918.04
8628,2905,5,10,5,4018.69
8629,2906,22,5,0,705.65
8630,2907,13,8,0,1213.04
8631,2907,15,3,0,1782.66
8632,2907,1,8,5,4925.94
8633,2907,5,5,0,2115.1
8634,2907,21,3,0,2426.91
8635,2908,27,6,15,1769.65
8636,2908,3,7,0,234.29
8637,2908,6,2,0,1316.58
8638,2908,17,11,0,921.69
8639,2908,19,3,0,1684.56
8640,2909,3,8,0,267.76
8641,2909,22,8,0,1129.04
8642,2910,15,12,0,7130.64
8643,2910,10,11,0,9323.6
8644,2910,20,3,0,729.51
8645,2910,25,7,5,2430.38
8646,2911,6,4,0,2633.16
8647,2911,15,6,0,3565.32
8648,2912,23,8,0,3008.0
8649,2912,16,4,5,757.49
8650,2912,27,12,0,4163.88
8651,2912,1,8,15,4407.42
8652,2912,19,12,15,5727.5
8653,2913,14,3,0,2036.01
8654,2913,13,3,0,454.89
8655,2914,10,1,0,847.6
8656,2914,12,8,0,3135.28
8657,2914,8,8,0,3098.64
8658,2914,27,6,0,2081.94
8659,2914,16,12,0,2392.08
8660,2915,24,12,5,9153.29
8661,2915,28,6,0,1463.82
8662,2915,19,11,0,6176.72
8663,2915,1,9,5,5541.68
8664,2915,5,2,5,803.74
8665,2916,21,5,0,4044.85
8666,2917,23,2,5,714.4
8667,2917,28,2,0,487.94
8668,2917,25,2,0,730.94
8669,2917,20,5,0,1215.85
8670,2918,11,7,0,2596.02
8671,2918,29,9,5,7153.1
8672,2918,15,4,0,2376.88
8673,2918,21,3,0,2426.91
8674,2919,28,2,0,487.94
8675,2919,9,10,0,2434.8
8676,2920,27,8,0,2775.92
8677,2920,23,11,0,4136.0
8678,2921,20,5,10,1094.26
8679,2921,18,8,0,4665.76
8680,2921,23,2,15,639.2
8681,2921,16,11,0,2192.74
8682,2921,8,3,0,1161.99
8683,2922,9,9,0,2191.32
8684,2923,22,3,15,359.88
8685,2923,15,5,5,2822.54
8686,2924,18,1,0,583.22
8687,2924,5,6,10,2284.31
8688,2924,26,1,10,493.35
8689,2924,2,9,0,319.77
8690,2925,13,9,0,1364.67
8691,2926,22,9,0,1270.17
8692,2926,6,1,0,658.29
8693,2926,26,5,10,2466.76
8694,2926,1,3,5,1847.23
8695,2926,15,6,0,3565.32
8696,2927,6,4,0,2633.16
8697,2927,13,11,0,1667.93
8698,2928,5,4,5,1607.48
8699,2928,8,2,10,697.19
8700,2928,3,3,0,100.41
8701,2928,14,7,0,4750.69
8702,2929,7,2,0,1171.1
8703,2929,11,3,0,1112.58
8704,2929,20,11,0,2674.87
8705,2929,10,3,5,2415.66
8706,2929,27,9,0,3122.91
8707,2930,20,9,0,2188.53
8708,2930,13,2,0,303.26
8709,2930,24,10,0,8029.2
8710,2930,14,3,15,1730.61
8711,2931,4,11,0,3137.31
8712,2931,9,6,0,1460.88
8713,2931,17,4,5,318.4
8714,2931,28,5,0,1219.85
8715,2932,5,1,0,423.02
8716,2932,22,6,15,719.76
8717,2932,12,7,0,2743.37
8718,2932,15,1,0,594.22
8719,2933,5,7,15,2516.97
8720,2933,21,8,0,6471.76
8721,2933,29,10,0,8366.2
8722,2934,22,10,0,1411.3
8723,2934,26,9,0,4933.53
8724,2934,10,7,10,5339.88
8725,2934,18,11,0,6415.42
8726,2935,29,4,0,3346.48
8727,2935,23,10,0,3760.0
8728,2936,17,2,0,167.58
8729,2936,10,7,0,5933.2
8730,2936,19,10,15,4772.92
8731,2936,15,1,0,594.22
8732,2937,15,2,5,1129.02
8733,2937,20,12,0,2918.04
8734,2937,1,3,0,1944.45
8735,2937,29,11,0,9202.82
8736,2937,21,1,0,808.97
8737,2938,24,5,0,4014.6
8738,2938,29,8,0,6692.96
8739,2938,26,11,0,6029.87
8740,2938,8,6,0,2323.98
8741,2939,18,6,0,3499.32
8742,2939,24,5,0,4014.6
8743,2939,12,8,0,3135.28
8744,2939,21,9,0,7280.73
8745,2939,8,8,0,3098.64
8746,2940,2,12,10,383.72
8747,2940,5,9,5,3616.82
8748,2940,27,11,0,3816.89
8749,2940,18,10,0,5832.2
8750,2940,1,10,0,6481.5
8751,2941,28,8,0,1951.76
8752,2941,17,6,0,502.74
8753,2942,24,6,10,4335.77
8754,2942,28,9,5,2085.94
8755,2942,1,9,0,5833.35
8756,2942,27,10,0,3469.9
8757,2943,28,11,10,2415.3
8758,2943,25,5,5,1735.98
8759,2943,10,5,0,4238.0
8760,2944,4,9,0,2566.89
8761,2944,15,4,0,2376.88
8762,2944,2,6,0,213.18
8763,2944,3,6,15,170.7
8764,2944,22,4,0,564.52
8765,2945,16,5,0,996.7
8766,2945,8,4,5,1471.85
8767,2945,25,6,0,2192.82
8768,2946,28,5,5,1158.86
8769,2946,5,5,0,2115.1
8770,2946,23,10,0,3760.0
8771,2946,25,7,5,2430.38
8772,2947,24,10,0,8029.2
8773,2947,19,3,0,1684.56
8774,2948,3,4,0,133.88
8775,2948,20,11,0,2674.87
8776,2948,12,11,0,4311.01
8777,2949,13,9,5,1296.44
8778,2949,8,6,0,2323.98
8779,2949,15,4,0,2376.88
8780,2949,17,8,5,636.8
8781,2949,6,10,0,6582.9
8782,2950,16,12,10,2152.87
8783,2951,14,10,0,6786.7
8784,2951,17,11,0,921.69
8785,2952,29,11,0,9202.82
8786,2952,26,8,5,4166.09
8787,2953,12,8,0,3135.28
8788,2953,8,12,0,4647.96
8789,2953,18,5,0,2916.1
8790,2953,16,10,0,1993.4
8791,2954,11,3,0,1112.58
8792,2954,2,5,10,159.89
8793,2954,14,10,0,6786.7
8794,2955,10,7,0,5933.2
8795,2956,2,1,0,35.53
8796,2956,17,2,0,167.58
8797,2956,15,4,15,2020.35
8798,2956,13,5,0,758.15
8799,2957,10,5,0,4238.0
8800,2957,28,9,5,2085.94
8801,2957,9,10,0,2434.8
8802,2957,8,7,0,2711.31
8803,2957,14,4,0,2714.68
8804,2958,23,10,0,3760.0
8805,2958,3,2,15,56.9
8806,2958,4,8,0,2281.68
8807,2958,15,7,10,3743.59
8808,2959,29,3,5,2384.37
8809,2960,27,1,0,346.99
8810,2960,20,1,5,231.01
8811,2960,11,2,0,741.72
8812,2961,22,9,5,1206.66
8813,2961,10,5,15,3602.3
8814,2961,2,3,0,106.59
8815,2961,5,2,0,846.04
8816,2961,7,12,5,6675.27
8817,2962,13,1,5,144.05
8818,2962,11,11,0,4079.46
8819,2963,7,2,0,1171.1
8820,2964,18,5,0,2916.1
8821,2964,6,7,0,4608.03
8822,2964,24,4,0,3211.68
8823,2965,17,10,0,837.9
8824,2965,10,10,15,7204.6
8825,2965,8,5,0,1936.65
8826,2965,4,9,0,2566.89
8827,2965,6,6,5,3752.25
8828,2966,13,1,0,151.63
8829,2966,9,9,0,2191.32
8830,2967,18,3,5,1662.18
8831,2967,6,7,0,4608.03
8832,2968,3,1,0,33.47
8833,2968,21,3,0,2426.91
8834,2968,8,2,0,774.66
8835,2968,10,10,15,7204.6
8836,2968,17,12,5,955.21
8837,2969,6,2,0,1316.58
8838,2969,18,2,5,1108.12
8839,2969,13,4,5,576.19
8840,2969,25,7,0,2558.29
8841,2970,8,10,0,3873.3
8842,2970,15,3,0,1782.66
8843,2970,19,3,5,1600.33
8844,2970,1,4,0,2592.6
8845,2971,11,4,0,1483.44
8846,2972,8,10,10,3485.97
8847,2972,3,10,0,334.7
8848,2972,2,7,0,248.71
8849,2972,7,8,10,4215.96
8850,2973,7,2,0,1171.1
8851,2974,12,8,0,3135.28
8852,2974,18,3,5,1662.18
8853,2974,8,12,5,4415.56
8854,2974,28,7,10,1537.01
8855,2975,22,1,5,134.07
8856,2975,4,9,0,2566.89
8857,2975,12,5,0,1959.55
8858,2975,20,4,10,875.41
8859,2976,28,9,0,2195.73
8860,2976,25,6,0,2192.82
8861,2976,23,6,0,2256.0
8862,2976,7,1,0,585.55
8863,2977,10,7,10,5339.88
8864,2977,14,8,0,5429.36
8865,2977,9,10,0,2434.8
8866,2977,23,4,10,1353.6
8867,2977,5,6,0,2538.12
8868,2978,26,10,0,5481.7
8869,2979,16,3,0,598.02
8870,2979,1,7,0,4537.05
8871,2979,7,4,5,2225.09
8872,2979,2,4,0,142.12
8873,2980,15,5,0,2971.1
8874,2980,28,4,0,975.88
8875,2980,14,12,0,8144.04
8876,2980,12,5,0,1959.55
8877,2981,14,8,0,5429.36
8878,2981,15,1,10,534.8
8879,2981,13,11,0,1667.93
8880,2981,12,10,0,3919.1
8881,2981,10,4,5,3220.88
8882,2982,9,8,10,1753.06
8883,2983,26,10,0,5481.7
8884,2983,28,6,10,1317.44
8885,2983,1,6,0,3888.9
8886,2983,3,7,0,234.29
8887,2984,21,12,0,9707.64
8888,2984,23,8,0,3008.0
8889,2984,1,7,5,4310.2
8890,2984,5,2,0,846.04
8891,2985,6,4,0,2633.16
8892,2985,28,5,0,1219.85
8893,2985,23,6,5,2143.2
8894,2986,22,3,0,423.39
8895,2986,16,4,0,797.36
8896,2987,7,10,0,5855.5
8897,2987,25,9,0,3289.23
8898,2987,3,4,0,133.88
8899,2987,27,1,0,346.99
8900,2987,20,7,0,1702.19
8901,2988,20,2,5,462.02
8902,2988,19,12,5,6401.33
8903,2989,2,12,0,426.36
8904,2989,14,9,10,5497.23
8905,2989,4,1,0,285.21
8906,2989,23,5,0,1880.0
8907,2989,18,2,0,1166.44
8908,2990,12,3,0,1175.73
8909,2990,26,5,0,2740.85
8910,2990,29,3,10,2258.87
8911,2990,23,7,0,2632.0
8912,2991,10,7,15,5043.22
8913,2991,6,5,0,3291.45
8914,2992,22,10,0,1411.3
8915,2993,14,5,0,3393.35
8916,2993,1,9,5,5541.68
8917,2994,20,4,0,972.68
8918,2994,10,1,10,762.84
8919,2995,17,12,0,1005.48
8920,2995,9,2,0,486.96
8921,2995,28,2,0,487.94
8922,2995,23,2,0,752.0
8923,2995,26,5,0,2740.85
8924,2996,25,2,0,730.94
8925,2996,3,8,0,267.76
8926,2996,8,9,0,3485.97
8927,2996,10,6,0,5085.6
8928,2996,16,12,0,2392.08
8929,2997,10,3,0,2542.8
8930,2997,15,4,0,2376.88
8931,2997,17,1,0,83.79
8932,2997,25,6,0,2192.82
8933,2997,8,3,5,1103.89
8934,2998,29,1,0,836.62
8935,2998,9,9,0,2191.32
8936,2998,3,9,0,301.23
8937,2998,4,1,0,285.21
8938,2998,19,7,0,3930.64
8939,2999,13,8,5,1152.39
8940,3000,10,10,0,8476.0
8941,3000,20,6,0,1459.02
8942,3001,4,4,10,1026.76
8943,3001,21,8,0,6471.76
8944,3001,29,3,5,2384.37
8945,3001,3,12,0,401.64
8946,3002,10,3,5,2415.66
8947,3002,20,11,0,2674.87
8948,3003,12,7,15,2331.86
8949,3004,5,8,0,3384.16
8950,3004,28,9,0,2195.73
8951,3004,9,8,0,1947.84
8952,3005,22,9,10,1143.15
8953,3005,5,12,0,5076.24
8954,3005,8,7,0,2711.31
8955,3005,19,9,10,4548.31
8956,3005,27,8,10,2498.33
8957,3006,16,10,15,1694.39
8958,3006,18,12,10,6298.78
8959,3006,26,12,15,5591.33
8960,3006,12,7,0,2743.37
8961,3006,20,5,0,1215.85
8962,3007,3,9,0,301.23
8963,3007,15,8,5,4516.07
8964,3008,10,2,10,1525.68
8965,3008,14,10,0,6786.7
8966,3009,4,10,0,2852.1
8967,3010,29,5,15,3555.64
8968,3010,6,6,0,3949.74
8969,3010,28,1,0,243.97
8970,3010,24,6,10,4335.77
8971,3011,14,4,0,2714.68
8972,3012,4,8,15,1939.43
8973,3012,3,10,0,334.7
8974,3013,13,11,5,1584.53
8975,3013,26,5,10,2466.76
8976,3014,11,1,0,370.86
8977,3014,17,4,0,335.16
8978,3015,19,7,0,3930.64
8979,3015,2,8,15,241.6
8980,3015,29,12,0,10039.44
8981,3015,18,8,0,4665.76
8982,3016,19,3,0,1684.56
8983,3016,20,7,15,1446.86
8984,3016,28,1,5,231.77
8985,3016,21,4,0,3235.88
8986,3017,3,6,5,190.78
8987,3017,27,1,0,346.99
8988,3017,10,6,0,5085.6
8989,3018,6,2,0,1316.58
8990,3018,4,10,15,2424.28
8991,3018,10,5,5,4026.1
8992,3018,29,6,0,5019.72
8993,3019,28,8,15,1659.0
8994,3019,16,1,0,199.34
8995,3019,7,8,0,4684.4
8996,3019,18,2,0,1166.44
8997,3019,4,6,0,1711.26
8998,3020,25,1,0,365.47
8999,3020,18,2,0,1166.44
9000,3021,3,5,5,158.98
9001,3021,23,1,0,376.0
9002,3021,11,1,0,370.86
9003,3021,14,9,0,6108.03
9004,3021,20,4,10,875.41
9005,3022,7,1,10,527.0
9006,3022,26,8,0,4385.36
9007,3022,1,7,0,4537.05
9008,3023,13,6,5,864.29
9009,3023,1,10,0,6481.5
9010,3023,7,6,0,3513.3
9011,3023,11,5,0,1854.3
9012,3024,5,10,0,4230.2
9013,3024,27,2,15,589.88
9014,3024,8,8,0,3098.64
9015,3024,15,8,0,4753.76
9016,3024,9,7,0,1704.36
9017,3025,8,11,5,4047.6
9018,3026,11,9,0,3337.74
9019,3026,13,2,10,272.93
9020,3026,16,3,5,568.12
9021,3026,15,7,5,3951.56
9022,3026,29,6,0,5019.72
9023,3027,2,12,10,383.72
9024,3027,28,12,0,2927.64
9025,3027,4,11,0,3137.31
9026,3027,21,5,10,3640.36
9027,3028,9,2,0,486.96
9028,3028,11,10,10,3337.74
9029,3029,14,4,5,2578.95
9030,3029,28,1,0,243.97
9031,3029,21,1,0,808.97
9032,3029,5,5,10,1903.59
9033,3030,19,7,0,3930.64
9034,3030,21,10,10,7280.73
9035,3031,22,7,0,987.91
9036,3031,21,9,0,7280.73
9037,3032,5,1,0,423.02
9038,3032,2,2,0,71.06
9039,3033,2,12,0,426.36
9040,3033,28,8,0,1951.76
9041,3033,25,2,0,730.94
9042,3034,28,11,0,2683.67
9043,3034,23,8,15,2556.8
9044,3035,5,6,5,2411.21
9045,3035,6,10,0,6582.9
9046,3035,4,12,0,3422.52
9047,3035,15,6,5,3387.05
9048,3036,12,10,5,3723.14
9049,3036,24,9,10,6503.65
9050,3036,17,9,0,754.11
9051,3037,26,11,0,6029.87
9052,3037,28,11,0,2683.67
9053,3037,14,6,0,4072.02
9054,3038,4,9,0,2566.89
9055,3038,23,11,0,4136.0
9056,3038,12,5,0,1959.55
9057,3038,27,10,0,3469.9
9058,3038,21,4,15,2750.5
9059,3039,14,8,0,5429.36
9060,3039,2,5,0,177.65
9061,3039,18,6,0,3499.32
9062,3039,21,9,0,7280.73
9063,3040,14,1,5,644.74
9064,3040,25,10,0,3654.7
9065,3040,26,5,0,2740.85
9066,3040,9,5,0,1217.4
9067,3041,25,4,15,1242.6
9068,3041,20,4,0,972.68
9069,3041,26,4,0,2192.68
9070,3041,5,8,0,3384.16
9071,3041,8,3,0,1161.99
9072,3042,8,9,0,3485.97
9073,3042,3,6,0,200.82
9074,3042,16,7,0,1395.38
9075,3042,4,12,10,3080.27
9076,3042,6,7,0,4608.03
9077,3043,26,5,15,2329.72
9078,3043,18,2,0,1166.44
9079,3043,4,4,0,1140.84
9080,3044,8,11,0,4260.63
9081,3044,10,2,0,1695.2
9082,3044,25,6,0,2192.82
9083,3044,15,1,0,594.22
9084,3045,7,3,5,1668.82
9085,3045,14,7,5,4513.16
9086,3045,1,8,0,5185.2
9087,3045,20,1,0,243.17
9088,3046,11,5,10,1668.87
9089,3047,22,7,0,987.91
9090,3047,4,10,0,2852.1
9091,3047,15,4,0,2376.88
9092,3047,6,7,0,4608.03
9093,3048,24,4,0,3211.68
9094,3048,1,10,0,6481.5
9095,3048,12,3,0,1175.73
9096,3049,15,6,5,3387.05
9097,3049,5,10,0,4230.2
9098,3049,10,7,0,5933.2
9099,3049,9,2,0,486.96
9100,3049,25,2,0,730.94
9101,3050,11,3,0,1112.58
9102,3051,7,2,10,1053.99
9103,3051,28,12,0,2927.64
9104,3051,3,11,0,368.17
9105,3051,17,3,10,226.23
9106,3052,5,3,0,1269.06
9107,3052,17,1,15,71.22
9108,3052,28,3,0,731.91
9109,3052,11,5,0,1854.3
9110,3053,3,11,10,331.35
9111,3053,5,10,0,4230.2
9112,3053,14,2,0,1357.34
9113,3054,28,6,0,1463.82
9114,3054,6,2,0,1316.58
9115,3054,16,1,10,179.41
9116,3055,15,10,5,5645.09
9117,3056,29,7,0,5856.34
9118,3056,9,8,0,1947.84
9119,3057,12,5,0,1959.55
9120,3057,1,10,0,6481.5
9121,3057,9,9,0,2191.32
9122,3057,5,2,0,846.04
9123,3057,19,10,0,5615.2
9124,3058,4,8,0,2281.68
9125,3059,15,11,0,6536.42
9126,3059,12,12,15,3997.48
9127,3060,6,10,0,6582.9
9128,3060,4,4,0,1140.84
9129,3060,15,12,0,7130.64
9130,3060,26,5,5,2603.81
9131,3061,27,11,5,3626.05
9132,3061,14,3,0,2036.01
9133,3061,29,12,5,9537.47
9134,3062,17,9,10,678.7
9135,3062,10,5,0,4238.0
9136,3062,3,5,5,158.98
9137,3063,29,7,0,5856.34
9138,3063,3,4,0,133.88
9139,3063,8,5,0,1936.65
9140,3063,15,11,0,6536.42
9141,3064,15,8,0,4753.76
9142,3064,20,3,0,729.51
9143,3065,21,1,0,808.97
9144,3066,4,2,0,570.42
9145,3066,7,8,0,4684.4
9146,3067,12,5,0,1959.55
9147,3068,11,10,0,3708.6
9148,3068,19,4,0,2246.08
9149,3068,15,12,5,6774.11
9150,3069,23,2,0,752.0
9151,3069,11,11,5,3875.49
9152,3069,8,11,0,4260.63
9153,3069,2,11,0,390.83
9154,3070,9,5,0,1217.4
9155,3070,4,12,0,3422.52
9156,3070,29,4,0,3346.48
9157,3070,2,8,0,284.24
9158,3070,5,11,0,4653.22
9159,3071,14,7,0,4750.69
9160,3071,2,4,0,142.12
9161,3072,22,1,10,127.02
9162,3073,25,3,10,986.77
9163,3073,13,8,0,1213.04
9164,3073,18,8,0,4665.76
9165,3073,22,11,0,1552.43
9166,3074,27,8,0,2775.92
9167,3074,25,3,0,1096.41
9168,3074,3,6,0,200.82
9169,3075,19,11,10,5559.05
9170,3075,23,6,0,2256.0
9171,3075,8,10,0,3873.3
9172,3075,16,12,0,2392.08
9173,3076,6,5,0,3291.45
9174,3076,12,7,0,2743.37
9175,3077,11,3,0,1112.58
9176,3077,16,1,5,189.37
9177,3077,4,3,0,855.63
9178,3078,18,8,0,4665.76
9179,3078,29,5,0,4183.1
9180,3078,5,4,0,1692.08
9181,3078,7,12,0,7026.6
9182,3078,10,3,0,2542.8
9183,3079,15,11,0,6536.42
9184,3080,10,10,10,7628.4
9185,3080,25,6,0,2192.82
9186,3080,5,6,5,2411.21
9187,3081,25,9,10,2960.31
9188,3081,29,4,5,3179.16
9189,3081,3,4,0,133.88
9190,3081,6,3,0,1974.87
9191,3082,21,5,10,3640.36
9192,3082,4,9,5,2438.55
9193,3082,19,7,5,3734.11
9194,3082,13,9,0,1364.67
9195,3082,6,10,5,6253.75
9196,3083,13,7,0,1061.41
9197,3083,22,12,5,1608.88
9198,3084,13,12,0,1819.56
9199,3084,7,10,0,5855.5
9200,3084,8,9,0,3485.97
9201,3084,19,5,0,2807.6
9202,3085,17,5,0,418.95
9203,3086,10,10,0,8476.0
9204,3086,7,11,0,6441.05
9205,3086,25,2,5,694.39
9206,3086,4,8,0,2281.68
9207,3087,10,10,0,8476.0
9208,3087,27,10,0,3469.9
9209,3087,21,4,0,3235.88
9210,3087,16,6,0,1196.04
9211,3088,11,8,0,2966.88
9212,3088,14,5,0,3393.35
9213,3089,5,4,0,1692.08
9214,3090,26,7,0,3837.19
9215,3090,17,5,15,356.11
9216,3090,21,1,0,808.97
9217,3091,6,4,0,2633.16
9218,3092,27,7,5,2307.48
9219,3092,24,1,0,802.92
9220,3093,28,5,0,1219.85
9221,3094,11,1,0,370.86
9222,3094,21,9,0,7280.73
9223,3094,29,12,0,10039.44
9224,3094,7,11,0,6441.05
9225,3095,18,11,0,6415.42
9226,3095,27,1,5,329.64
9227,3095,20,8,5,1848.09
9228,3095,3,10,0,334.7
9229,3095,9,4,0,973.92
9230,3096,1,5,15,2754.64
9231,3096,17,2,0,167.58
9232,3096,19,4,0,2246.08
9233,3096,28,7,0,1707.79
9234,3096,25,9,10,2960.31
9235,3097,4,9,10,2310.2
9236,3097,10,11,0,9323.6
9237,3098,27,2,15,589.88
9238,3098,5,6,0,2538.12
9239,3098,10,11,5,8857.42
9240,3098,17,4,0,335.16
9241,3099,19,3,0,1684.56
9242,3100,5,3,0,1269.06
9243,3100,15,11,10,5882.78
9244,3100,8,5,0,1936.65
9245,3101,2,3,0,106.59
9246,3101,28,7,0,1707.79
9247,3101,8,4,0,1549.32
9248,3101,15,12,0,7130.64
9249,3102,18,5,0,2916.1
9250,3103,10,11,5,8857.42
9251,3103,4,2,0,570.42
9252,3103,27,2,0,693.98
9253,3103,23,3,0,1128.0
9254,3103,24,2,0,1605.84
9255,3104,6,2,0,1316.58
9256,3104,28,5,0,1219.85
9257,3105,18,6,0,3499.32
9258,3105,2,2,10,63.95
9259,3105,20,9,0,2188.53
9260,3105,28,9,10,1976.16
9261,3106,20,8,0,1945.36
9262,3107,18,2,0,1166.44
9263,3107,28,6,15,1244.25
9264,3107,23,2,0,752.0
9265,3108,15,4,0,2376.88
9266,3108,1,9,0,5833.35
9267,3108,8,5,15,1646.15
9268,3108,21,12,0,9707.64
9269,3109,23,2,0,752.0
9270,3110,4,3,0,855.63
9271,3110,21,9,0,7280.73
9272,3110,27,12,0,4163.88
9273,3111,29,11,0,9202.82
9274,3111,10,6,10,4577.04
9275,3111,4,1,0,285.21
9276,3111,19,6,0,3369.12
9277,3112,5,2,0,846.04
9278,3112,4,9,0,2566.89
9279,3112,24,7,0,5620.44
9280,3112,7,4,0,2342.2
9281,3113,6,11,15,6155.01
9282,3113,9,8,5,1850.45
9283,3113,14,10,5,6447.36
9284,3113,10,12,0,10171.2
9285,3113,28,12,0,2927.64
9286,3114,14,11,0,7465.37
9287,3114,9,8,5,1850.45
9288,3115,15,6,0,3565.32
9289,3115,23,11,10,3722.4
9290,3115,5,6,0,2538.12
9291,3115,20,4,0,972.68
9292,3116,4,4,10,1026.76
9293,3116,7,1,0,585.55
9294,3116,8,10,0,3873.3
9295,3116,18,6,0,3499.32
9296,3117,24,11,10,7948.91
9297,3117,28,6,0,1463.82
9298,3117,29,7,0,5856.34
9299,3118,3,8,0,267.76
9300,3118,23,2,0,752.0
9301,3118,16,3,5,568.12
9302,3119,25,9,0,3289.23
9303,3119,29,9,0,7529.58
9304,3119,23,2,0,752.0
9305,3119,10,10,10,7628.4
9306,3119,9,3,0,730.44
9307,3120,20,9,0,2188.53
9308,3120,16,12,10,2152.87
9309,3120,6,6,15,3357.28
9310,3120,12,2,10,705.44
9311,3120,10,10,10,7628.4
9312,3121,4,4,10,1026.76
9313,3121,13,5,0,758.15
9314,3121,18,9,10,4724.08
9315,3122,7,1,0,585.55
9316,3122,17,2,5,159.2
9317,3122,8,1,5,367.96
9318,3123,17,12,0,1005.48
9319,3123,29,5,0,4183.1
9320,3124,27,5,0,1734.95
9321,3124,18,6,0,3499.32
9322,3125,9,9,0,2191.32
9323,3126,22,5,0,705.65
9324,3126,19,12,15,5727.5
9325,3126,3,5,5,158.98
9326,3126,15,7,10,3743.59
9327,3127,7,6,0,3513.3
9328,3127,16,3,0,598.02
9329,3127,14,12,10,7329.64
9330,3128,21,10,0,8089.7
9331,3128,13,10,0,1516.3
9332,3128,8,2,0,774.66
9333,3128,26,6,5,3124.57
9334,3128,3,2,5,63.59
9335,3129,24,6,0,4817.52
9336,3129,26,2,0,1096.34
9337,3129,4,3,0,855.63
9338,3130,26,2,0,1096.34
9339,3130,19,4,0,2246.08
9340,3130,5,1,0,423.02
9341,3130,20,5,0,1215.85
9342,3130,28,5,0,1219.85
9343,3131,20,2,0,486.34
9344,3131,17,12,0,1005.48
9345,3131,11,9,0,3337.74
9346,3131,2,10,0,355.3
9347,3131,7,12,10,6323.94
9348,3132,20,11,5,2541.13
9349,3132,23,5,0,1880.0
9350,3132,4,2,0,570.42
9351,3132,14,7,0,4750.69
9352,3132,11,1,0,370.86
9353,3133,22,11,10,1397.19
9354,3134,16,3,0,598.02
9355,3135,18,2,0,1166.44
9356,3136,17,6,10,452.47
9357,3136,7,7,0,4098.85
9358,3136,16,9,10,1614.65
9359,3136,21,2,0,1617.94
9360,3137,1,9,0,5833.35
9361,3137,3,4,0,133.88
9362,3137,21,2,0,1617.94
9363,3137,18,6,0,3499.32
9364,3137,28,3,0,731.91
9365,3138,14,11,0,7465.37
9366,3139,29,4,0,3346.48
9367,3139,24,12,0,9635.04
9368,3139,10,12,0,10171.2
9369,3139,15,3,10,1604.39
9370,3140,4,4,0,1140.84
9371,3140,17,7,0,586.53
9372,3140,8,1,0,387.33
9373,3140,21,11,5,8453.74
9374,3140,9,9,5,2081.75
9375,3141,2,8,0,284.24
9376,3141,27,9,10,2810.62
9377,3142,22,4,0,564.52
9378,3142,19,10,10,5053.68
9379,3142,15,11,0,6536.42
9380,3142,9,7,5,1619.14
9381,3143,8,6,0,2323.98
9382,3143,5,3,0,1269.06
9383,3143,19,7,5,3734.11
9384,3144,6,5,0,3291.45
9385,3144,28,5,5,1158.86
9386,3144,16,4,15,677.76
9387,3144,8,10,10,3485.97
9388,3144,25,2,0,730.94
9389,3145,5,11,0,4653.22
9390,3145,11,10,5,3523.17
9391,3145,6,8,0,5266.32
9392,3146,28,10,0,2439.7
9393,3146,9,4,0,973.92
9394,3146,24,12,0,9635.04
9395,3146,4,5,0,1426.05
9396,3147,24,3,5,2288.32
9397,3147,21,11,0,8898.67
9398,3147,1,10,10,5833.35
9399,3147,23,2,0,752.0
9400,3147,17,11,5,875.61
9401,3148,26,4,0,2192.68
9402,3149,27,12,15,3539.3
9403,3150,16,4,10,717.62
9404,3150,1,5,0,3240.75
9405,3151,8,11,0,4260.63
9406,3152,11,12,10,4005.29
9407,3153,29,6,5,4768.73
9408,3154,16,3,5,568.12
9409,3154,19,12,0,6738.24
9410,3155,21,6,0,4853.82
9411,3155,9,7,0,1704.36
9412,3155,19,7,0,3930.64
9413,3156,23,8,5,2857.6
9414,3156,24,11,0,8832.12
9415,3156,26,4,0,2192.68
9416,3157,6,4,0,2633.16
9417,3157,5,7,5,2813.08
9418,3158,16,8,0,1594.72
9419,3158,7,8,15,3981.74
9420,3159,14,5,15,2884.35
9421,3160,20,3,0,729.51
9422,3160,4,1,0,285.21
9423,3160,24,1,5,762.77
9424,3160,18,12,0,6998.64
9425,3161,13,4,0,606.52
9426,3161,15,7,15,3535.61
9427,3161,6,2,0,1316.58
9428,3162,7,5,0,2927.75
9429,3162,16,3,0,598.02
9430,3162,3,7,0,234.29
9431,3163,21,9,0,7280.73
9432,3163,13,2,0,303.26
9433,3163,10,10,15,7204.6
9434,3163,8,8,0,3098.64
9435,3164,28,8,0,1951.76
9436,3164,27,4,15,1179.77
9437,3165,6,7,0,4608.03
9438,3165,3,5,0,167.35
9439,3165,20,3,0,729.51
9440,3165,19,8,0,4492.16
9441,3166,13,1,0,151.63
9442,3166,19,4,10,2021.47
9443,3167,11,4,0,1483.44
9444,3167,3,9,0,301.23
9445,3167,15,9,0,5347.98
9446,3167,6,11,0,7241.19
9447,3168,28,12,0,2927.64
9448,3168,22,6,0,846.78
9449,3168,6,9,0,5924.61
9450,3169,8,5,5,1839.82
9451,3170,2,5,15,151.0
9452,3170,5,12,5,4822.43
9453,3170,14,7,0,4750.69
9454,3170,22,1,0,141.13
9455,3170,21,2,0,1617.94
9456,3171,13,5,5,720.24
9457,3171,11,5,15,1576.16
9458,3172,23,10,0,3760.0
9459,3172,26,10,0,5481.7
9460,3172,16,9,0,1794.06
9461,3172,25,3,0,1096.41
9462,3172,29,11,0,9202.82
9463,3173,18,3,0,1749.66
9464,3174,17,7,10,527.88
9465,3174,12,10,0,3919.1
9466,3174,19,6,10,3032.21
9467,3174,29,1,0,836.62
9468,3174,4,8,5,2167.6
9469,3175,29,12,10,9035.5
9470,3176,3,5,0,167.35
9471,3176,14,12,0,8144.04
9472,3176,23,5,0,1880.0
9473,3176,9,10,0,2434.8
9474,3177,14,11,0,7465.37
9475,3177,8,10,0,3873.3
9476,3177,3,10,10,301.23
9477,3177,21,10,0,8089.7
9478,3178,20,8,0,1945.36
9479,3178,29,10,0,8366.2
9480,3178,21,4,5,3074.09
9481,3178,13,4,0,606.52
9482,3179,23,6,0,2256.0
9483,3179,25,8,0,2923.76
9484,3179,26,4,0,2192.68
9485,3180,12,4,5,1489.26
9486,3180,24,7,5,5339.42
9487,3180,23,9,0,3384.0
9488,3180,16,1,0,199.34
9489,3181,6,10,0,6582.9
9490,3182,27,4,0,1387.96
9491,3183,23,12,0,4512.0
9492,3183,15,2,0,1188.44
9493,3183,9,2,0,486.96
9494,3183,6,11,0,7241.19
9495,3183,18,9,0,5248.98
9496,3184,2,4,0,142.12
9497,3184,6,12,5,7504.51
9498,3185,4,2,10,513.38
9499,3185,22,1,0,141.13
9500,3185,12,5,0,1959.55
9501,3186,10,2,10,1525.68
9502,3186,22,5,0,705.65
9503,3186,2,11,5,371.29
9504,3186,11,10,5,3523.17
9505,3187,13,6,10,818.8
9506,3188,9,5,10,1095.66
9507,3189,4,12,10,3080.27
9508,3189,22,11,0,1552.43
9509,3189,27,4,0,1387.96
9510,3189,21,1,0,808.97
9511,3189,17,8,0,670.32
9512,3190,11,3,0,1112.58
9513,3190,29,11,0,9202.82
9514,3190,26,12,5,6249.14
9515,3190,3,12,10,361.48
9516,3190,24,1,0,802.92
9517,3191,21,6,10,4368.44
9518,3191,28,2,5,463.54
9519,3191,9,2,0,486.96
9520,3191,27,9,0,3122.91
9521,3192,22,5,0,705.65
9522,3192,28,1,0,243.97
9523,3192,2,7,15,211.4
9524,3192,21,12,0,9707.64
9525,3192,16,6,5,1136.24
9526,3193,6,12,0,7899.48
9527,3193,11,3,0,1112.58
9528,3193,19,1,10,505.37
9529,3193,26,12,10,5920.24
9530,3193,24,2,10,1445.26
9531,3194,16,11,5,2083.1
9532,3195,3,3,0,100.41
9533,3195,2,4,0,142.12
9534,3196,26,4,0,2192.68
9535,3196,8,4,0,1549.32
9536,3197,25,8,0,2923.76
9537,3197,15,1,0,594.22
9538,3197,8,11,0,4260.63
9539,3198,15,3,15,1515.26
9540,3198,7,1,0,585.55
9541,3198,5,2,0,846.04
9542,3198,11,12,0,4450.32
9543,3198,9,12,10,2629.58
9544,3199,27,11,5,3626.05
9545,3199,5,7,0,2961.14
9546,3199,22,3,5,402.22
9547,3200,20,8,0,1945.36
9548,3200,24,7,0,5620.44
9549,3201,2,1,0,35.53
9550,3201,8,9,0,3485.97
9551,3201,28,3,0,731.91
9552,3202,13,2,5,288.1
9553,3203,10,2,5,1610.44
9554,3203,17,3,10,226.23
9555,3204,5,4,0,1692.08
9556,3204,27,12,5,3955.69
9557,3204,19,3,0,1684.56
9558,3204,1,5,15,2754.64
9559,3205,16,11,0,2192.74
9560,3205,23,9,0,3384.0
9561,3205,26,10,0,5481.7
9562,3205,17,10,0,837.9
9563,3205,24,6,0,4817.52
9564,3206,21,9,0,7280.73
9565,3206,16,11,5,2083.1
9566,3206,17,10,0,837.9
9567,3206,24,4,0,3211.68
9568,3206,29,8,0,6692.96
9569,3207,2,8,0,284.24
9570,3207,19,5,5,2667.22
9571,3207,10,6,0,5085.6
9572,3207,18,5,0,2916.1
9573,3207,25,10,0,3654.7
9574,3208,26,4,0,2192.68
9575,3209,5,9,0,3807.18
9576,3209,23,8,5,2857.6
9577,3209,24,2,0,1605.84
9578,3209,15,10,0,5942.2
9579,3210,12,1,0,391.91
9580,3210,22,4,0,564.52
9581,3211,16,2,0,398.68
9582,3211,2,9,0,319.77
9583,3211,10,8,0,6780.8
9584,3211,7,7,5,3893.91
9585,3211,4,11,0,3137.31
9586,3212,4,1,10,256.69
9587,3212,10,9,0,7628.4
9588,3213,17,3,5,238.8
9589,3213,22,4,0,564.52
9590,3214,9,9,0,2191.32
9591,3214,15,2,10,1069.6
9592,3214,16,4,5,757.49
9593,3214,19,9,0,5053.68
9594,3214,20,9,5,2079.1
9595,3215,24,9,0,7226.28
9596,3215,23,2,0,752.0
9597,3215,22,5,0,705.65
9598,3215,27,5,10,1561.46
9599,3215,9,6,0,1460.88
9600,3216,29,7,0,5856.34
9601,3217,9,4,0,973.92
9602,3217,3,12,5,381.56
9603,3218,19,3,10,1516.1
9604,3218,10,10,10,7628.4
9605,3218,8,8,5,2943.71
9606,3218,21,2,0,1617.94
9607,3218,24,7,10,5058.4
9608,3219,8,2,10,697.19
9609,3219,10,12,5,9662.64
9610,3219,18,6,5,3324.35
9611,3219,23,8,0,3008.0
9612,3219,16,3,0,598.02
9613,3220,17,1,0,83.79
9614,3220,13,1,0,151.63
9615,3220,20,1,0,243.17
9616,3221,15,12,10,6417.58
9617,3222,8,3,5,1103.89
9618,3222,7,12,0,7026.6
9619,3222,10,11,0,9323.6
9620,3223,6,12,0,7899.48
9621,3224,6,8,10,4739.69
9622,3225,10,1,0,847.6
9623,3225,17,11,0,921.69
9624,3225,15,12,0,7130.64
9625,3226,10,6,0,5085.6
9626,3226,11,7,0,2596.02
9627,3226,18,11,0,6415.42
9628,3227,12,5,5,1861.57
9629,3227,25,5,0,1827.35
9630,3227,19,3,0,1684.56
9631,3228,28,10,0,2439.7
9632,3228,8,11,0,4260.63
9633,3229,23,5,0,1880.0
9634,3229,3,8,0,267.76
9635,3229,8,9,5,3311.67
9636,3229,26,2,5,1041.52
9637,3230,28,10,0,2439.7
9638,3230,6,1,0,658.29
9639,3230,26,6,0,3289.02
9640,3230,25,7,0,2558.29
9641,3230,9,8,0,1947.84
9642,3231,17,8,0,670.32
9643,3231,5,1,0,423.02
9644,3231,26,1,0,548.17
9645,3231,4,10,0,2852.1
9646,3232,5,4,15,1438.27
9647,3232,24,7,0,5620.44
9648,3232,16,6,0,1196.04
9649,3233,29,6,5,4768.73
9650,3234,11,9,5,3170.85
9651,3234,16,3,0,598.02
9652,3234,26,7,0,3837.19
9653,3235,14,4,0,2714.68
9654,3236,28,9,15,1866.37
9655,3236,17,4,0,335.16
9656,3236,1,6,0,3888.9
9657,3237,22,6,0,846.78
9658,3238,14,7,0,4750.69
9659,3238,22,12,0,1693.56
9660,3238,21,1,0,808.97
9661,3238,3,9,0,301.23
9662,3238,18,12,0,6998.64
9663,3239,12,1,0,391.91
9664,3239,22,7,0,987.91
9665,3239,29,4,15,2844.51
9666,3239,11,4,0,1483.44
9667,3240,29,8,0,6692.96
9668,3240,28,10,15,2073.74
9669,3240,2,6,0,213.18
9670,3240,14,1,0,678.67
9671,3240,23,10,0,3760.0
9672,3241,4,3,10,770.07
9673,3241,12,3,0,1175.73
9674,3241,22,2,0,282.26
9675,3241,14,1,0,678.67
9676,3241,6,5,10,2962.3
9677,3242,10,7,0,5933.2
9678,3243,5,9,0,3807.18
9679,3244,26,5,0,2740.85
9680,3245,28,11,0,2683.67
9681,3245,17,3,0,251.37
9682,3245,9,9,0,2191.32
9683,3246,15,9,0,5347.98
9684,3246,10,4,0,3390.4
9685,3247,8,9,0,3485.97
9686,3247,18,11,5,6094.65
9687,3248,17,4,5,318.4
9688,3248,6,3,0,1974.87
9689,3248,13,11,0,1667.93
9690,3249,7,10,0,5855.5
9691,3249,26,11,0,6029.87
9692,3249,18,5,0,2916.1
9693,3249,24,12,0,9635.04
9694,3250,19,11,10,5559.05
9695,3250,21,11,10,8008.8
9696,3250,22,11,0,1552.43
9697,3250,13,12,15,1546.63
9698,3250,24,5,0,4014.6
9699,3251,27,1,15,294.94
9700,3251,13,4,0,606.52
9701,3252,8,6,0,2323.98
9702,3252,26,12,0,6578.04
9703,3253,3,4,0,133.88
9704,3253,28,2,5,463.54
9705,3253,1,5,5,3078.71
9706,3253,19,5,0,2807.6
9707,3254,10,7,0,5933.2
9708,3255,5,3,0,1269.06
9709,3255,12,6,5,2233.89
9710,3255,29,6,10,4517.75
9711,3255,9,5,0,1217.4
9712,3256,25,7,0,2558.29
9713,3256,8,4,10,1394.39
9714,3257,15,6,0,3565.32
9715,3257,11,9,15,2837.08
9716,3257,18,11,0,6415.42
9717,3258,13,12,0,1819.56
9718,3258,2,1,10,31.98
9719,3259,29,7,5,5563.52
9720,3259,2,5,5,168.77
9721,3259,5,7,0,2961.14
9722,3259,1,5,0,3240.75
9723,3260,21,10,0,8089.7
9724,3260,26,9,0,4933.53
9725,3260,17,9,0,754.11
9726,3260,15,1,0,594.22
9727,3260,4,4,10,1026.76
9728,3261,3,4,5,127.19
9729,3261,21,9,10,6552.66
9730,3261,8,12,0,4647.96
9731,3262,6,5,0,3291.45
9732,3262,7,6,0,3513.3
9733,3263,27,10,0,3469.9
9734,3263,20,12,0,2918.04
9735,3263,8,1,0,387.33
9736,3263,21,11,0,8898.67
9737,3264,6,5,0,3291.45
9738,3265,7,5,0,2927.75
9739,3266,16,4,0,797.36
9740,3266,18,6,5,3324.35
9741,3267,6,10,10,5924.61
9742,3267,9,6,0,1460.88
9743,3267,19,12,0,6738.24
9744,3268,5,3,0,1269.06
9745,3268,20,2,0,486.34
9746,3269,7,8,15,3981.74
9747,3269,6,9,0,5924.61
9748,3269,9,8,0,1947.84
9749,3269,22,12,5,1608.88
9750,3269,24,2,0,1605.84
9751,3270,21,4,0,3235.88
9752,3270,4,4,0,1140.84
9753,3270,22,10,0,1411.3
9754,3270,8,2,5,735.93
9755,3270,3,11,0,368.17
9756,3271,26,4,0,2192.68
9757,3271,15,3,0,1782.66
9758,3271,20,7,0,1702.19
9759,3271,6,11,5,6879.13
9760,3272,10,7,0,5933.2
9761,3273,5,2,0,846.04
9762,3274,13,8,0,1213.04
9763,3274,10,6,0,5085.6
9764,3274,6,7,0,4608.03
9765,3274,15,2,10,1069.6
9766,3274,25,8,0,2923.76
9767,3275,29,12,0,10039.44
9768,3275,19,9,0,5053.68
9769,3275,27,1,0,346.99
9770,3275,8,1,5,367.96
9771,3275,6,3,0,1974.87
9772,3276,22,10,0,1411.3
9773,3277,16,2,0,398.68
9774,3277,28,9,0,2195.73
9775,3277,15,3,0,1782.66
9776,3277,21,10,0,8089.7
9777,3278,2,12,0,426.36
9778,3278,12,7,5,2606.2
9779,3279,15,5,0,2971.1
9780,3279,8,12,0,4647.96
9781,3279,21,5,10,3640.36
9782,3279,26,10,0,5481.7
9783,3280,13,10,0,1516.3
9784,3281,25,6,0,2192.82
9785,3281,26,10,0,5481.7
9786,3281,18,6,0,3499.32
9787,3281,23,3,0,1128.0
9788,3282,16,2,10,358.81
9789,3282,26,2,10,986.71
9790,3282,23,9,0,3384.0
9791,3282,3,11,0,368.17
9792,3282,28,10,0,2439.7
9793,3283,8,5,0,1936.65
9794,3283,27,4,0,1387.96
9795,3283,13,4,0,606.52
9796,3283,28,7,0,1707.79
9797,3283,23,9,0,3384.0
9798,3284,17,10,0,837.9
9799,3285,9,3,0,730.44
9800,3285,23,12,10,4060.8
9801,3286,19,10,0,5615.2
9802,3286,3,9,5,286.17
9803,3286,1,3,10,1750.0
9804,3286,21,2,5,1537.04
9805,3286,24,4,0,3211.68
9806,3287,6,6,0,3949.74
9807,3287,2,7,0,248.71
9808,3287,8,2,0,774.66
9809,3288,15,12,0,7130.64
9810,3289,5,3,0,1269.06
9811,3289,17,9,0,754.11
9812,3289,16,9,0,1794.06
9813,3290,7,11,0,6441.05
9814,3290,17,1,0,83.79
9815,3290,27,6,15,1769.65
9816,3291,13,7,0,1061.41
9817,3291,21,7,5,5379.65
9818,3291,12,12,0,4702.92
9819,3291,15,1,0,594.22
9820,3292,18,2,0,1166.44
9821,3293,10,1,0,847.6
9822,3293,7,1,15,497.72
9823,3293,29,4,0,3346.48
9824,3293,26,1,0,548.17
9825,3294,20,7,0,1702.19
9826,3294,2,7,0,248.71
9827,3294,9,10,0,2434.8
9828,3295,14,3,0,2036.01
9829,3295,13,11,0,1667.93
9830,3295,25,8,0,2923.76
9831,3295,10,2,0,1695.2
9832,3296,21,2,0,1617.94
9833,3296,24,3,0,2408.76
9834,3297,21,6,0,4853.82
9835,3297,24,6,0,4817.52
9836,3297,9,1,0,243.48
9837,3298,19,9,0,5053.68
9838,3298,23,3,15,958.8
9839,3298,20,7,0,1702.19
9840,3298,25,10,5,3471.96
9841,3298,29,2,0,1673.24
9842,3299,2,7,0,248.71
9843,3299,8,9,0,3485.97
9844,3299,15,11,0,6536.42
9845,3299,3,3,0,100.41
9846,3300,2,2,0,71.06
9847,3301,3,1,0,33.47
9848,3301,27,9,10,2810.62
9849,3301,10,8,5,6441.76
9850,3301,22,4,0,564.52
9851,3301,18,6,10,3149.39
9852,3302,9,11,0,2678.28
9853,3302,2,9,0,319.77
9854,3302,16,12,0,2392.08
9855,3302,11,9,0,3337.74
9856,3303,7,4,0,2342.2
9857,3304,7,10,0,5855.5
9858,3304,26,12,10,5920.24
9859,3304,4,2,0,570.42
9860,3305,6,8,0,5266.32
9861,3305,28,12,5,2781.26
9862,3305,3,12,5,381.56
9863,3306,5,9,0,3807.18
9864,3307,27,12,0,4163.88
9865,3307,23,2,0,752.0
9866,3307,9,5,0,1217.4
9867,3307,5,5,0,2115.1
9868,3307,16,10,0,1993.4
9869,3308,14,5,0,3393.35
9870,3308,9,10,0,2434.8
9871,3308,17,3,5,238.8
9872,3308,4,7,0,1996.47
9873,3309,17,10,0,837.9
9874,3309,23,11,0,4136.0
9875,3309,2,7,0,248.71
9876,3309,27,10,0,3469.9
9877,3309,5,10,0,4230.2
9878,3310,29,9,0,7529.58
9879,3310,27,11,0,3816.89
9880,3310,1,10,0,6481.5
9881,3311,28,2,0,487.94
9882,3311,12,9,0,3527.19
9883,3311,16,5,5,946.86
9884,3311,15,3,0,1782.66
9885,3312,18,7,0,4082.54
9886,3312,24,11,0,8832.12
9887,3312,14,10,5,6447.36
9888,3312,3,4,0,133.88
9889,3312,1,3,0,1944.45
9890,3313,8,5,0,1936.65
9891,3314,22,10,0,1411.3
9892,3314,9,10,0,2434.8
9893,3314,4,4,0,1140.84
9894,3315,19,3,15,1431.88
9895,3316,7,3,0,1756.65
9896,3316,27,7,0,2428.93
9897,3316,16,7,0,1395.38
9898,3317,18,7,0,4082.54
9899,3318,20,9,5,2079.1
9900,3319,18,11,0,6415.42
9901,3319,15,2,0,1188.44
9902,3319,24,8,0,6423.36
9903,3319,8,7,0,2711.31
9904,3320,22,3,0,423.39
9905,3320,9,12,0,2921.76
9906,3320,10,4,5,3220.88
9907,3320,3,5,0,167.35
9908,3321,20,9,10,1969.68
9909,3321,14,10,0,6786.7
9910,3322,28,6,0,1463.82
9911,3322,9,11,5,2544.37
9912,3322,25,4,0,1461.88
9913,3322,17,9,0,754.11
9914,3322,4,3,5,812.85
9915,3323,10,5,0,4238.0
9916,3324,26,7,5,3645.33
9917,3324,25,11,0,4020.17
9918,3324,14,2,0,1357.34
9919,3325,3,10,0,334.7
9920,3325,26,7,0,3837.19
9921,3325,14,6,0,4072.02
9922,3325,5,1,0,423.02
9923,3325,17,9,0,754.11
9924,3326,2,10,0,355.3
9925,3326,24,6,15,4094.89
9926,3326,15,9,0,5347.98
9927,3326,7,11,0,6441.05
9928,3327,11,2,0,741.72
9929,3327,24,9,0,7226.28
9930,3327,15,7,0,4159.54
9931,3328,27,7,0,2428.93
9932,3328,9,11,0,2678.28
9933,3328,20,2,0,486.34
9934,3329,5,9,0,3807.18
9935,3330,2,11,0,390.83
9936,3331,16,4,10,717.62
9937,3331,7,9,0,5269.95
9938,3332,25,2,0,730.94
9939,3332,16,5,0,996.7
9940,3332,20,4,0,972.68
9941,3333,17,9,0,754.11
9942,3333,13,3,10,409.4
9943,3333,3,4,0,133.88
9944,3333,19,10,0,5615.2
9945,3334,11,5,10,1668.87
9946,3334,22,11,0,1552.43
9947,3334,3,1,10,30.12
9948,3334,28,1,0,243.97
9949,3334,23,3,10,1015.2
9950,3335,8,1,0,387.33
9951,3336,4,10,5,2709.5
9952,3336,8,7,0,2711.31
9953,3336,2,7,0,248.71
9954,3336,25,2,0,730.94
9955,3337,6,9,0,5924.61
9956,3337,11,4,10,1335.1
9957,3337,20,2,0,486.34
9958,3337,27,2,0,693.98
9959,3338,13,6,10,818.8
9960,3338,15,1,0,594.22
9961,3338,6,1,10,592.46
9962,3338,24,2,5,1525.55
9963,3338,12,7,10,2469.03
9964,3339,15,11,5,6209.6
9965,3339,10,5,0,4238.0
9966,3339,23,2,15,639.2
9967,3339,24,5,0,4014.6
9968,3339,28,11,0,2683.67
9969,3340,19,1,5,533.44
9970,3340,8,8,10,2788.78
9971,3340,18,7,15,3470.16
9972,3341,21,4,0,3235.88
9973,3341,5,10,0,4230.2
9974,3341,14,8,0,5429.36
9975,3341,29,11,0,9202.82
9976,3341,18,7,10,3674.29
9977,3342,23,12,0,4512.0
9978,3343,15,5,10,2673.99
9979,3343,23,1,0,376.0
9980,3343,5,8,10,3045.74
9981,3344,6,5,0,3291.45
9982,3344,14,7,0,4750.69
9983,3344,24,3,0,2408.76
9984,3344,21,1,5,768.52
9985,3344,15,12,0,7130.64
9986,3345,1,7,0,4537.05
9987,3345,2,11,5,371.29
9988,3345,16,3,0,598.02
9989,3345,29,10,0,8366.2
9990,3346,23,9,0,3384.0
9991,3347,15,7,0,4159.54
9992,3347,25,1,0,365.47
9993,3347,5,3,0,1269.06
9994,3347,27,10,0,3469.9
9995,3348,23,1,0,376.0
9996,3348,7,7,0,4098.85
9997,3348,26,9,0,4933.53
9998,3349,25,2,0,730.94
9999,3349,1,4,0,2592.6
10000,3349,23,4,0,1504.0
10001,3350,12,2,0,783.82
10002,3350,28,3,0,731.91
10003,3351,19,4,5,2133.78
10004,3351,8,6,0,2323.98
10005,3352,29,9,0,7529.58
10006,3352,16,2,15,338.88
10007,3352,23,8,0,3008.0
10008,3352,24,1,0,802.92
10009,3353,20,2,0,486.34
10010,3354,17,7,15,498.55
10011,3355,19,4,10,2021.47
10012,3355,25,9,0,3289.23
10013,3355,2,11,0,390.83
10014,3355,7,6,0,3513.3
10015,3356,9,9,0,2191.32
10016,3356,21,10,0,8089.7
10017,3356,4,6,0,1711.26
10018,3356,2,7,0,248.71
10019,3357,3,8,0,267.76
10020,3357,1,2,0,1296.3
10021,3358,22,5,0,705.65
10022,3358,19,5,5,2667.22
10023,3358,10,10,0,8476.0
10024,3359,7,10,0,5855.5
10025,3359,15,6,0,3565.32
10026,3360,2,5,0,177.65
10027,3360,15,9,0,5347.98
10028,3360,12,1,15,333.12
10029,3360,16,2,0,398.68
10030,3361,11,1,0,370.86
10031,3361,14,4,0,2714.68
10032,3361,19,8,15,3818.34
10033,3362,9,2,15,413.92
10034,3362,20,7,0,1702.19
10035,3362,5,8,5,3214.95
10036,3363,18,8,0,4665.76
10037,3363,23,12,5,4286.4
10038,3364,22,3,5,402.22
10039,3364,10,3,10,2288.52
10040,3364,6,2,0,1316.58
10041,3364,3,1,10,30.12
10042,3364,27,3,0,1040.97
10043,3365,3,10,0,334.7
10044,3365,20,9,0,2188.53
10045,3365,19,3,0,1684.56
10046,3365,15,2,0,1188.44
10047,3366,26,9,5,4686.85
10048,3366,28,7,10,1537.01
10049,3366,23,3,15,958.8
10050,3367,22,12,0,1693.56
10051,3367,10,8,10,6102.72
10052,3367,27,12,5,3955.69
10053,3368,10,4,15,2881.84
10054,3368,21,7,10,5096.51
10055,3368,4,4,0,1140.84
10056,3368,3,9,0,301.23
10057,3369,9,3,0,730.44
10058,3369,4,9,0,2566.89
10059,3369,18,11,0,6415.42
10060,3369,23,6,0,2256.0
10061,3369,26,7,0,3837.19
10062,3370,18,10,0,5832.2
10063,3370,13,8,0,1213.04
10064,3371,19,12,0,6738.24
10065,3371,12,10,0,3919.1
10066,3371,25,9,0,3289.23
10067,3371,27,12,15,3539.3
10068,3372,26,11,0,6029.87
10069,3372,3,2,0,66.94
10070,3372,10,8,0,6780.8
10071,3372,24,8,5,6102.19
10072,3373,27,8,0,2775.92
10073,3373,25,4,0,1461.88
10074,3373,10,7,0,5933.2
10075,3373,16,9,0,1794.06
10076,3374,19,6,0,3369.12
10077,3375,15,9,0,5347.98
10078,3375,26,3,10,1480.06
10079,3375,23,2,5,714.4
10080,3375,11,11,0,4079.46
10081,3376,29,4,0,3346.48
10082,3376,8,11,0,4260.63
10083,3377,1,2,0,1296.3
10084,3377,15,7,0,4159.54
10085,3378,15,1,5,564.51
10086,3378,12,6,15,1998.74
10087,3378,27,9,10,2810.62
10088,3379,13,7,0,1061.41
10089,3379,17,10,5,796.0
10090,3379,6,3,0,1974.87
10091,3380,18,11,5,6094.65
10092,3380,6,3,0,1974.87
10093,3380,14,2,0,1357.34
10094,3380,23,10,0,3760.0
10095,3380,19,3,0,1684.56
10096,3381,26,8,5,4166.09
10097,3381,12,10,5,3723.14
10098,3381,19,1,0,561.52
10099,3381,17,9,0,754.11
10100,3382,14,4,5,2578.95
10101,3382,19,7,5,3734.11
10102,3382,18,10,5,5540.59
10103,3383,11,9,0,3337.74
10104,3383,27,1,10,312.29
10105,3383,3,3,10,90.37
10106,3384,22,1,0,141.13
10107,3384,14,10,0,6786.7
10108,3384,21,12,0,9707.64
10109,3385,23,7,0,2632.0
10110,3385,15,12,0,7130.64
10111,3385,14,10,0,6786.7
10112,3385,22,12,0,1693.56
10113,3385,8,12,0,4647.96
10114,3386,4,11,10,2823.58
10115,3386,12,3,0,1175.73
10116,3386,19,5,0,2807.6
10117,3387,4,9,0,2566.89
10118,3387,7,9,5,5006.45
10119,3387,20,11,5,2541.13
10120,3387,26,2,15,931.89
10121,3387,6,11,0,7241.19
10122,3388,2,11,0,390.83
10123,3388,24,9,0,7226.28
10124,3388,6,9,0,5924.61
10125,3388,21,8,0,6471.76
10126,3389,24,2,0,1605.84
10127,3389,27,6,0,2081.94
10128,3389,4,3,0,855.63
10129,3389,3,4,5,127.19
10130,3390,21,8,10,5824.58
10131,3390,23,4,0,1504.0
10132,3390,28,9,0,2195.73
10133,3390,2,11,5,371.29
10134,3391,29,8,0,6692.96
10135,3391,1,5,0,3240.75
10136,3391,14,7,0,4750.69
10137,3391,5,2,5,803.74
10138,3391,25,10,10,3289.23
10139,3392,5,8,15,2876.54
10140,3392,7,10,10,5269.95
10141,3392,8,9,10,3137.37
10142,3392,23,8,0,3008.0
10143,3393,9,10,0,2434.8
10144,3393,11,10,5,3523.17
10145,3394,2,12,0,426.36
10146,3394,17,3,10,226.23
10147,3394,23,3,0,1128.0
10148,3394,1,6,0,3888.9
10149,3395,28,12,0,2927.64
10150,3395,13,1,0,151.63
10151,3395,1,11,0,7129.65
10152,3395,25,9,0,3289.23
10153,3396,29,1,0,836.62
10154,3396,27,7,10,2186.04
10155,3396,18,11,0,6415.42
10156,3396,2,3,0,106.59
10157,3396,23,11,0,4136.0
10158,3397,4,1,0,285.21
10159,3397,24,12,0,9635.04
10160,3397,28,5,0,1219.85
10161,3398,15,7,10,3743.59
10162,3398,28,7,0,1707.79
10163,3398,1,12,0,7777.8
10164,3399,8,10,10,3485.97
10165,3399,7,1,10,527.0
10166,3399,2,1,0,35.53
10167,3399,27,11,0,3816.89
10168,3400,19,9,0,5053.68
10169,3400,25,3,0,1096.41
10170,3400,15,12,0,7130.64
10171,3401,6,5,0,3291.45
10172,3401,8,3,0,1161.99
10173,3401,26,9,0,4933.53
10174,3402,5,7,0,2961.14
10175,3402,21,4,10,2912.29
10176,3402,4,3,0,855.63
10177,3402,9,6,0,1460.88
10178,3402,25,10,0,3654.7
10179,3403,19,11,0,6176.72
10180,3403,3,3,0,100.41
10181,3404,20,5,0,1215.85
10182,3404,6,7,0,4608.03
10183,3404,13,4,0,606.52
10184,3404,22,4,0,564.52
10185,3404,27,9,0,3122.91
10186,3405,7,7,5,3893.91
10187,3405,12,3,0,1175.73
10188,3405,23,5,0,1880.0
10189,3406,13,3,0,454.89
10190,3406,27,9,10,2810.62
10191,3406,29,6,0,5019.72
10192,3407,11,6,0,2225.16
10193,3407,7,7,0,4098.85
10194,3408,28,7,0,1707.79
10195,3408,29,10,0,8366.2
10196,3409,24,6,0,4817.52
10197,3409,13,9,0,1364.67
10198,3410,25,2,0,730.94
10199,3410,3,4,0,133.88
10200,3410,26,9,5,4686.85
10201,3411,4,6,0,1711.26
10202,3411,28,6,0,1463.82
10203,3411,13,1,5,144.05
10204,3411,5,11,0,4653.22
10205,3412,8,7,0,2711.31
10206,3412,9,9,0,2191.32
10207,3412,25,6,0,2192.82
10208,3413,15,8,5,4516.07
10209,3413,11,11,0,4079.46
10210,3413,23,5,0,1880.0
10211,3414,18,1,5,554.06
10212,3414,14,4,0,2714.68
10213,3415,20,2,10,437.71
10214,3415,13,11,0,1667.93
10215,3415,5,9,0,3807.18
10216,3415,14,10,0,6786.7
10217,3415,28,2,0,487.94
10218,3416,26,10,0,5481.7
10219,3416,14,8,5,5157.89
10220,3416,18,3,10,1574.69
10221,3416,28,1,15,207.37
10222,3417,20,10,0,2431.7
10223,3417,29,4,5,3179.16
10224,3417,1,5,0,3240.75
10225,3418,15,6,0,3565.32
10226,3419,12,2,0,783.82
10227,3419,4,6,15,1454.57
10228,3419,18,5,0,2916.1
10229,3420,8,6,0,2323.98
10230,3420,6,4,0,2633.16
10231,3420,26,2,0,1096.34
10232,3421,4,6,0,1711.26
10233,3421,16,10,0,1993.4
10234,3422,27,12,0,4163.88
10235,3422,16,9,0,1794.06
10236,3422,12,2,0,783.82
10237,3422,23,4,10,1353.6
10238,3423,1,6,0,3888.9
10239,3423,28,1,0,243.97
10240,3423,11,1,0,370.86
10241,3423,19,10,0,5615.2
10242,3424,14,5,0,3393.35
10243,3425,21,6,0,4853.82
10244,3426,8,10,15,3292.3
10245,3426,19,9,0,5053.68
10246,3426,14,2,0,1357.34
10247,3426,29,12,0,10039.44
10248,3427,27,9,5,2966.76
10249,3427,3,1,0,33.47
10250,3427,12,10,0,3919.1
10251,3427,17,12,5,955.21
10252,3428,26,1,10,493.35
10253,3428,5,5,0,2115.1
10254,3428,9,6,0,1460.88
10255,3428,21,3,5,2305.56
10256,3429,24,9,0,7226.28
10257,3429,9,6,0,1460.88
10258,3429,22,7,0,987.91
10259,3429,15,3,0,1782.66
10260,3429,14,3,0,2036.01
10261,3430,22,7,0,987.91
10262,3430,11,1,0,370.86
10263,3430,17,6,5,477.6
10264,3430,23,10,0,3760.0
10265,3431,17,9,0,754.11
10266,3431,23,8,0,3008.0
10267,3431,19,5,0,2807.6
10268,3431,4,5,0,1426.05
10269,3432,19,8,5,4267.55
10270,3432,14,12,0,8144.04
10271,3433,19,12,5,6401.33
10272,3433,23,11,0,4136.0
10273,3433,13,5,10,682.34
10274,3434,20,12,10,2626.24
10275,3434,26,10,0,5481.7
10276,3434,23,7,0,2632.0
10277,3435,9,5,10,1095.66
10278,3435,29,3,0,2509.86
10279,3435,20,9,0,2188.53
10280,3435,2,3,0,106.59
10281,3435,10,5,0,4238.0
10282,3436,21,12,0,9707.64
10283,3437,5,3,0,1269.06
10284,3438,1,1,5,615.74
10285,3439,26,11,0,6029.87
10286,3439,16,4,0,797.36
10287,3439,13,10,0,1516.3
10288,3440,26,4,0,2192.68
10289,3441,24,6,0,4817.52
10290,3442,19,4,0,2246.08
10291,3443,19,8,0,4492.16
10292,3443,28,1,0,243.97
10293,3443,25,9,15,2795.85
10294,3444,18,9,0,5248.98
10295,3444,23,12,5,4286.4
10296,3444,27,3,0,1040.97
10297,3444,28,11,0,2683.67
10298,3445,3,5,0,167.35
10299,3445,24,9,0,7226.28
10300,3445,7,9,5,5006.45
10301,3446,20,10,0,2431.7
10302,3446,8,10,5,3679.64
10303,3446,23,12,5,4286.4
10304,3446,22,8,0,1129.04
10305,3447,13,7,0,1061.41
10306,3447,4,8,0,2281.68
10307,3448,13,11,5,1584.53
10308,3448,7,7,0,4098.85
10309,3448,27,3,15,884.82
10310,3449,7,6,0,3513.3
10311,3449,11,9,10,3003.97
10312,3450,26,5,15,2329.72
10313,3450,1,4,0,2592.6
10314,3450,2,2,0,71.06
10315,3451,12,12,0,4702.92
10316,3451,16,9,0,1794.06
10317,3452,27,4,0,1387.96
10318,3452,7,2,10,1053.99
10319,3453,16,3,0,598.02
10320,3453,8,11,0,4260.63
10321,3453,5,1,0,423.02
10322,3453,18,11,15,5453.11
10323,3453,11,5,10,1668.87
10324,3454,16,7,0,1395.38
10325,3455,6,9,0,5924.61
10326,3456,28,8,0,1951.76
10327,3456,15,3,0,1782.66
10328,3456,5,4,0,1692.08
10329,3457,28,6,0,1463.82
10330,3457,5,1,0,423.02
10331,3457,24,9,10,6503.65
10332,3457,8,3,0,1161.99
10333,3458,3,9,5,286.17
10334,3458,23,12,5,4286.4
10335,3458,24,2,0,1605.84
10336,3458,16,11,10,1973.47
10337,3459,24,6,10,4335.77
10338,3459,11,8,0,2966.88
10339,3460,29,12,5,9537.47
10340,3460,28,6,0,1463.82
10341,3460,6,9,0,5924.61
10342,3461,25,3,0,1096.41
10343,3461,16,7,0,1395.38
10344,3461,14,3,0,2036.01
10345,3461,18,10,0,5832.2
10346,3462,7,10,5,5562.72
10347,3462,1,2,0,1296.3
10348,3463,6,7,5,4377.63
10349,3463,27,11,0,3816.89
10350,3463,3,9,10,271.11
10351,3463,4,4,0,1140.84
10352,3464,5,1,0,423.02
10353,3464,23,9,0,3384.0
10354,3464,4,3,0,855.63
10355,3464,1,12,0,7777.8
10356,3465,13,3,0,454.89
10357,3465,17,2,0,167.58
10358,3465,26,8,10,3946.82
10359,3465,24,11,0,8832.12
10360,3466,6,12,5,7504.51
10361,3466,14,12,5,7736.84
10362,3466,29,4,10,3011.83
10363,3466,17,10,0,837.9
10364,3467,24,1,0,802.92
10365,3467,4,6,0,1711.26
10366,3468,22,10,5,1340.74
10367,3468,20,10,5,2310.11
10368,3469,22,3,0,423.39
10369,3469,9,2,0,486.96
10370,3469,21,12,0,9707.64
10371,3469,26,7,0,3837.19
10372,3470,23,2,0,752.0
10373,3470,11,11,0,4079.46
10374,3470,21,5,0,4044.85
10375,3470,5,4,0,1692.08
10376,3470,16,9,0,1794.06
10377,3471,12,3,0,1175.73
10378,3471,14,6,0,4072.02
10379,3472,22,10,0,1411.3
10380,3472,2,9,0,319.77
10381,3473,26,5,10,2466.76
10382,3473,11,5,0,1854.3
10383,3473,23,7,0,2632.0
10384,3473,20,2,10,437.71
10385,3473,29,8,0,6692.96
10386,3474,5,12,0,5076.24
10387,3474,29,12,0,10039.44
10388,3474,9,8,0,1947.84
10389,3474,12,4,15,1332.49
10390,3475,17,4,0,335.16
10391,3475,8,1,15,329.23
10392,3475,27,10,0,3469.9
10393,3476,6,10,0,6582.9
10394,3476,13,8,0,1213.04
10395,3476,20,10,0,2431.7
10396,3477,17,3,0,251.37
10397,3478,2,8,0,284.24
10398,3478,15,1,0,594.22
10399,3478,21,3,0,2426.91
10400,3478,27,10,0,3469.9
10401,3478,4,3,0,855.63
10402,3479,17,1,5,79.6
10403,3479,5,6,0,2538.12
10404,3480,16,8,0,1594.72
10405,3480,3,9,0,301.23
10406,3480,29,8,0,6692.96
10407,3480,4,12,5,3251.39
10408,3480,19,2,0,1123.04
10409,3481,20,3,0,729.51
10410,3481,7,10,5,5562.72
10411,3481,19,9,0,5053.68
10412,3482,29,3,0,2509.86
10413,3482,18,1,0,583.22
10414,3483,18,3,0,1749.66
10415,3484,17,12,0,1005.48
10416,3484,22,12,0,1693.56
10417,3484,20,1,0,243.17
10418,3484,24,9,10,6503.65
10419,3485,25,1,0,365.47
10420,3486,2,10,0,355.3
10421,3486,22,11,5,1474.81
10422,3486,25,8,0,2923.76
10423,3486,19,9,0,5053.68
10424,3487,21,8,0,6471.76
10425,3487,7,6,0,3513.3
10426,3487,9,11,0,2678.28
10427,3487,14,4,15,2307.48
10428,3487,8,12,0,4647.96
10429,3488,26,11,0,6029.87
10430,3488,3,9,0,301.23
10431,3488,4,6,0,1711.26
10432,3489,17,7,5,557.2
10433,3489,12,1,10,352.72
10434,3489,7,1,0,585.55
10435,3489,25,4,10,1315.69
10436,3489,2,1,10,31.98
10437,3490,11,7,10,2336.42
10438,3490,18,11,15,5453.11
10439,3491,1,6,10,3500.01
10440,3491,22,2,5,268.15
10441,3491,20,8,0,1945.36
10442,3491,19,2,5,1066.89
10443,3491,14,6,0,4072.02
10444,3492,18,12,0,6998.64
10445,3492,25,10,0,3654.7
10446,3493,27,3,0,1040.97
10447,3494,18,12,10,6298.78
10448,3494,22,10,0,1411.3
10449,3495,5,2,0,846.04
10450,3496,26,11,0,6029.87
10451,3496,6,12,0,7899.48
10452,3496,19,9,10,4548.31
10453,3497,14,4,0,2714.68
10454,3497,27,1,0,346.99
10455,3497,17,10,0,837.9
10456,3497,19,7,0,3930.64
10457,3497,22,8,0,1129.04
10458,3498,9,8,0,1947.84
10459,3498,4,2,0,570.42
10460,3498,21,10,10,7280.73
10461,3498,25,2,0,730.94
10462,3498,6,3,0,1974.87
10463,3499,4,12,10,3080.27
10464,3499,28,3,0,731.91
10465,3500,9,2,0,486.96
10466,3500,5,11,0,4653.22
10467,3501,27,8,0,2775.92
10468,3501,26,11,0,6029.87
10469,3501,9,3,0,730.44
10470,3501,15,1,0,594.22
10471,3502,18,2,0,1166.44
10472,3503,8,2,0,774.66
10473,3503,12,3,10,1058.16
10474,3503,14,3,0,2036.01
10475,3503,4,1,0,285.21
10476,3504,16,8,0,1594.72
10477,3505,4,11,0,3137.31
10478,3505,8,12,0,4647.96
10479,3505,1,9,0,5833.35
10480,3506,12,4,10,1410.88
10481,3506,25,10,0,3654.7
10482,3507,3,1,0,33.47
10483,3507,19,5,0,2807.6
10484,3508,9,7,10,1533.92
10485,3508,25,6,0,2192.82
10486,3508,3,4,0,133.88
10487,3508,1,9,0,5833.35
10488,3509,13,8,0,1213.04
10489,3509,3,11,0,368.17
10490,3510,4,2,0,570.42
10491,3510,9,3,0,730.44
10492,3510,20,5,0,1215.85
10493,3510,8,3,0,1161.99
10494,3510,13,2,0,303.26
10495,3511,20,9,10,1969.68
10496,3512,17,3,0,251.37
10497,3512,18,6,10,3149.39
10498,3512,19,1,10,505.37
10499,3512,20,10,0,2431.7
10500,3512,26,11,10,5426.88
10501,3513,18,10,0,5832.2
10502,3513,15,5,5,2822.54
10503,3514,3,10,0,334.7
10504,3515,26,6,10,2960.12
10505,3515,5,12,0,5076.24
10506,3515,22,7,0,987.91
10507,3516,1,4,0,2592.6
10508,3517,15,10,15,5050.87
10509,3517,3,6,0,200.82
10510,3517,17,3,5,238.8
10511,3517,11,12,0,4450.32
10512,3517,4,10,0,2852.1
10513,3518,28,4,0,975.88
10514,3519,2,5,0,177.65
10515,3519,27,4,0,1387.96
10516,3520,4,6,15,1454.57
10517,3520,27,9,0,3122.91
10518,3520,20,6,15,1240.17
10519,3520,2,7,10,223.84
10520,3520,1,5,10,2916.68
10521,3521,15,5,0,2971.1
10522,3522,2,1,0,35.53
10523,3522,6,3,0,1974.87
10524,3523,8,2,0,774.66
10525,3523,18,6,10,3149.39
10526,3523,28,10,15,2073.74
10527,3523,1,3,10,1750.0
10528,3524,7,8,0,4684.4
10529,3524,26,5,0,2740.85
10530,3524,22,1,5,134.07
10531,3524,27,3,10,936.87
10532,3524,19,10,0,5615.2
10533,3525,26,12,0,6578.04
10534,3525,19,12,10,6064.42
10535,3525,14,2,15,1153.74
10536,3525,4,7,0,1996.47
10537,3526,7,7,0,4098.85
10538,3527,17,5,0,418.95
10539,3527,6,9,10,5332.15
10540,3528,6,6,0,3949.74
10541,3528,25,5,0,1827.35
10542,3528,16,3,0,598.02
10543,3529,22,4,0,564.52
10544,3530,4,1,0,285.21
10545,3530,28,4,0,975.88
10546,3530,9,1,10,219.13
10547,3531,2,6,10,191.86
10548,3531,23,7,10,2368.8
10549,3531,18,8,0,4665.76
10550,3531,8,10,0,3873.3
10551,3531,21,11,0,8898.67
10552,3532,23,5,0,1880.0
10553,3532,4,10,0,2852.1
10554,3532,25,2,0,730.94
10555,3532,11,6,0,2225.16
10556,3533,3,6,0,200.82
10557,3533,7,5,5,2781.36
10558,3533,10,7,10,5339.88
10559,3534,22,5,0,705.65
10560,3534,11,8,10,2670.19
10561,3535,17,5,0,418.95
10562,3535,11,8,0,2966.88
10563,3536,11,1,0,370.86
10564,3537,9,9,0,2191.32
10565,3538,6,1,0,658.29
10566,3538,4,12,0,3422.52
10567,3539,28,4,0,975.88
10568,3539,19,2,0,1123.04
10569,3539,15,8,0,4753.76
10570,3539,26,7,0,3837.19
10571,3539,12,5,0,1959.55
10572,3540,26,3,0,1644.51
10573,3540,10,7,0,5933.2
10574,3540,14,9,0,6108.03
10575,3540,11,1,0,370.86
10576,3541,12,2,0,783.82
10577,3541,22,12,5,1608.88
10578,3541,17,11,10,829.52
10579,3541,5,6,5,2411.21
10580,3541,14,8,0,5429.36
10581,3542,22,1,10,127.02
10582,3542,29,12,0,10039.44
10583,3542,11,2,5,704.63
10584,3542,17,6,0,502.74
10585,3542,3,12,10,361.48
10586,3543,6,4,0,2633.16
10587,3544,17,8,0,670.32
10588,3544,22,2,0,282.26
10589,3544,3,4,0,133.88
10590,3544,6,1,0,658.29
10591,3545,1,6,0,3888.9
10592,3545,2,2,0,71.06
10593,3546,18,9,0,5248.98
10594,3546,16,5,0,996.7
10595,3546,28,8,0,1951.76
10596,3547,22,3,10,381.05
10597,3547,19,2,0,1123.04
10598,3547,25,12,5,4166.36
10599,3547,13,4,0,606.52
10600,3548,19,7,0,3930.64
10601,3548,13,3,0,454.89
10602,3548,10,6,0,5085.6
10603,3548,24,9,0,7226.28
10604,3548,27,9,0,3122.91
10605,3549,14,7,0,4750.69
10606,3549,27,12,0,4163.88
10607,3549,13,7,0,1061.41
10608,3549,10,10,10,7628.4
10609,3550,5,4,0,1692.08
10610,3551,26,6,0,3289.02
10611,3552,7,10,0,5855.5
10612,3552,5,7,0,2961.14
10613,3553,27,7,0,2428.93
10614,3553,18,7,0,4082.54
10615,3553,20,7,10,1531.97
10616,3554,17,6,0,502.74
10617,3555,27,4,10,1249.16
10618,3555,20,3,5,693.03
10619,3555,23,12,0,4512.0
10620,3555,25,8,0,2923.76
10621,3555,28,1,0,243.97
10622,3556,6,7,0,4608.03
10623,3556,14,7,0,4750.69
10624,3556,22,2,5,268.15
10625,3556,8,5,15,1646.15
10626,3557,14,1,0,678.67
10627,3557,27,2,10,624.58
10628,3557,2,2,10,63.95
10629,3557,24,1,10,722.63
10630,3557,11,8,0,2966.88
10631,3558,13,2,10,272.93
10632,3558,8,5,0,1936.65
10633,3558,14,1,0,678.67
10634,3558,16,1,10,179.41
10635,3559,12,10,0,3919.1
10636,3559,5,4,0,1692.08
10637,3559,22,9,0,1270.17
10638,3560,4,12,10,3080.27
10639,3561,18,10,0,5832.2
10640,3561,19,1,0,561.52
10641,3561,26,6,0,3289.02
10642,3562,9,6,15,1241.75
10643,3563,29,5,0,4183.1
10644,3564,19,1,10,505.37
10645,3564,2,10,10,319.77
10646,3564,11,5,0,1854.3
10647,3564,3,11,0,368.17
10648,3564,18,10,0,5832.2
10649,3565,28,10,0,2439.7
10650,3565,29,9,0,7529.58
10651,3565,11,8,10,2670.19
10652,3565,2,11,0,390.83
10653,3566,7,4,0,2342.2
10654,3567,26,11,0,6029.87
10655,3567,15,2,0,1188.44
10656,3567,12,7,0,2743.37
10657,3567,16,7,0,1395.38
10658,3568,20,2,0,486.34
10659,3568,26,7,0,3837.19
10660,3568,21,7,0,5662.79
10661,3569,29,8,0,6692.96
10662,3569,8,5,5,1839.82
10663,3570,21,10,5,7685.22
10664,3570,6,5,10,2962.3
10665,3570,26,4,0,2192.68
10666,3570,23,4,0,1504.0
10667,3571,7,7,0,4098.85
10668,3571,13,3,0,454.89
10669,3571,5,4,0,1692.08
10670,3572,20,11,0,2674.87
10671,3572,11,10,0,3708.6
10672,3572,26,10,0,5481.7
10673,3572,10,5,0,4238.0
10674,3572,28,10,15,2073.74
10675,3573,1,8,0,5185.2
10676,3573,5,1,10,380.72
10677,3573,23,2,0,752.0
10678,3573,27,12,0,4163.88
10679,3573,10,5,15,3602.3
10680,3574,18,1,0,583.22
10681,3574,14,4,10,2443.21
10682,3575,10,8,0,6780.8
10683,3575,9,9,0,2191.32
10684,3575,23,3,0,1128.0
10685,3575,15,2,15,1010.17
10686,3575,29,2,0,1673.24
10687,3576,6,11,0,7241.19
10688,3576,11,11,0,4079.46
10689,3577,15,2,0,1188.44
10690,3577,9,9,0,2191.32
10691,3577,28,2,0,487.94
10692,3578,13,10,10,1364.67
10693,3578,14,9,5,5802.63
10694,3578,4,10,0,2852.1
10695,3578,9,9,0,2191.32
10696,3578,27,10,0,3469.9
10697,3579,20,2,10,437.71
10698,3580,20,9,10,1969.68
10699,3580,27,11,0,3816.89
10700,3580,12,10,10,3527.19
10701,3580,7,5,0,2927.75
10702,3580,4,11,0,3137.31
10703,3581,9,9,0,2191.32
10704,3582,7,9,5,5006.45
10705,3582,4,3,0,855.63
10706,3582,9,3,10,657.4
10707,3583,13,6,10,818.8
10708,3583,25,9,0,3289.23
10709,3583,26,9,10,4440.18
10710,3583,5,12,0,5076.24
10711,3584,5,9,5,3616.82
10712,3584,3,6,10,180.74
10713,3584,15,8,0,4753.76
10714,3584,20,1,0,243.17
10715,3585,27,1,0,346.99
10716,3586,12,7,0,2743.37
10717,3587,28,11,0,2683.67
10718,3587,7,2,0,1171.1
10719,3587,17,3,10,226.23
10720,3587,23,4,5,1428.8
10721,3588,23,5,0,1880.0
10722,3589,14,11,0,7465.37
10723,3590,7,9,0,5269.95
10724,3590,3,8,0,267.76
10725,3591,14,3,0,2036.01
10726,3591,1,10,0,6481.5
10727,3591,24,11,0,8832.12
10728,3592,18,3,10,1574.69
10729,3592,15,8,10,4278.38
10730,3592,20,12,0,2918.04
10731,3592,9,7,10,1533.92
10732,3592,24,10,0,8029.2
10733,3593,27,5,10,1561.46
10734,3594,10,12,0,10171.2
10735,3594,16,2,0,398.68
10736,3595,17,7,0,586.53
10737,3595,23,2,0,752.0
10738,3595,13,6,0,909.78
10739,3595,1,7,0,4537.05
10740,3595,25,1,0,365.47
10741,3596,3,3,0,100.41
10742,3596,4,8,0,2281.68
10743,3597,20,9,10,1969.68
10744,3597,17,4,10,301.64
10745,3597,12,6,0,2351.46
10746,3597,8,12,15,3950.77
10747,3597,29,7,10,5270.71
10748,3598,28,10,0,2439.7
10749,3598,22,11,0,1552.43
10750,3598,12,11,15,3664.36
10751,3598,1,11,0,7129.65
10752,3599,8,11,0,4260.63
10753,3599,26,1,0,548.17
10754,3599,1,10,10,5833.35
10755,3600,22,10,5,1340.74
10756,3600,12,7,0,2743.37
10757,3600,5,7,0,2961.14
10758,3601,22,10,0,1411.3
10759,3601,13,7,10,955.27
10760,3601,24,1,5,762.77
10761,3602,26,5,0,2740.85
10762,3602,14,3,0,2036.01
10763,3602,28,2,0,487.94
10764,3602,19,8,0,4492.16
10765,3602,18,1,0,583.22
10766,3603,10,2,0,1695.2
10767,3603,2,7,0,248.71
10768,3603,5,3,0,1269.06
10769,3604,19,4,0,2246.08
10770,3604,20,11,5,2541.13
10771,3604,8,7,5,2575.74
10772,3604,11,5,0,1854.3
10773,3604,6,9,0,5924.61
10774,3605,29,9,15,6400.14
10775,3606,11,9,0,3337.74
10776,3606,4,7,10,1796.82
10777,3606,24,9,0,7226.28
10778,3607,13,10,0,1516.3
10779,3607,14,1,0,678.67
10780,3608,7,7,5,3893.91
10781,3608,17,8,0,670.32
10782,3608,1,3,0,1944.45
10783,3609,3,10,0,334.7
10784,3609,10,10,0,8476.0
10785,3609,24,2,0,1605.84
10786,3609,15,7,5,3951.56
10787,3610,11,2,15,630.46
10788,3611,8,2,0,774.66
10789,3611,3,10,0,334.7
10790,3612,22,6,10,762.1
10791,3612,1,11,15,6060.2
10792,3613,8,4,0,1549.32
10793,3613,18,12,10,6298.78
10794,3614,14,4,0,2714.68
10795,3614,20,8,0,1945.36
10796,3615,19,6,0,3369.12
10797,3616,4,5,0,1426.05
10798,3617,14,2,0,1357.34
10799,3617,27,7,0,2428.93
10800,3617,8,6,0,2323.98
10801,3617,19,12,0,6738.24
10802,3617,16,1,0,199.34
10803,3618,28,5,5,1158.86
10804,3618,14,8,0,5429.36
10805,3618,13,3,5,432.15
10806,3619,11,2,0,741.72
10807,3619,29,7,10,5270.71
10808,3619,26,6,5,3124.57
10809,3619,14,11,0,7465.37
10810,3619,9,1,0,243.48
10811,3620,4,5,0,1426.05
10812,3620,25,1,0,365.47
10813,3620,11,10,0,3708.6
10814,3621,4,8,0,2281.68
10815,3622,16,12,0,2392.08
10816,3622,8,2,0,774.66
10817,3622,1,9,0,5833.35
10818,3622,14,3,0,2036.01
10819,3623,17,9,10,678.7
10820,3623,16,10,0,1993.4
10821,3623,22,9,10,1143.15
10822,3623,7,11,0,6441.05
10823,3623,3,1,0,33.47
10824,3624,7,7,0,4098.85
10825,3625,13,2,0,303.26
10826,3625,17,5,10,377.06
10827,3626,1,7,0,4537.05
10828,3626,9,9,0,2191.32
10829,3626,19,2,0,1123.04
10830,3627,22,10,0,1411.3
10831,3627,26,3,0,1644.51
10832,3627,16,7,0,1395.38
10833,3628,25,9,10,2960.31
10834,3628,27,7,0,2428.93
10835,3628,11,10,0,3708.6
10836,3629,11,4,15,1260.92
10837,3629,20,12,0,2918.04
10838,3629,18,10,0,5832.2
10839,3629,27,7,0,2428.93
10840,3629,15,12,0,7130.64
10841,3630,4,5,0,1426.05
10842,3630,16,9,10,1614.65
10843,3630,2,7,0,248.71
10844,3630,14,10,0,6786.7
10845,3631,25,6,10,1973.54
10846,3632,23,6,5,2143.2
10847,3632,11,11,0,4079.46
10848,3632,18,1,0,583.22
10849,3633,15,3,5,1693.53
10850,3633,8,12,0,4647.96
10851,3633,26,10,0,5481.7
10852,3633,5,11,0,4653.22
10853,3633,6,3,0,1974.87
10854,3634,6,6,0,3949.74
10855,3634,21,4,0,3235.88
10856,3634,2,12,0,426.36
10857,3634,7,7,0,4098.85
10858,3635,2,2,0,71.06
10859,3635,24,2,10,1445.26
10860,3635,21,8,0,6471.76
10861,3636,6,4,0,2633.16
10862,3637,24,9,0,7226.28
10863,3637,17,7,0,586.53
10864,3637,4,4,10,1026.76
10865,3637,1,7,5,4310.2
10866,3637,16,6,0,1196.04
10867,3638,12,2,0,783.82
10868,3638,14,9,0,6108.03
10869,3639,28,6,0,1463.82
10870,3639,12,10,15,3331.24
10871,3639,27,1,0,346.99
10872,3640,25,1,0,365.47
10873,3641,14,5,0,3393.35
10874,3641,25,3,0,1096.41
10875,3641,15,5,0,2971.1
10876,3641,9,9,0,2191.32
10877,3641,3,10,0,334.7
10878,3642,27,5,0,1734.95
10879,3643,6,12,0,7899.48
10880,3643,21,9,5,6916.69
10881,3643,19,10,0,5615.2
10882,3644,13,7,0,1061.41
10883,3644,19,1,10,505.37
10884,3644,23,6,0,2256.0
10885,3644,24,7,0,5620.44
10886,3645,11,5,0,1854.3
10887,3646,10,8,0,6780.8
10888,3646,9,8,0,1947.84
10889,3646,6,6,0,3949.74
10890,3647,13,8,0,1213.04
10891,3647,29,5,15,3555.64
10892,3647,28,6,0,1463.82
10893,3647,21,4,0,3235.88
10894,3647,24,4,0,3211.68
10895,3648,3,1,10,30.12
10896,3648,12,7,0,2743.37
10897,3648,28,3,10,658.72
10898,3648,15,4,0,2376.88
10899,3648,24,6,0,4817.52
10900,3649,15,3,0,1782.66
10901,3649,1,11,0,7129.65
10902,3649,28,3,0,731.91
10903,3649,5,7,0,2961.14
10904,3650,16,1,0,199.34
10905,3650,4,2,0,570.42
10906,3650,9,7,0,1704.36
10907,3651,3,10,10,301.23
10908,3651,28,6,5,1390.63
10909,3651,20,4,0,972.68
10910,3651,25,1,0,365.47
10911,3651,14,1,0,678.67
10912,3652,4,3,5,812.85
10913,3652,13,3,0,454.89
10914,3652,16,2,0,398.68
10915,3652,18,3,5,1662.18
10916,3653,11,8,0,2966.88
10917,3653,21,7,0,5662.79
10918,3654,24,5,0,4014.6
10919,3654,22,7,0,987.91
10920,3654,11,3,0,1112.58
10921,3654,3,6,5,190.78
10922,3655,29,1,0,836.62
10923,3655,3,2,0,66.94
10924,3655,23,2,5,714.4
10925,3655,14,3,10,1832.41
10926,3656,7,2,0,1171.1
10927,3657,25,9,0,3289.23
10928,3657,19,9,0,5053.68
10929,3657,15,11,10,5882.78
10930,3658,21,9,0,7280.73
10931,3659,3,10,0,334.7
10932,3659,27,9,0,3122.91
10933,3659,22,7,0,987.91
10934,3659,14,8,0,5429.36
10935,3660,2,3,5,101.26
10936,3660,13,4,0,606.52
10937,3660,12,2,0,783.82
10938,3660,17,3,0,251.37
10939,3660,26,10,0,5481.7
10940,3661,8,1,10,348.6
10941,3661,19,5,0,2807.6
10942,3661,17,8,0,670.32
10943,3661,25,3,10,986.77
10944,3662,25,3,10,986.77
10945,3662,15,11,0,6536.42
10946,3662,17,7,0,586.53
10947,3663,29,3,5,2384.37
10948,3664,3,5,10,150.62
10949,3664,13,4,0,606.52
10950,3664,23,12,0,4512.0
10951,3664,29,8,0,6692.96
10952,3664,8,6,0,2323.98
10953,3665,6,12,0,7899.48
10954,3665,21,10,5,7685.22
10955,3665,13,12,10,1637.6
10956,3666,3,8,10,240.98
10957,3667,25,6,0,2192.82
10958,3667,16,5,0,996.7
10959,3668,29,3,0,2509.86
10960,3668,15,2,10,1069.6
10961,3668,6,11,10,6517.07
10962,3669,20,9,0,2188.53
10963,3669,23,6,0,2256.0
10964,3670,29,1,0,836.62
10965,3670,11,1,0,370.86
10966,3670,17,11,5,875.61
10967,3671,28,11,0,2683.67
10968,3671,17,6,0,502.74
10969,3671,19,5,0,2807.6
10970,3672,18,12,0,6998.64
10971,3672,8,3,0,1161.99
10972,3672,22,4,0,564.52
10973,3673,3,3,10,90.37
10974,3674,26,5,0,2740.85
10975,3674,17,9,0,754.11
10976,3674,2,10,15,302.0
10977,3674,1,12,0,7777.8
10978,3675,27,12,15,3539.3
10979,3675,4,2,0,570.42
10980,3675,2,8,10,255.82
10981,3675,28,8,0,1951.76
10982,3675,22,7,0,987.91
10983,3676,26,11,0,6029.87
10984,3676,13,5,0,758.15
10985,3677,21,8,5,6148.17
10986,3677,15,3,0,1782.66
10987,3678,20,9,0,2188.53
10988,3678,10,7,0,5933.2
10989,3678,4,11,5,2980.44
10990,3678,9,3,0,730.44
10991,3678,22,2,0,282.26
10992,3679,29,11,0,9202.82
10993,3680,7,10,5,5562.72
10994,3681,2,1,0,35.53
10995,3681,23,5,0,1880.0
10996,3682,7,1,10,527.0
10997,3682,10,7,0,5933.2
10998,3683,21,12,5,9222.26
10999,3683,5,9,0,3807.18
11000,3683,10,9,0,7628.4
11001,3684,18,10,0,5832.2
11002,3684,8,4,0,1549.32
11003,3684,14,6,0,4072.02
11004,3685,1,1,0,648.15
11005,3685,16,1,0,199.34
11006,3685,27,12,5,3955.69
11007,3686,22,9,0,1270.17
11008,3687,19,8,10,4042.94
11009,3687,23,8,5,2857.6
11010,3687,2,9,5,303.78
11011,3687,17,5,0,418.95
11012,3688,29,6,0,5019.72
11013,3688,4,3,0,855.63
11014,3688,6,5,0,3291.45
11015,3688,15,5,10,2673.99
11016,3689,29,5,0,4183.1
11017,3689,15,5,15,2525.44
11018,3689,2,7,0,248.71
11019,3690,4,9,0,2566.89
11020,3690,9,6,0,1460.88
11021,3691,5,10,0,4230.2
11022,3691,15,10,0,5942.2
11023,3691,28,4,0,975.88
11024,3691,14,8,0,5429.36
11025,3692,29,1,5,794.79
11026,3693,29,4,0,3346.48
11027,3693,7,11,0,6441.05
11028,3693,23,10,0,3760.0
11029,3694,27,8,0,2775.92
11030,3694,18,9,0,5248.98
11031,3694,6,9,5,5628.38
11032,3694,22,11,10,1397.19
11033,3694,26,5,0,2740.85
11034,3695,19,10,0,5615.2
11035,3695,4,10,0,2852.1
11036,3695,10,10,0,8476.0
11037,3695,8,7,0,2711.31
11038,3696,19,3,0,1684.56
11039,3696,2,12,15,362.41
11040,3696,5,10,0,4230.2
11041,3696,17,1,10,75.41
11042,3696,21,5,0,4044.85
11043,3697,14,12,15,6922.43
11044,3697,20,3,0,729.51
11045,3697,10,8,0,6780.8
11046,3697,26,2,0,1096.34
11047,3697,19,5,0,2807.6
11048,3698,7,5,0,2927.75
11049,3698,4,7,0,1996.47
11050,3699,28,12,5,2781.26
11051,3700,16,12,0,2392.08
11052,3700,17,5,0,418.95
11053,3700,1,3,15,1652.78
11054,3700,12,5,0,1959.55
11055,3701,2,11,0,390.83
11056,3701,14,4,0,2714.68
11057,3701,12,10,5,3723.14
11058,3701,8,8,0,3098.64
11059,3701,1,3,0,1944.45
11060,3702,1,10,10,5833.35
11061,3702,20,2,0,486.34
11062,3703,14,8,0,5429.36
11063,3703,24,1,0,802.92
11064,3703,12,7,0,2743.37
11065,3703,29,3,0,2509.86
11066,3703,7,10,0,5855.5
11067,3704,28,9,0,2195.73
11068,3704,15,1,0,594.22
11069,3704,18,12,0,6998.64
11070,3704,26,10,0,5481.7
11071,3704,8,9,10,3137.37
11072,3705,12,2,0,783.82
11073,3705,22,1,0,141.13
11074,3706,20,3,0,729.51
11075,3707,12,1,10,352.72
11076,3708,8,7,5,2575.74
11077,3708,5,8,0,3384.16
11078,3708,22,7,0,987.91
11079,3708,23,7,0,2632.0
11080,3708,25,2,0,730.94
11081,3709,8,11,0,4260.63
11082,3709,7,10,0,5855.5
11083,3709,24,11,0,8832.12
11084,3709,20,9,0,2188.53
11085,3709,28,11,0,2683.67
11086,3710,2,2,0,71.06
11087,3710,15,1,0,594.22
11088,3710,27,9,5,2966.76
11089,3710,25,2,0,730.94
11090,3711,2,6,0,213.18
11091,3711,20,7,0,1702.19
11092,3712,20,12,10,2626.24
11093,3713,6,6,0,3949.74
11094,3713,24,11,15,7507.3
11095,3713,3,4,5,127.19
11096,3714,19,9,0,5053.68
11097,3714,26,1,0,548.17
11098,3714,13,8,0,1213.04
11099,3714,5,5,0,2115.1
11100,3714,16,7,0,1395.38
11101,3715,11,4,0,1483.44
11102,3715,18,6,0,3499.32
11103,3716,28,6,0,1463.82
11104,3716,25,11,0,4020.17
11105,3716,23,2,0,752.0
11106,3716,6,1,0,658.29
11107,3716,22,1,0,141.13
11108,3717,19,8,10,4042.94
11109,3718,6,1,0,658.29
11110,3718,2,6,0,213.18
11111,3719,29,12,15,8533.52
11112,3719,10,10,0,8476.0
11113,3719,22,7,0,987.91
11114,3720,22,1,0,141.13
11115,3720,24,12,0,9635.04
11116,3720,27,1,0,346.99
11117,3721,4,7,0,1996.47
11118,3721,28,5,0,1219.85
11119,3721,8,2,0,774.66
11120,3721,11,2,0,741.72
11121,3722,10,6,0,5085.6
11122,3722,11,5,0,1854.3
11123,3722,8,2,5,735.93
11124,3722,27,12,0,4163.88
11125,3723,6,5,15,2797.73
11126,3723,3,1,0,33.47
11127,3724,23,6,0,2256.0
11128,3724,22,2,0,282.26
11129,3724,3,7,0,234.29
11130,3724,14,10,0,6786.7
11131,3724,21,10,0,8089.7
11132,3725,2,1,0,35.53
11133,3725,29,9,0,7529.58
11134,3725,18,10,5,5540.59
11135,3725,10,1,0,847.6
11136,3726,10,7,5,5636.54
11137,3726,14,7,0,4750.69
11138,3727,28,9,0,2195.73
11139,3727,20,3,10,656.56
11140,3727,7,7,5,3893.91
11141,3728,27,10,0,3469.9
11142,3728,13,10,10,1364.67
11143,3728,7,7,10,3688.96
11144,3728,15,3,0,1782.66
11145,3728,22,7,0,987.91
11146,3729,18,9,0,5248.98
11147,3730,3,9,0,301.23
11148,3730,7,9,0,5269.95
11149,3730,15,9,15,4545.78
11150,3730,8,11,0,4260.63
11151,3731,2,9,0,319.77
11152,3731,21,11,0,8898.67
11153,3731,7,11,0,6441.05
11154,3731,9,11,0,2678.28
11155,3732,9,6,0,1460.88
11156,3733,29,7,0,5856.34
11157,3733,15,3,0,1782.66
11158,3733,23,6,0,2256.0
11159,3733,25,8,0,2923.76
11160,3733,13,2,0,303.26
11161,3734,14,1,5,644.74
11162,3734,7,12,10,6323.94
11163,3734,15,10,0,5942.2
11164,3734,22,4,0,564.52
11165,3735,22,3,0,423.39
11166,3736,1,8,0,5185.2
11167,3736,15,11,0,6536.42
11168,3736,10,9,0,7628.4
11169,3737,6,7,0,4608.03
11170,3737,3,1,0,33.47
11171,3738,29,1,0,836.62
11172,3738,9,10,5,2313.06
11173,3738,2,6,0,213.18
11174,3738,26,3,0,1644.51
11175,3738,6,2,0,1316.58
11176,3739,15,6,0,3565.32
11177,3739,12,9,0,3527.19
11178,3739,25,6,5,2083.18
11179,3740,4,8,0,2281.68
11180,3740,21,5,10,3640.36
11181,3740,8,12,0,4647.96
11182,3740,16,2,0,398.68
11183,3741,9,8,0,1947.84
11184,3741,13,5,0,758.15
11185,3742,19,2,0,1123.04
11186,3742,5,2,0,846.04
11187,3743,8,3,0,1161.99
11188,3743,5,5,0,2115.1
11189,3743,11,2,5,704.63
11190,3743,19,10,0,5615.2
11191,3743,28,12,0,2927.64
11192,3744,23,7,0,2632.0
11193,3744,6,5,5,3126.88
11194,3745,10,10,0,8476.0
11195,3745,24,8,0,6423.36
11196,3746,27,2,0,693.98
11197,3746,29,8,0,6692.96
11198,3746,25,1,0,365.47
11199,3746,26,12,0,6578.04
11200,3746,24,5,0,4014.6
11201,3747,25,5,0,1827.35
11202,3747,14,3,0,2036.01
11203,3747,12,2,0,783.82
11204,3748,19,11,0,6176.72
11205,3748,9,5,0,1217.4
11206,3748,3,6,0,200.82
11207,3749,27,7,0,2428.93
11208,3749,17,9,0,754.11
11209,3749,9,3,0,730.44
11210,3750,24,3,0,2408.76
11211,3750,4,6,0,1711.26
11212,3751,25,1,5,347.2
11213,3751,21,12,0,9707.64
11214,3751,9,1,5,231.31
11215,3751,2,2,0,71.06
11216,3751,27,11,0,3816.89
11217,3752,18,7,0,4082.54
11218,3752,26,5,0,2740.85
11219,3752,24,1,10,722.63
11220,3753,13,3,0,454.89
11221,3753,10,5,0,4238.0
11222,3754,2,9,0,319.77
11223,3754,14,3,0,2036.01
11224,3755,20,12,0,2918.04
11225,3755,9,5,0,1217.4
11226,3755,2,1,0,35.53
11227,3756,27,9,0,3122.91
11228,3756,13,11,0,1667.93
11229,3756,17,9,5,716.4
11230,3756,8,3,0,1161.99
11231,3757,29,12,0,10039.44
11232,3757,4,8,0,2281.68
11233,3757,20,4,5,924.05
11234,3758,7,2,0,1171.1
11235,3758,18,7,0,4082.54
11236,3758,26,9,0,4933.53
11237,3758,19,6,5,3200.66
11238,3759,26,6,0,3289.02
11239,3760,14,2,0,1357.34
11240,3761,24,1,0,802.92
11241,3761,21,10,0,8089.7
11242,3761,19,3,0,1684.56
11243,3762,25,11,0,4020.17
11244,3763,12,7,15,2331.86
11245,3763,14,2,0,1357.34
11246,3764,9,4,0,973.92
11247,3764,13,8,5,1152.39
11248,3764,14,1,0,678.67
11249,3765,10,4,10,3051.36
11250,3765,9,1,10,219.13
11251,3766,4,7,0,1996.47
11252,3767,18,1,0,583.22
11253,3768,12,9,0,3527.19
11254,3769,15,12,0,7130.64
11255,3769,24,6,0,4817.52
11256,3769,23,12,0,4512.0
11257,3769,20,5,0,1215.85
11258,3769,16,4,0,797.36
11259,3770,7,10,0,5855.5
11260,3770,27,9,10,2810.62
11261,3771,29,9,5,7153.1
11262,3771,5,10,0,4230.2
11263,3771,28,4,0,975.88
11264,3771,19,7,0,3930.64
11265,3771,14,6,0,4072.02
11266,3772,14,5,0,3393.35
11267,3772,26,8,0,4385.36
11268,3772,12,2,0,783.82
11269,3773,29,10,0,8366.2
11270,3774,20,3,0,729.51
11271,3774,18,8,15,3965.9
11272,3774,26,4,0,2192.68
11273,3774,19,5,0,2807.6
11274,3774,2,9,0,319.77
11275,3775,8,1,0,387.33
11276,3776,2,3,0,106.59
11277,3777,9,7,0,1704.36
11278,3777,15,4,0,2376.88
11279,3777,25,11,0,4020.17
11280,3777,1,3,0,1944.45
11281,3777,16,2,10,358.81
11282,3778,3,12,0,401.64
11283,3778,15,6,5,3387.05
11284,3779,11,4,0,1483.44
11285,3779,16,6,0,1196.04
11286,3779,26,3,0,1644.51
11287,3779,9,7,0,1704.36
11288,3779,15,9,0,5347.98
11289,3780,1,9,0,5833.35
11290,3780,3,7,5,222.58
11291,3780,13,1,0,151.63
11292,3781,22,4,0,564.52
11293,3781,20,10,0,2431.7
11294,3781,25,9,0,3289.23
11295,3781,21,4,0,3235.88
11296,3782,3,9,0,301.23
11297,3782,26,9,0,4933.53
11298,3782,17,4,0,335.16
11299,3783,3,4,0,133.88
11300,3783,24,7,0,5620.44
11301,3783,11,11,0,4079.46
11302,3784,11,3,0,1112.58
11303,3784,13,9,0,1364.67
11304,3784,25,1,0,365.47
11305,3784,3,6,10,180.74
11306,3785,17,8,0,670.32
11307,3785,22,5,5,670.37
11308,3785,4,12,15,2909.14
11309,3785,20,1,5,231.01
11310,3786,20,10,0,2431.7
11311,3786,10,6,0,5085.6
11312,3786,18,6,0,3499.32
11313,3786,9,2,0,486.96
11314,3787,26,4,0,2192.68
11315,3787,25,10,0,3654.7
11316,3788,13,6,0,909.78
11317,3788,27,6,0,2081.94
11318,3788,4,2,10,513.38
11319,3788,20,1,0,243.17
11320,3788,8,8,0,3098.64
11321,3789,6,11,0,7241.19
11322,3790,11,2,0,741.72
11323,3790,13,2,0,303.26
11324,3791,28,7,0,1707.79
11325,3791,13,2,5,288.1
11326,3791,1,10,0,6481.5
11327,3791,3,11,0,368.17
11328,3791,14,1,5,644.74
11329,3792,16,12,0,2392.08
11330,3792,11,8,0,2966.88
11331,3792,4,11,5,2980.44
11332,3793,29,3,10,2258.87
11333,3793,18,11,0,6415.42
11334,3794,4,6,0,1711.26
11335,3794,28,4,0,975.88
11336,3794,29,6,0,5019.72
11337,3794,18,5,0,2916.1
11338,3794,12,12,0,4702.92
11339,3795,10,1,0,847.6
11340,3795,5,2,0,846.04
11341,3796,29,8,0,6692.96
11342,3796,6,6,0,3949.74
11343,3797,15,1,5,564.51
11344,3797,8,1,0,387.33
11345,3797,19,3,5,1600.33
11346,3798,2,2,0,71.06
11347,3799,19,4,0,2246.08
11348,3799,4,12,0,3422.52
11349,3799,28,3,0,731.91
11350,3800,6,5,10,2962.3
11351,3800,25,8,15,2485.2
11352,3800,5,11,0,4653.22
11353,3800,22,10,0,1411.3
11354,3800,17,6,0,502.74
11355,3801,15,1,0,594.22
11356,3801,22,8,0,1129.04
11357,3801,21,2,0,1617.94
11358,3802,23,3,0,1128.0
11359,3802,13,8,0,1213.04
11360,3803,14,6,10,3664.82
11361,3804,17,11,0,921.69
11362,3804,5,6,0,2538.12
11363,3804,23,11,0,4136.0
11364,3804,7,1,0,585.55
11365,3804,4,4,0,1140.84
11366,3805,5,1,0,423.02
11367,3806,17,4,5,318.4
11368,3806,29,5,0,4183.1
11369,3806,1,12,0,7777.8
11370,3806,10,1,0,847.6
11371,3806,27,4,0,1387.96
11372,3807,26,1,0,548.17
11373,3808,10,1,15,720.46
11374,3808,13,4,0,606.52
11375,3809,6,10,0,6582.9
11376,3809,12,12,0,4702.92
11377,3809,13,5,15,644.43
11378,3809,27,2,0,693.98
11379,3809,17,2,0,167.58
11380,3810,9,2,0,486.96
11381,3810,12,4,10,1410.88
11382,3810,1,11,0,7129.65
11383,3810,6,6,0,3949.74
11384,3810,11,10,0,3708.6
11385,3811,13,6,0,909.78
11386,3811,16,6,0,1196.04
11387,3811,1,4,0,2592.6
11388,3811,21,6,0,4853.82
11389,3811,12,11,0,4311.01
11390,3812,17,1,0,83.79
11391,3812,27,6,5,1977.84
11392,3813,23,7,10,2368.8
11393,3814,8,1,0,387.33
11394,3814,27,11,0,3816.89
11395,3814,13,1,5,144.05
11396,3814,21,7,10,5096.51
11397,3814,5,10,0,4230.2
11398,3815,16,2,0,398.68
11399,3816,24,8,0,6423.36
11400,3816,18,5,5,2770.3
11401,3816,7,1,0,585.55
11402,3816,13,12,0,1819.56
11403,3817,15,5,0,2971.1
11404,3817,5,12,0,5076.24
11405,3817,21,11,0,8898.67
11406,3817,13,3,0,454.89
11407,3817,3,12,0,401.64
11408,3818,6,10,0,6582.9
11409,3818,24,5,0,4014.6
11410,3819,17,4,0,335.16
11411,3819,11,1,5,352.32
11412,3819,22,1,0,141.13
11413,3820,23,7,0,2632.0
11414,3820,5,3,0,1269.06
11415,3820,14,6,0,4072.02
11416,3820,27,6,10,1873.75
11417,3821,19,11,0,6176.72
11418,3821,13,6,0,909.78
11419,3822,23,8,0,3008.0
11420,3823,13,5,0,758.15
11421,3823,16,3,0,598.02
11422,3823,27,7,0,2428.93
11423,3824,12,8,0,3135.28
11424,3825,8,10,0,3873.3
11425,3825,27,1,0,346.99
11426,3826,26,12,0,6578.04
11427,3826,19,3,5,1600.33
11428,3826,17,4,0,335.16
11429,3826,12,4,0,1567.64
11430,3826,25,5,0,1827.35
11431,3827,11,1,0,370.86
11432,3828,18,1,0,583.22
11433,3828,1,11,0,7129.65
11434,3828,11,7,0,2596.02
11435,3828,23,11,15,3515.6
11436,3828,24,1,0,802.92
11437,3829,1,11,0,7129.65
11438,3830,4,7,0,1996.47
11439,3830,14,9,0,6108.03
11440,3830,13,5,0,758.15
11441,3830,3,4,0,133.88
11442,3830,7,1,0,585.55
11443,3831,27,7,5,2307.48
11444,3832,24,3,0,2408.76
11445,3832,23,10,0,3760.0
11446,3833,8,8,0,3098.64
11447,3833,4,6,0,1711.26
11448,3833,6,10,5,6253.75
11449,3834,25,6,0,2192.82
11450,3834,2,10,0,355.3
11451,3834,7,3,15,1493.15
11452,3834,22,2,5,268.15
11453,3835,22,7,0,987.91
11454,3835,3,5,0,167.35
11455,3835,7,3,0,1756.65
11456,3835,29,7,0,5856.34
11457,3835,26,1,5,520.76
11458,3836,5,11,0,4653.22
11459,3836,6,3,0,1974.87
11460,3836,3,1,5,31.8
11461,3836,8,12,10,4183.16
11462,3837,2,6,0,213.18
11463,3837,10,9,0,7628.4
11464,3837,25,3,0,1096.41
11465,3838,22,8,0,1129.04
11466,3838,9,1,0,243.48
11467,3838,16,12,10,2152.87
11468,3838,15,10,0,5942.2
11469,3839,16,2,0,398.68
11470,3839,4,2,10,513.38
11471,3839,3,6,0,200.82
11472,3839,20,3,0,729.51
11473,3840,26,1,0,548.17
11474,3840,28,3,15,622.12
11475,3840,1,4,0,2592.6
11476,3840,9,7,0,1704.36
11477,3840,29,12,0,10039.44
11478,3841,11,12,0,4450.32
11479,3841,1,11,0,7129.65
11480,3841,16,3,0,598.02
11481,3841,18,2,0,1166.44
11482,3841,24,6,0,4817.52
11483,3842,21,11,5,8453.74
11484,3843,17,7,0,586.53
11485,3844,25,7,15,2174.55
11486,3844,23,4,0,1504.0
11487,3844,5,9,0,3807.18
11488,3844,26,6,10,2960.12
11489,3844,19,6,0,3369.12
11490,3845,26,12,15,5591.33
11491,3846,22,12,0,1693.56
11492,3846,1,8,10,4666.68
11493,3846,18,12,0,6998.64
11494,3846,5,8,0,3384.16
11495,3846,2,3,0,106.59
11496,3847,21,7,0,5662.79
11497,3848,17,12,0,1005.48
11498,3849,13,8,0,1213.04
11499,3849,23,9,0,3384.0
11500,3850,13,4,0,606.52
11501,3850,14,2,0,1357.34
11502,3850,8,9,0,3485.97
11503,3850,3,7,0,234.29
11504,3850,25,10,0,3654.7
11505,3851,12,8,0,3135.28
11506,3851,25,3,10,986.77
11507,3851,23,9,0,3384.0
11508,3851,2,5,0,177.65
11509,3851,22,6,15,719.76
11510,3852,24,9,10,6503.65
11511,3853,4,3,0,855.63
11512,3853,29,1,0,836.62
11513,3853,23,1,0,376.0
11514,3853,3,3,0,100.41
11515,3854,11,5,0,1854.3
11516,3854,24,9,0,7226.28
11517,3854,9,3,0,730.44
11518,3854,27,11,0,3816.89
11519,3854,3,4,0,133.88
11520,3855,23,1,0,376.0
11521,3855,28,5,15,1036.87
11522,3856,3,8,15,227.6
11523,3856,21,5,0,4044.85
11524,3856,27,11,5,3626.05
11525,3857,26,12,0,6578.04
11526,3857,4,2,10,513.38
11527,3857,17,2,5,159.2
11528,3857,9,7,0,1704.36
11529,3857,24,6,0,4817.52
11530,3858,23,12,0,4512.0
11531,3858,3,1,0,33.47
11532,3859,29,3,0,2509.86
11533,3860,7,1,5,556.27
11534,3860,29,5,0,4183.1
11535,3861,29,4,5,3179.16
11536,3861,19,3,5,1600.33
11537,3862,22,8,10,1016.14
11538,3862,26,6,0,3289.02
11539,3862,16,3,0,598.02
11540,3862,15,12,0,7130.64
11541,3863,21,12,5,9222.26
11542,3863,25,4,0,1461.88
11543,3863,6,1,0,658.29
11544,3864,12,2,0,783.82
11545,3864,15,7,5,3951.56
11546,3864,20,6,5,1386.07
11547,3864,4,1,0,285.21
11548,3864,19,7,0,3930.64
11549,3865,25,1,0,365.47
11550,3865,7,11,0,6441.05
11551,3866,17,12,10,904.93
11552,3866,11,10,0,3708.6
11553,3866,28,4,0,975.88
11554,3867,6,8,0,5266.32
11555,3867,3,6,0,200.82
11556,3867,8,7,0,2711.31
11557,3867,21,10,0,8089.7
11558,3868,11,4,0,1483.44
11559,3868,29,3,5,2384.37
11560,3868,9,2,0,486.96
11561,3868,3,11,0,368.17
11562,3868,6,1,0,658.29
11563,3869,12,11,10,3879.91
11564,3869,28,11,0,2683.67
11565,3869,17,12,0,1005.48
11566,3869,18,2,0,1166.44
11567,3870,11,10,0,3708.6
11568,3870,4,1,0,285.21
11569,3870,3,3,0,100.41
11570,3870,26,10,0,5481.7
11571,3871,14,2,0,1357.34
11572,3871,9,1,5,231.31
11573,3872,9,5,0,1217.4
11574,3872,26,2,0,1096.34
11575,3872,14,10,0,6786.7
11576,3872,10,7,0,5933.2
11577,3872,28,7,0,1707.79
11578,3873,8,2,0,774.66
11579,3873,13,4,0,606.52
11580,3873,5,2,5,803.74
11581,3873,27,7,0,2428.93
11582,3873,22,8,0,1129.04
11583,3874,25,6,5,2083.18
11584,3875,29,7,15,4977.89
11585,3875,16,7,0,1395.38
11586,3875,12,8,0,3135.28
11587,3876,7,4,0,2342.2
11588,3876,11,12,5,4227.8
11589,3876,13,7,15,902.2
11590,3876,1,3,15,1652.78
11591,3877,15,7,15,3535.61
11592,3877,7,6,0,3513.3
11593,3877,14,6,0,4072.02
11594,3877,13,1,0,151.63
11595,3877,5,5,0,2115.1
11596,3878,7,5,10,2634.98
11597,3878,28,11,0,2683.67
11598,3878,3,1,5,31.8
11599,3879,22,4,10,508.07
11600,3879,20,11,0,2674.87
11601,3879,10,5,5,4026.1
11602,3879,29,10,5,7947.89
11603,3880,16,10,0,1993.4
11604,3880,11,7,10,2336.42
11605,3881,26,11,0,6029.87
11606,3881,24,10,0,8029.2
11607,3881,28,7,5,1622.4
11608,3882,28,3,0,731.91
11609,3882,19,3,0,1684.56
11610,3883,5,2,0,846.04
11611,3883,27,2,5,659.28
11612,3883,14,5,0,3393.35
11613,3883,7,3,0,1756.65
11614,3884,29,11,0,9202.82
11615,3884,3,3,15,85.35
11616,3884,26,12,0,6578.04
11617,3884,8,6,0,2323.98
11618,3885,15,5,5,2822.54
11619,3885,26,11,0,6029.87
11620,3885,28,3,0,731.91
11621,3886,18,9,0,5248.98
11622,3886,2,11,15,332.21
11623,3886,3,1,0,33.47
11624,3886,21,9,0,7280.73
11625,3886,25,12,0,4385.64
11626,3887,19,2,10,1010.74
11627,3887,4,12,0,3422.52
11628,3887,17,10,5,796.0
11629,3887,28,7,15,1451.62
11630,3887,27,3,0,1040.97
11631,3888,16,12,0,2392.08
11632,3888,11,2,0,741.72
11633,3888,21,11,15,7563.87
11634,3889,25,5,0,1827.35
11635,3889,18,4,10,2099.59
11636,3889,5,4,10,1522.87
11637,3889,20,9,0,2188.53
11638,3890,26,12,0,6578.04
11639,3890,4,5,0,1426.05
11640,3891,2,11,0,390.83
11641,3891,17,1,10,75.41
11642,3891,16,6,0,1196.04
11643,3892,26,4,0,2192.68
11644,3892,9,5,0,1217.4
11645,3893,16,2,0,398.68
11646,3893,21,2,5,1537.04
11647,3894,12,8,10,2821.75
11648,3894,3,7,0,234.29
11649,3894,18,1,10,524.9
11650,3894,27,6,5,1977.84
11651,3894,23,12,0,4512.0
11652,3895,14,12,0,8144.04
11653,3895,6,7,0,4608.03
11654,3895,26,12,15,5591.33
11655,3895,27,10,0,3469.9
11656,3896,10,6,0,5085.6
11657,3896,23,8,0,3008.0
11658,3896,16,7,0,1395.38
11659,3896,13,10,0,1516.3
11660,3897,28,12,15,2488.49
11661,3897,9,11,0,2678.28
11662,3897,13,6,0,909.78
11663,3898,18,7,0,4082.54
11664,3898,22,6,0,846.78
11665,3899,29,7,0,5856.34
11666,3899,3,7,10,210.86
11667,3899,10,12,10,9154.08
11668,3900,2,2,0,71.06
11669,3900,8,7,10,2440.18
11670,3900,21,4,0,3235.88
11671,3900,22,5,0,705.65
11672,3901,19,6,0,3369.12
11673,3901,21,5,0,4044.85
11674,3902,5,12,0,5076.24
11675,3902,25,1,15,310.65
11676,3902,7,10,0,5855.5
11677,3902,3,6,0,200.82
11678,3902,12,10,0,3919.1
11679,3903,10,6,0,5085.6
11680,3904,25,3,0,1096.41
11681,3904,19,6,10,3032.21
11682,3904,10,6,0,5085.6
11683,3904,5,10,10,3807.18
11684,3904,8,7,0,2711.31
11685,3905,20,3,0,729.51
11686,3905,21,2,15,1375.25
11687,3905,4,4,0,1140.84
11688,3905,3,1,0,33.47
11689,3906,7,4,0,2342.2
11690,3906,1,6,15,3305.56
11691,3907,1,7,0,4537.05
11692,3907,26,2,0,1096.34
11693,3908,4,11,10,2823.58
11694,3908,9,9,15,1862.62
11695,3908,18,10,10,5248.98
11696,3909,18,7,0,4082.54
11697,3909,3,2,0,66.94
11698,3910,26,4,0,2192.68
11699,3910,16,12,0,2392.08
11700,3910,20,1,0,243.17
11701,3911,29,4,0,3346.48
11702,3911,11,11,0,4079.46
11703,3911,21,8,0,6471.76
11704,3911,22,4,0,564.52
11705,3912,7,1,0,585.55
11706,3913,28,8,0,1951.76
11707,3914,9,3,0,730.44
11708,3914,18,2,0,1166.44
11709,3915,3,8,10,240.98
11710,3915,16,2,0,398.68
11711,3915,17,9,10,678.7
11712,3915,20,5,0,1215.85
11713,3915,6,6,0,3949.74
11714,3916,16,11,5,2083.1
11715,3916,10,5,0,4238.0
11716,3916,15,12,0,7130.64
11717,3917,11,8,0,2966.88
11718,3917,2,5,0,177.65
11719,3917,12,5,0,1959.55
11720,3917,29,11,0,9202.82
11721,3917,20,11,0,2674.87
11722,3918,28,2,10,439.15
11723,3919,28,11,0,2683.67
11724,3919,26,11,0,6029.87
11725,3920,18,7,0,4082.54
11726,3920,13,6,0,909.78
11727,3920,26,12,5,6249.14
11728,3920,19,3,0,1684.56
11729,3920,2,4,0,142.12
11730,3921,15,3,0,1782.66
11731,3921,7,10,0,5855.5
11732,3921,28,7,0,1707.79
11733,3921,14,7,0,4750.69
11734,3922,13,4,5,576.19
11735,3922,15,4,0,2376.88
11736,3922,11,8,0,2966.88
11737,3922,7,1,0,585.55
11738,3923,28,11,5,2549.49
11739,3924,9,3,0,730.44
11740,3924,17,8,0,670.32
11741,3924,6,9,0,5924.61
11742,3925,27,6,0,2081.94
11743,3925,24,11,0,8832.12
11744,3925,7,9,0,5269.95
11745,3926,8,1,0,387.33
11746,3927,27,12,0,4163.88
11747,3927,9,3,0,730.44
11748,3928,4,6,0,1711.26
11749,3928,20,8,0,1945.36
11750,3929,15,7,0,4159.54
11751,3930,15,4,0,2376.88
11752,3930,18,10,0,5832.2
11753,3930,24,12,0,9635.04
11754,3931,15,7,0,4159.54
11755,3931,29,9,0,7529.58
11756,3932,18,8,5,4432.47
11757,3933,24,2,10,1445.26
11758,3933,23,4,0,1504.0
11759,3934,11,6,0,2225.16
11760,3934,6,12,0,7899.48
11761,3934,3,3,0,100.41
11762,3935,18,12,10,6298.78
11763,3935,23,1,0,376.0
11764,3936,16,10,0,1993.4
11765,3936,11,12,0,4450.32
11766,3937,9,6,0,1460.88
11767,3937,25,3,15,931.95
11768,3938,6,6,0,3949.74
11769,3938,20,11,0,2674.87
11770,3938,24,11,0,8832.12
11771,3938,8,4,0,1549.32
11772,3938,26,4,0,2192.68
11773,3939,4,11,5,2980.44
11774,3939,29,12,0,10039.44
11775,3940,26,12,0,6578.04
11776,3940,6,10,5,6253.75
11777,3941,5,10,0,4230.2
11778,3941,21,3,10,2184.22
11779,3941,13,1,0,151.63
11780,3941,17,5,0,418.95
11781,3941,18,6,0,3499.32
11782,3942,22,6,5,804.44
11783,3942,20,4,0,972.68
11784,3943,23,7,0,2632.0
11785,3943,4,2,0,570.42
11786,3943,2,9,0,319.77
11787,3943,29,6,0,5019.72
11788,3944,16,2,0,398.68
11789,3944,14,1,0,678.67
11790,3944,20,9,5,2079.1
11791,3944,25,8,0,2923.76
11792,3945,15,7,0,4159.54
11793,3945,7,10,0,5855.5
11794,3946,5,3,0,1269.06
11795,3946,21,4,0,3235.88
11796,3946,17,7,0,586.53
11797,3946,7,1,0,585.55
11798,3946,12,2,0,783.82
11799,3947,9,3,5,693.92
11800,3948,8,11,0,4260.63
11801,3948,12,9,0,3527.19
11802,3948,22,4,0,564.52
11803,3949,7,12,0,7026.6
11804,3949,23,2,0,752.0
11805,3950,28,12,0,2927.64
11806,3950,11,5,0,1854.3
11807,3950,6,9,0,5924.61
11808,3950,22,5,0,705.65
11809,3951,2,4,0,142.12
11810,3951,23,6,5,2143.2
11811,3951,8,8,5,2943.71
11812,3951,11,5,0,1854.3
11813,3952,19,4,0,2246.08
11814,3952,2,12,0,426.36
11815,3953,15,12,10,6417.58
11816,3953,8,9,0,3485.97
11817,3954,4,10,0,2852.1
11818,3955,28,6,0,1463.82
11819,3955,5,9,0,3807.18
11820,3956,14,3,0,2036.01
11821,3956,11,12,0,4450.32
11822,3956,5,11,5,4420.56
11823,3956,21,11,5,8453.74
11824,3956,12,11,10,3879.91
11825,3957,5,12,0,5076.24
11826,3957,4,6,0,1711.26
11827,3958,7,3,0,1756.65
11828,3958,14,10,0,6786.7
11829,3958,17,6,15,427.33
11830,3958,9,4,0,973.92
11831,3959,7,7,10,3688.96
11832,3960,17,4,0,335.16
11833,3960,19,2,0,1123.04
11834,3960,6,11,0,7241.19
11835,3960,26,2,10,986.71
11836,3961,5,7,0,2961.14
11837,3961,26,11,0,6029.87
11838,3961,4,8,0,2281.68
11839,3962,21,1,0,808.97
11840,3962,19,8,15,3818.34
11841,3963,10,9,10,6865.56
11842,3963,9,5,5,1156.53
11843,3964,22,6,0,846.78
11844,3964,3,3,0,100.41
11845,3964,6,1,0,658.29
11846,3964,27,11,0,3816.89
11847,3964,13,2,0,303.26
11848,3965,9,7,5,1619.14
11849,3965,20,11,0,2674.87
11850,3966,27,11,5,3626.05
11851,3966,13,7,0,1061.41
11852,3966,16,4,0,797.36
11853,3967,24,11,0,8832.12
11854,3967,3,6,0,200.82
11855,3967,17,7,0,586.53
11856,3967,15,2,0,1188.44
11857,3968,7,8,0,4684.4
11858,3968,17,1,0,83.79
11859,3968,20,6,0,1459.02
11860,3969,17,2,0,167.58
11861,3969,26,3,0,1644.51
11862,3969,15,11,15,5555.96
11863,3969,10,11,0,9323.6
11864,3969,7,2,0,1171.1
11865,3970,1,12,0,7777.8
11866,3970,23,5,0,1880.0
11867,3970,20,2,0,486.34
11868,3970,18,2,0,1166.44
11869,3971,28,6,0,1463.82
11870,3971,29,7,0,5856.34
11871,3971,26,5,0,2740.85
11872,3972,26,10,0,5481.7
11873,3973,8,4,0,1549.32
11874,3973,24,10,0,8029.2
11875,3973,13,6,5,864.29
11876,3973,16,8,0,1594.72
11877,3973,1,9,0,5833.35
11878,3974,24,1,0,802.92
11879,3974,25,8,0,2923.76
11880,3975,3,1,0,33.47
11881,3975,4,5,0,1426.05
11882,3976,5,11,0,4653.22
11883,3976,22,1,0,141.13
11884,3977,3,2,0,66.94
11885,3977,16,3,0,598.02
11886,3977,1,12,0,7777.8
11887,3977,29,11,10,8282.54
11888,3978,25,2,0,730.94
11889,3978,21,4,0,3235.88
11890,3978,1,10,0,6481.5
11891,3979,19,10,10,5053.68
11892,3979,5,7,10,2665.03
11893,3979,16,8,0,1594.72
11894,3979,18,9,0,5248.98
11895,3980,17,7,0,586.53
11896,3980,3,1,0,33.47
11897,3980,8,10,0,3873.3
11898,3980,27,9,10,2810.62
11899,3981,21,3,5,2305.56
11900,3982,27,4,15,1179.77
11901,3982,7,2,0,1171.1
11902,3982,4,10,10,2566.89
11903,3982,22,3,0,423.39
11904,3983,2,11,0,390.83
11905,3983,14,1,0,678.67
11906,3983,16,8,5,1514.98
11907,3983,5,6,0,2538.12
11908,3984,20,9,0,2188.53
11909,3984,8,10,0,3873.3
11910,3984,29,8,0,6692.96
11911,3984,24,11,0,8832.12
11912,3984,6,9,5,5628.38
11913,3985,29,11,0,9202.82
11914,3985,6,4,10,2369.84
11915,3986,2,12,10,383.72
11916,3986,21,12,0,9707.64
11917,3986,10,5,0,4238.0
11918,3986,12,4,0,1567.64
11919,3986,1,2,0,1296.3
11920,3987,2,6,10,191.86
11921,3987,13,5,0,758.15
11922,3987,21,4,10,2912.29
11923,3987,5,1,10,380.72
11924,3988,2,11,10,351.75
11925,3988,8,6,0,2323.98
11926,3988,5,3,10,1142.15
11927,3988,29,4,0,3346.48
11928,3988,10,2,0,1695.2
11929,3989,15,2,0,1188.44
11930,3989,13,10,0,1516.3
11931,3990,29,8,10,6023.66
11932,3990,13,7,0,1061.41
11933,3990,23,5,0,1880.0
11934,3991,17,5,0,418.95
11935,3991,21,8,0,6471.76
11936,3991,10,1,0,847.6
11937,3991,5,12,0,5076.24
11938,3992,20,7,10,1531.97
11939,3992,23,9,10,3045.6
11940,3993,11,5,10,1668.87
11941,3993,13,9,0,1364.67
11942,3993,25,11,15,3417.14
11943,3994,29,7,0,5856.34
11944,3994,10,5,5,4026.1
11945,3994,25,10,0,3654.7
11946,3994,8,8,0,3098.64
11947,3995,26,2,0,1096.34
11948,3995,19,7,5,3734.11
11949,3995,5,4,0,1692.08
11950,3996,24,12,0,9635.04
11951,3996,26,1,0,548.17
11952,3996,11,5,0,1854.3
11953,3996,1,6,10,3500.01
11954,3997,19,4,0,2246.08
11955,3997,8,6,5,2207.78
11956,3997,22,6,0,846.78
11957,3997,16,12,0,2392.08
11958,3998,7,1,0,585.55
11959,3998,16,10,0,1993.4
11960,3999,29,10,0,8366.2
11961,3999,13,7,0,1061.41
11962,3999,23,10,0,3760.0
11963,4000,28,2,5,463.54
11964,4000,22,2,0,282.26
11965,4000,13,11,0,1667.93
11966,4000,3,10,0,334.7
11967,4001,12,10,0,3919.1
11968,4001,4,12,0,3422.52
11969,4002,13,4,0,606.52
11970,4002,8,1,10,348.6
11971,4002,23,12,0,4512.0
11972,4003,7,12,0,7026.6
11973,4003,2,1,15,30.2
11974,4003,19,3,0,1684.56
11975,4003,11,6,0,2225.16
11976,4004,3,9,0,301.23
11977,4004,13,3,0,454.89
11978,4005,3,7,10,210.86
11979,4005,16,5,0,996.7
11980,4006,15,10,0,5942.2
11981,4006,25,5,15,1553.25
11982,4006,28,9,0,2195.73
11983,4007,2,6,0,213.18
11984,4007,20,10,0,2431.7
11985,4007,21,7,10,5096.51
11986,4007,14,6,0,4072.02
11987,4007,6,5,5,3126.88
11988,4008,10,4,0,3390.4
11989,4008,3,5,0,167.35
11990,4008,22,6,0,846.78
11991,4008,20,5,0,1215.85
11992,4009,21,5,0,4044.85
11993,4009,20,12,15,2480.33
11994,4010,4,10,10,2566.89
11995,4010,26,2,15,931.89
11996,4010,18,7,0,4082.54
11997,4011,20,4,0,972.68
11998,4011,9,10,0,2434.8
11999,4011,2,4,10,127.91
12000,4011,4,12,0,3422.52
12001,4011,18,5,0,2916.1
12002,4012,12,5,0,1959.55
12003,4012,3,4,0,133.88
12004,4012,23,10,0,3760.0
12005,4012,5,5,0,2115.1
12006,4013,29,9,10,6776.62
12007,4014,20,3,0,729.51
12008,4014,16,3,10,538.22
12009,4014,13,4,0,606.52
12010,4014,15,1,0,594.22
12011,4014,19,10,0,5615.2
12012,4015,20,3,0,729.51
12013,4015,1,10,0,6481.5
12014,4015,5,12,0,5076.24
12015,4015,15,8,10,4278.38
12016,4016,4,11,0,3137.31
12017,4016,7,9,0,5269.95
12018,4016,22,11,0,1552.43
12019,4016,23,9,0,3384.0
12020,4016,12,10,0,3919.1
12021,4017,9,4,15,827.83
12022,4018,29,10,5,7947.89
12023,4019,18,12,0,6998.64
12024,4020,1,1,0,648.15
12025,4020,14,8,0,5429.36
12026,4020,12,6,10,2116.31
12027,4020,4,5,10,1283.44
12028,4021,4,6,0,1711.26
12029,4021,16,6,0,1196.04
12030,4021,17,8,0,670.32
12031,4021,13,10,0,1516.3
12032,4022,9,4,0,973.92
12033,4023,28,5,0,1219.85
12034,4023,25,10,5,3471.96
12035,4023,3,7,5,222.58
12036,4024,4,2,0,570.42
12037,4024,3,3,10,90.37
12038,4024,23,12,0,4512.0
12039,4024,6,10,0,6582.9
12040,4025,13,1,0,151.63
12041,4026,20,2,0,486.34
12042,4026,9,3,0,730.44
12043,4026,14,2,0,1357.34
12044,4027,7,6,0,3513.3
12045,4027,22,7,0,987.91
12046,4027,2,6,0,213.18
12047,4027,16,9,0,1794.06
12048,4028,4,6,0,1711.26
12049,4028,20,10,0,2431.7
12050,4029,18,1,0,583.22
12051,4029,22,9,0,1270.17
12052,4029,4,7,0,1996.47
12053,4029,12,2,5,744.63
12054,4030,16,2,0,398.68
12055,4030,29,5,0,4183.1
12056,4031,21,5,0,4044.85
12057,4031,8,4,0,1549.32
12058,4031,9,5,0,1217.4
12059,4031,1,12,0,7777.8
12060,4031,11,6,10,2002.64
12061,4032,29,2,0,1673.24
12062,4032,25,2,0,730.94
12063,4033,29,6,0,5019.72
12064,4033,1,1,15,550.93
12065,4033,11,4,0,1483.44
12066,4033,6,5,0,3291.45
12067,4033,23,3,0,1128.0
12068,4034,17,11,0,921.69
12069,4034,1,12,5,7388.91
12070,4035,7,4,0,2342.2
12071,4035,5,5,0,2115.1
12072,4036,6,5,10,2962.3
12073,4036,25,7,0,2558.29
12074,4037,28,1,0,243.97
12075,4038,14,12,0,8144.04
12076,4038,24,10,0,8029.2
12077,4038,6,7,0,4608.03
12078,4038,26,9,0,4933.53
12079,4039,25,9,10,2960.31
12080,4039,1,1,0,648.15
12081,4039,6,1,0,658.29
12082,4039,14,9,10,5497.23
12083,4040,10,12,0,10171.2
12084,4040,20,12,5,2772.14
12085,4040,16,3,15,508.32
12086,4041,2,10,0,355.3
12087,4041,27,1,0,346.99
12088,4041,11,3,0,1112.58
12089,4041,26,11,10,5426.88
12090,4042,8,8,10,2788.78
12091,4042,25,5,0,1827.35
12092,4042,2,2,0,71.06
12093,4042,17,8,5,636.8
12094,4043,12,5,0,1959.55
12095,4044,12,3,0,1175.73
12096,4045,11,3,0,1112.58
12097,4046,17,5,0,418.95
12098,4046,21,7,0,5662.79
12099,4046,12,7,0,2743.37
12100,4046,27,6,15,1769.65
12101,4046,11,3,0,1112.58
12102,4047,28,4,10,878.29
12103,4047,10,4,15,2881.84
12104,4048,22,10,0,1411.3
12105,4048,4,4,0,1140.84
12106,4049,25,6,0,2192.82
12107,4049,15,7,0,4159.54
12108,4050,8,4,0,1549.32
12109,4050,24,1,5,762.77
12110,4051,13,4,15,515.54
12111,4051,15,5,0,2971.1
12112,4052,28,2,0,487.94
12113,4052,7,12,0,7026.6
12114,4052,17,12,10,904.93
12115,4052,21,2,0,1617.94
12116,4053,12,6,15,1998.74
12117,4053,23,1,0,376.0
12118,4053,22,8,5,1072.59
12119,4053,24,7,0,5620.44
12120,4054,28,10,0,2439.7
12121,4054,18,6,0,3499.32
12122,4054,5,6,5,2411.21
12123,4054,9,4,0,973.92
12124,4054,26,12,0,6578.04
12125,4055,21,11,15,7563.87
12126,4055,10,6,15,4322.76
12127,4055,16,4,0,797.36
12128,4056,26,4,5,2083.05
12129,4056,25,12,0,4385.64
12130,4057,23,8,0,3008.0
12131,4057,21,3,10,2184.22
12132,4057,27,4,0,1387.96
12133,4058,26,12,0,6578.04
12134,4058,6,3,0,1974.87
12135,4058,12,1,15,333.12
12136,4059,18,8,5,4432.47
12137,4059,26,2,0,1096.34
12138,4059,11,10,5,3523.17
12139,4060,25,2,0,730.94
12140,4061,4,3,0,855.63
12141,4061,5,11,0,4653.22
12142,4062,16,1,0,199.34
12143,4062,20,6,0,1459.02
12144,4062,10,1,10,762.84
12145,4063,24,5,0,4014.6
12146,4063,15,11,0,6536.42
12147,4063,23,9,10,3045.6
12148,4063,9,8,0,1947.84
12149,4064,23,6,5,2143.2
12150,4064,27,5,10,1561.46
12151,4064,1,7,0,4537.05
12152,4064,22,2,0,282.26
12153,4065,13,5,0,758.15
12154,4065,7,1,10,527.0
12155,4066,25,4,0,1461.88
12156,4066,15,9,10,4813.18
12157,4066,24,8,15,5459.86
12158,4066,9,3,0,730.44
12159,4066,8,11,10,3834.57
12160,4067,12,6,0,2351.46
12161,4067,6,9,0,5924.61
12162,4068,8,10,5,3679.64
12163,4068,12,1,15,333.12
12164,4068,21,10,0,8089.7
12165,4069,16,7,0,1395.38
12166,4069,7,7,0,4098.85
12167,4069,6,9,15,5035.92
12168,4070,5,9,0,3807.18
12169,4070,6,12,0,7899.48
12170,4070,23,12,0,4512.0
12171,4071,6,4,0,2633.16
12172,4071,1,11,0,7129.65
12173,4071,3,4,10,120.49
12174,4071,21,8,0,6471.76
12175,4072,6,2,0,1316.58
12176,4072,1,3,15,1652.78
12177,4073,18,2,10,1049.8
12178,4074,21,4,0,3235.88
12179,4075,11,7,0,2596.02
12180,4075,6,12,0,7899.48
12181,4075,21,10,5,7685.22
12182,4075,3,1,0,33.47
12183,4075,19,11,0,6176.72
12184,4076,22,8,0,1129.04
12185,4077,27,11,0,3816.89
12186,4078,22,6,10,762.1
12187,4078,29,2,0,1673.24
12188,4079,19,5,0,2807.6
12189,4079,6,12,5,7504.51
12190,4079,7,6,0,3513.3
12191,4079,27,3,0,1040.97
12192,4079,22,10,0,1411.3
12193,4080,22,8,10,1016.14
12194,4081,10,3,0,2542.8
12195,4081,29,8,0,6692.96
12196,4082,20,4,5,924.05
12197,4082,28,4,0,975.88
12198,4082,24,9,0,7226.28
12199,4083,28,1,0,243.97
12200,4083,7,6,0,3513.3
12201,4084,10,3,0,2542.8
12202,4084,11,2,0,741.72
12203,4085,7,11,0,6441.05
12204,4085,3,6,0,200.82
12205,4085,5,11,10,4187.9
12206,4085,4,5,0,1426.05
12207,4086,6,4,10,2369.84
12208,4086,5,4,0,1692.08
12209,4086,26,12,0,6578.04
12210,4086,8,12,5,4415.56
12211,4087,17,4,0,335.16
12212,4087,14,4,0,2714.68
12213,4087,24,5,0,4014.6
12214,4087,19,5,10,2526.84
12215,4087,2,5,0,177.65
12216,4088,7,9,0,5269.95
12217,4088,4,9,10,2310.2
12218,4088,25,8,0,2923.76
12219,4089,8,6,0,2323.98
12220,4089,20,1,0,243.17
12221,4089,13,5,10,682.34
12222,4089,21,8,0,6471.76
12223,4089,4,1,0,285.21
12224,4090,20,6,5,1386.07
12225,4091,20,9,0,2188.53
12226,4091,1,11,0,7129.65
12227,4091,19,6,0,3369.12
12228,4091,9,2,0,486.96
12229,4092,14,11,5,7092.1
12230,4092,20,8,0,1945.36
12231,4093,12,12,0,4702.92
12232,4093,20,3,0,729.51
12233,4093,7,7,0,4098.85
12234,4093,29,7,0,5856.34
12235,4093,22,11,0,1552.43
12236,4094,8,10,5,3679.64
12237,4094,19,12,10,6064.42
12238,4095,27,5,0,1734.95
12239,4095,12,3,0,1175.73
12240,4096,25,6,0,2192.82
12241,4096,16,3,10,538.22
12242,4096,17,3,0,251.37
12243,4096,4,6,0,1711.26
12244,4097,21,7,0,5662.79
12245,4098,11,9,0,3337.74
12246,4098,21,2,0,1617.94
12247,4098,6,3,5,1876.13
12248,4099,25,1,15,310.65
12249,4099,24,11,0,8832.12
12250,4100,21,3,0,2426.91
12251,4100,7,10,0,5855.5
12252,4101,6,6,0,3949.74
12253,4102,6,1,0,658.29
12254,4102,20,3,0,729.51
12255,4103,21,11,0,8898.67
12256,4103,19,12,0,6738.24
12257,4103,26,10,0,5481.7
12258,4104,24,4,0,3211.68
12259,4104,5,8,0,3384.16
12260,4104,2,11,0,390.83
12261,4104,23,12,5,4286.4
12262,4105,22,3,0,423.39
12263,4105,16,10,0,1993.4
12264,4105,1,12,0,7777.8
12265,4105,24,5,0,4014.6
12266,4106,8,7,0,2711.31
12267,4107,29,11,0,9202.82
12268,4107,19,5,10,2526.84
12269,4107,11,10,0,3708.6
12270,4108,29,6,15,4266.76
12271,4108,6,2,0,1316.58
12272,4108,18,4,5,2216.24
12273,4108,12,4,0,1567.64
12274,4108,28,12,0,2927.64
12275,4109,4,1,0,285.21
12276,4109,20,1,5,231.01
12277,4109,22,5,0,705.65
12278,4109,2,10,0,355.3
12279,4109,29,9,0,7529.58
12280,4110,3,2,0,66.94
12281,4110,16,11,0,2192.74
12282,4111,8,2,0,774.66
12283,4111,1,3,0,1944.45
12284,4112,17,12,0,1005.48
12285,4112,8,5,0,1936.65
12286,4112,24,9,0,7226.28
12287,4113,15,9,0,5347.98
12288,4113,8,3,0,1161.99
12289,4113,4,7,0,1996.47
12290,4114,8,8,10,2788.78
12291,4114,21,7,0,5662.79
12292,4114,10,5,0,4238.0
12293,4114,22,1,0,141.13
12294,4114,19,2,0,1123.04
12295,4115,11,9,5,3170.85
12296,4116,7,9,0,5269.95
12297,4116,21,1,5,768.52
12298,4116,12,7,10,2469.03
12299,4116,19,5,10,2526.84
12300,4116,29,5,10,3764.79
12301,4117,25,1,0,365.47
12302,4118,28,10,0,2439.7
12303,4118,2,9,0,319.77
12304,4119,29,8,0,6692.96
12305,4119,21,4,5,3074.09
12306,4119,6,6,0,3949.74
12307,4119,5,9,0,3807.18
12308,4119,20,6,0,1459.02
12309,4120,24,11,10,7948.91
12310,4120,21,7,0,5662.79
12311,4120,12,5,0,1959.55
12312,4120,26,7,0,3837.19
12313,4121,8,10,0,3873.3
12314,4122,16,4,0,797.36
12315,4122,18,5,0,2916.1
12316,4123,10,10,0,8476.0
12317,4124,10,3,0,2542.8
12318,4124,1,3,0,1944.45
12319,4124,11,2,0,741.72
12320,4124,24,4,0,3211.68
12321,4125,12,12,0,4702.92
12322,4125,1,2,0,1296.3
12323,4125,24,1,5,762.77
12324,4126,19,5,0,2807.6
12325,4126,1,9,0,5833.35
12326,4126,18,4,0,2332.88
12327,4126,6,2,5,1250.75
12328,4126,24,5,0,4014.6
12329,4127,11,12,0,4450.32
12330,4127,23,2,0,752.0
12331,4127,29,2,0,1673.24
12332,4127,4,8,0,2281.68
12333,4127,15,10,0,5942.2
12334,4128,18,10,0,5832.2
12335,4128,13,10,0,1516.3
12336,4128,20,10,0,2431.7
12337,4128,19,5,10,2526.84
12338,4128,15,10,0,5942.2
12339,4129,13,11,10,1501.14
12340,4130,13,2,0,303.26
12341,4130,18,12,5,6648.71
12342,4131,13,4,0,606.52
12343,4132,21,1,0,808.97
12344,4132,2,12,0,426.36
12345,4132,25,12,15,3727.79
12346,4132,13,12,0,1819.56
12347,4133,7,1,0,585.55
12348,4134,29,12,10,9035.5
12349,4134,17,3,0,251.37
12350,4135,26,9,5,4686.85
12351,4135,14,7,0,4750.69
12352,4136,23,6,15,1917.6
12353,4137,12,3,0,1175.73
12354,4137,14,5,0,3393.35
12355,4137,2,4,0,142.12
12356,4138,10,12,0,10171.2
12357,4138,15,1,0,594.22
12358,4138,11,6,0,2225.16
12359,4138,4,9,0,2566.89
12360,4138,3,12,0,401.64
12361,4139,8,3,0,1161.99
12362,4139,7,11,0,6441.05
12363,4139,4,10,10,2566.89
12364,4139,25,10,10,3289.23
12365,4139,1,1,0,648.15
12366,4140,15,9,0,5347.98
12367,4140,8,12,0,4647.96
12368,4140,14,7,5,4513.16
12369,4140,13,3,0,454.89
12370,4141,10,4,0,3390.4
12371,4141,4,4,0,1140.84
12372,4141,27,3,0,1040.97
12373,4141,28,9,5,2085.94
12374,4142,24,7,0,5620.44
12375,4142,18,11,0,6415.42
12376,4142,19,4,0,2246.08
12377,4142,16,4,10,717.62
12378,4142,3,8,0,267.76
12379,4143,16,9,0,1794.06
12380,4144,25,11,0,4020.17
12381,4145,15,7,0,4159.54
12382,4145,18,8,0,4665.76
12383,4146,7,9,5,5006.45
12384,4146,5,5,0,2115.1
12385,4146,21,2,5,1537.04
12386,4146,10,1,5,805.22
12387,4147,28,11,0,2683.67
12388,4147,13,9,0,1364.67
12389,4148,3,4,5,127.19
12390,4148,20,12,0,2918.04
12391,4149,18,11,0,6415.42
12392,4150,21,6,0,4853.82
12393,4150,22,3,0,423.39
12394,4151,29,12,0,10039.44
12395,4151,4,2,0,570.42
12396,4151,27,9,10,2810.62
12397,4151,14,8,0,5429.36
12398,4151,12,6,15,1998.74
12399,4152,2,7,0,248.71
12400,4153,6,2,5,1250.75
12401,4153,23,11,10,3722.4
12402,4153,14,1,0,678.67
12403,4153,12,7,0,2743.37
12404,4154,12,10,0,3919.1
12405,4154,10,3,0,2542.8
12406,4154,3,1,0,33.47
12407,4155,3,2,15,56.9
12408,4155,20,11,0,2674.87
12409,4155,10,5,0,4238.0
12410,4155,14,4,0,2714.68
12411,4155,12,2,5,744.63
12412,4156,12,10,0,3919.1
12413,4156,29,8,0,6692.96
12414,4156,4,7,0,1996.47
12415,4156,19,2,0,1123.04
12416,4157,9,6,0,1460.88
12417,4158,12,9,0,3527.19
12418,4158,6,11,5,6879.13
12419,4158,22,4,15,479.84
12420,4158,4,9,0,2566.89
12421,4158,3,12,5,381.56
12422,4159,27,3,0,1040.97
12423,4159,28,12,0,2927.64
12424,4159,3,11,0,368.17
12425,4159,21,1,0,808.97
12426,4160,26,7,0,3837.19
12427,4160,20,6,10,1313.12
12428,4160,14,12,0,8144.04
12429,4160,2,7,15,211.4
12430,4161,27,10,0,3469.9
12431,4161,2,6,0,213.18
12432,4162,5,6,0,2538.12
12433,4162,20,8,0,1945.36
12434,4163,3,9,0,301.23
12435,4163,9,10,0,2434.8
12436,4163,22,10,10,1270.17
12437,4163,12,3,0,1175.73
12438,4163,23,6,10,2030.4
12439,4164,9,5,5,1156.53
12440,4164,5,11,0,4653.22
12441,4164,10,7,0,5933.2
12442,4164,13,11,0,1667.93
12443,4164,21,11,10,8008.8
12444,4165,12,3,0,1175.73
12445,4165,22,10,15,1199.6
12446,4165,23,10,0,3760.0
12447,4166,24,11,0,8832.12
12448,4166,17,8,0,670.32
12449,4166,10,3,10,2288.52
12450,4167,2,7,0,248.71
12451,4167,4,10,0,2852.1
12452,4167,20,5,10,1094.26
12453,4167,26,2,5,1041.52
12454,4168,7,10,0,5855.5
12455,4168,9,7,0,1704.36
12456,4168,14,8,0,5429.36
12457,4168,4,1,0,285.21
12458,4168,16,9,5,1704.36
12459,4169,2,8,0,284.24
12460,4169,9,5,0,1217.4
12461,4169,10,11,5,8857.42
12462,4169,27,11,0,3816.89
12463,4169,17,8,0,670.32
12464,4170,21,11,0,8898.67
12465,4170,3,10,5,317.96
12466,4170,5,10,0,4230.2
12467,4171,7,2,5,1112.54
12468,4171,9,9,10,1972.19
12469,4171,15,4,0,2376.88
12470,4172,23,5,0,1880.0
12471,4172,24,2,0,1605.84
12472,4172,25,7,15,2174.55
12473,4172,9,8,0,1947.84
12474,4172,12,4,0,1567.64
12475,4173,25,11,0,4020.17
12476,4173,10,6,0,5085.6
12477,4173,16,4,0,797.36
12478,4173,8,7,0,2711.31
12479,4173,29,12,0,10039.44
12480,4174,12,2,0,783.82
12481,4174,5,7,0,2961.14
12482,4174,17,5,0,418.95
12483,4174,29,10,0,8366.2
12484,4174,13,9,0,1364.67
12485,4175,12,6,10,2116.31
12486,4175,29,1,10,752.96
12487,4175,19,10,5,5334.44
12488,4176,4,7,0,1996.47
12489,4176,17,1,5,79.6
12490,4176,7,6,0,3513.3
12491,4176,11,3,0,1112.58
12492,4176,9,2,0,486.96
12493,4177,20,7,0,1702.19
12494,4177,7,3,0,1756.65
12495,4178,5,7,0,2961.14
12496,4178,6,5,0,3291.45
12497,4178,26,9,0,4933.53
12498,4178,11,10,0,3708.6
12499,4179,20,3,0,729.51
12500,4179,2,5,0,177.65
12501,4179,6,9,0,5924.61
12502,4179,7,5,0,2927.75
12503,4179,13,6,0,909.78
12504,4180,21,1,0,808.97
12505,4180,11,9,0,3337.74
12506,4181,21,4,0,3235.88
12507,4181,24,11,0,8832.12
12508,4181,10,1,0,847.6
12509,4181,8,6,0,2323.98
12510,4181,11,8,0,2966.88
12511,4182,21,9,0,7280.73
12512,4182,2,4,0,142.12
12513,4182,15,10,0,5942.2
12514,4182,10,10,0,8476.0
12515,4182,14,12,0,8144.04
12516,4183,15,9,15,4545.78
12517,4184,4,1,0,285.21
12518,4184,13,3,10,409.4
12519,4185,6,1,5,625.38
12520,4186,2,11,15,332.21
12521,4187,24,11,5,8390.51
12522,4187,10,7,0,5933.2
12523,4187,7,2,0,1171.1
12524,4187,5,10,0,4230.2
12525,4188,5,6,0,2538.12
12526,4189,26,9,5,4686.85
12527,4190,16,8,0,1594.72
12528,4190,8,9,0,3485.97
12529,4191,9,8,0,1947.84
12530,4191,6,10,0,6582.9
12531,4191,25,1,5,347.2
12532,4191,3,9,0,301.23
12533,4192,14,11,10,6718.83
12534,4193,14,3,0,2036.01
12535,4193,8,7,0,2711.31
12536,4193,7,11,0,6441.05
12537,4193,21,1,0,808.97
12538,4194,25,7,0,2558.29
12539,4194,29,6,0,5019.72
12540,4195,29,4,0,3346.48
12541,4196,18,5,0,2916.1
12542,4196,29,3,0,2509.86
12543,4196,5,10,15,3595.67
12544,4197,23,8,0,3008.0
12545,4197,18,5,0,2916.1
12546,4197,9,11,0,2678.28
12547,4197,16,6,5,1136.24
12548,4198,26,6,0,3289.02
12549,4198,13,3,0,454.89
12550,4198,5,5,15,1797.83
12551,4198,3,1,0,33.47
12552,4199,27,2,0,693.98
12553,4199,2,6,0,213.18
12554,4200,10,7,0,5933.2
12555,4200,3,8,0,267.76
12556,4200,16,3,10,538.22
12557,4200,4,6,5,1625.7
12558,4200,23,7,0,2632.0
12559,4201,19,3,0,1684.56
12560,4201,25,2,0,730.94
12561,4202,21,4,0,3235.88
12562,4202,22,4,10,508.07
12563,4202,14,11,0,7465.37
12564,4203,27,8,0,2775.92
12565,4203,8,1,0,387.33
12566,4203,16,5,15,847.2
12567,4204,29,5,0,4183.1
12568,4204,19,9,0,5053.68
12569,4204,14,5,0,3393.35
12570,4204,20,11,10,2407.38
12571,4205,1,10,0,6481.5
12572,4205,17,4,0,335.16
12573,4205,4,10,5,2709.5
12574,4206,9,2,0,486.96
12575,4206,8,4,0,1549.32
12576,4207,21,1,0,808.97
12577,4207,22,8,0,1129.04
12578,4207,8,2,0,774.66
12579,4208,28,12,0,2927.64
12580,4208,15,6,0,3565.32
12581,4208,17,4,0,335.16
12582,4209,19,1,0,561.52
12583,4209,29,1,0,836.62
12584,4209,1,12,0,7777.8
12585,4209,17,4,10,301.64
12586,4209,12,7,0,2743.37
12587,4210,16,2,0,398.68
12588,4210,17,2,0,167.58
12589,4211,22,11,0,1552.43
12590,4211,1,3,0,1944.45
12591,4212,21,3,0,2426.91
12592,4212,8,7,0,2711.31
12593,4212,29,5,0,4183.1
12594,4212,24,9,0,7226.28
12595,4213,9,10,0,2434.8
12596,4213,27,6,0,2081.94
12597,4214,24,9,10,6503.65
12598,4214,5,6,0,2538.12
12599,4214,19,3,0,1684.56
12600,4215,26,3,0,1644.51
12601,4215,4,11,0,3137.31
12602,4215,28,6,0,1463.82
12603,4216,1,2,5,1231.48
12604,4216,14,7,10,4275.62
12605,4216,16,2,0,398.68
12606,4217,25,6,0,2192.82
12607,4217,24,10,0,8029.2
12608,4217,23,2,0,752.0
12609,4217,16,8,10,1435.25
12610,4218,12,1,0,391.91
12611,4218,4,9,0,2566.89
12612,4218,11,11,0,4079.46
12613,4219,2,10,0,355.3
12614,4219,25,2,0,730.94
12615,4219,23,5,0,1880.0
12616,4220,21,8,0,6471.76
12617,4220,23,4,0,1504.0
12618,4220,4,6,0,1711.26
12619,4221,23,3,0,1128.0
12620,4221,1,5,15,2754.64
12621,4221,5,8,5,3214.95
12622,4222,29,2,0,1673.24
12623,4222,14,8,0,5429.36
12624,4222,25,2,0,730.94
12625,4223,19,12,0,6738.24
12626,4223,15,10,15,5050.87
12627,4223,8,8,0,3098.64
12628,4224,24,4,0,3211.68
12629,4224,8,1,0,387.33
12630,4224,27,6,0,2081.94
12631,4224,25,4,15,1242.6
12632,4224,5,8,0,3384.16
12633,4225,29,4,0,3346.48
12634,4226,14,4,15,2307.48
12635,4226,25,7,0,2558.29
12636,4226,8,2,0,774.66
12637,4226,10,2,5,1610.44
12638,4226,16,12,5,2272.48
12639,4227,28,10,15,2073.74
12640,4227,15,3,0,1782.66
12641,4227,8,7,0,2711.31
12642,4227,17,1,0,83.79
12643,4227,9,9,0,2191.32
12644,4228,18,3,0,1749.66
12645,4228,29,9,0,7529.58
12646,4228,7,2,0,1171.1
12647,4228,10,6,0,5085.6
12648,4228,12,3,0,1175.73
12649,4229,26,4,0,2192.68
12650,4229,10,1,15,720.46
12651,4229,7,5,0,2927.75
12652,4229,15,9,0,5347.98
12653,4230,11,6,10,2002.64
12654,4231,10,12,0,10171.2
12655,4231,8,5,0,1936.65
12656,4231,2,7,10,223.84
12657,4231,16,6,10,1076.44
12658,4232,16,6,0,1196.04
12659,4232,15,12,0,7130.64
12660,4233,6,1,0,658.29
12661,4233,23,2,5,714.4
12662,4233,7,9,0,5269.95
12663,4233,4,10,0,2852.1
12664,4233,21,2,0,1617.94
12665,4234,12,4,0,1567.64
12666,4234,25,5,0,1827.35
12667,4234,8,5,0,1936.65
12668,4234,28,7,10,1537.01
12669,4235,19,8,0,4492.16
12670,4235,16,12,10,2152.87
12671,4235,18,7,0,4082.54
12672,4235,11,3,0,1112.58
12673,4236,23,2,5,714.4
12674,4236,27,5,10,1561.46
12675,4236,18,4,0,2332.88
12676,4236,5,4,0,1692.08
12677,4236,14,7,0,4750.69
12678,4237,20,5,0,1215.85
12679,4237,8,7,0,2711.31
12680,4237,12,11,0,4311.01
12681,4237,17,7,0,586.53
12682,4237,22,5,0,705.65
12683,4238,22,10,0,1411.3
12684,4238,8,10,0,3873.3
12685,4238,18,10,0,5832.2
12686,4238,4,1,0,285.21
12687,4238,14,12,15,6922.43
12688,4239,18,9,15,4461.63
12689,4240,9,8,0,1947.84
12690,4240,28,4,0,975.88
12691,4240,20,10,0,2431.7
12692,4241,6,11,5,6879.13
12693,4241,5,12,10,4568.62
12694,4242,19,12,0,6738.24
12695,4243,17,7,0,586.53
12696,4243,13,11,0,1667.93
12697,4243,22,9,0,1270.17
12698,4243,4,5,0,1426.05
12699,4243,10,5,0,4238.0
12700,4244,4,7,0,1996.47
12701,4244,26,5,0,2740.85
12702,4244,20,12,0,2918.04
12703,4245,15,10,0,5942.2
12704,4245,10,11,0,9323.6
12705,4245,2,10,0,355.3
12706,4246,1,6,0,3888.9
12707,4246,5,8,10,3045.74
12708,4246,21,3,0,2426.91
12709,4246,8,9,0,3485.97
12710,4246,15,6,5,3387.05
12711,4247,22,11,0,1552.43
12712,4247,16,12,0,2392.08
12713,4247,25,10,0,3654.7
12714,4248,29,9,10,6776.62
12715,4248,17,12,0,1005.48
12716,4249,14,3,10,1832.41
12717,4250,21,12,0,9707.64
12718,4250,14,10,10,6108.03
12719,4250,17,8,0,670.32
12720,4250,13,12,15,1546.63
12721,4251,14,3,0,2036.01
12722,4252,13,4,0,606.52
12723,4252,28,11,10,2415.3
12724,4252,19,10,0,5615.2
12725,4252,12,8,0,3135.28
12726,4252,20,2,0,486.34
12727,4253,14,10,0,6786.7
12728,4253,29,9,0,7529.58
12729,4253,22,5,0,705.65
12730,4254,2,5,0,177.65
12731,4255,24,8,0,6423.36
12732,4255,10,3,5,2415.66
12733,4255,5,9,0,3807.18
12734,4255,21,7,0,5662.79
12735,4256,8,3,0,1161.99
12736,4257,9,4,0,973.92
12737,4258,18,7,0,4082.54
12738,4258,6,9,0,5924.61
12739,4258,29,2,10,1505.92
12740,4259,13,4,10,545.87
12741,4259,20,10,0,2431.7
12742,4259,4,8,0,2281.68
12743,4259,1,9,0,5833.35
12744,4259,22,2,0,282.26
12745,4260,15,1,0,594.22
12746,4260,18,1,5,554.06
12747,4260,6,12,5,7504.51
12748,4260,8,10,15,3292.3
12749,4260,21,11,10,8008.8
12750,4261,29,11,0,9202.82
12751,4261,9,3,0,730.44
12752,4261,18,2,0,1166.44
12753,4261,3,8,0,267.76
12754,4261,12,8,0,3135.28
12755,4262,10,6,0,5085.6
12756,4262,26,3,0,1644.51
12757,4262,28,9,0,2195.73
12758,4263,2,4,0,142.12
12759,4263,10,4,0,3390.4
12760,4263,8,6,0,2323.98
12761,4263,15,2,0,1188.44
12762,4263,11,11,0,4079.46
12763,4264,19,1,5,533.44
12764,4264,13,12,0,1819.56
12765,4264,23,8,0,3008.0
12766,4264,12,12,0,4702.92
12767,4264,7,1,0,585.55
12768,4265,23,4,0,1504.0
12769,4265,2,3,0,106.59
12770,4265,15,11,0,6536.42
12771,4266,9,2,0,486.96
12772,4267,15,2,0,1188.44
12773,4267,23,1,5,357.2
12774,4267,17,4,0,335.16
12775,4267,12,9,0,3527.19
12776,4267,25,3,5,1041.59
12777,4268,26,5,0,2740.85
12778,4268,11,3,0,1112.58
12779,4268,17,11,0,921.69
12780,4268,7,6,0,3513.3
12781,4269,5,12,0,5076.24
12782,4269,24,7,0,5620.44
12783,4270,3,12,15,341.39
12784,4271,21,2,10,1456.15
12785,4271,28,9,0,2195.73
12786,4271,9,12,0,2921.76
12787,4271,12,2,0,783.82
12788,4271,29,1,5,794.79
12789,4272,10,3,0,2542.8
12790,4273,28,4,5,927.09
12791,4273,12,7,0,2743.37
12792,4273,22,2,0,282.26
12793,4273,24,6,0,4817.52
12794,4274,7,4,0,2342.2
12795,4274,5,7,0,2961.14
12796,4274,28,7,0,1707.79
12797,4274,6,3,0,1974.87
12798,4275,15,12,0,7130.64
12799,4275,24,6,10,4335.77
12800,4276,5,7,15,2516.97
12801,4276,8,10,0,3873.3
12802,4276,20,4,0,972.68
12803,4276,28,4,0,975.88
12804,4276,1,6,0,3888.9
12805,4277,19,12,0,6738.24
12806,4278,26,9,0,4933.53
12807,4278,15,6,0,3565.32
12808,4278,10,7,0,5933.2
12809,4279,23,8,5,2857.6
12810,4279,5,11,0,4653.22
12811,4279,7,4,0,2342.2
12812,4280,3,7,0,234.29
12813,4280,8,7,0,2711.31
12814,4280,28,4,0,975.88
12815,4281,6,3,10,1777.38
12816,4281,22,6,10,762.1
12817,4281,19,6,0,3369.12
12818,4281,24,2,5,1525.55
12819,4281,7,2,0,1171.1
12820,4282,23,7,0,2632.0
12821,4282,12,11,10,3879.91
12822,4283,29,9,0,7529.58
12823,4283,27,4,0,1387.96
12824,4284,13,8,0,1213.04
12825,4284,12,1,0,391.91
12826,4285,15,10,0,5942.2
12827,4285,6,7,0,4608.03
12828,4285,13,11,0,1667.93
12829,4285,25,7,0,2558.29
12830,4285,3,7,0,234.29
12831,4286,18,5,0,2916.1
12832,4286,9,3,0,730.44
12833,4287,17,5,0,418.95
12834,4287,20,5,0,1215.85
12835,4287,24,2,0,1605.84
12836,4287,6,12,5,7504.51
12837,4288,18,1,15,495.74
12838,4289,15,6,0,3565.32
12839,4289,20,11,0,2674.87
12840,4289,19,4,10,2021.47
12841,4289,23,6,0,2256.0
12842,4290,8,7,0,2711.31
12843,4290,9,5,0,1217.4
12844,4290,21,1,0,808.97
12845,4291,9,4,0,973.92
12846,4292,14,1,0,678.67
12847,4292,22,3,0,423.39
12848,4292,11,8,0,2966.88
12849,4292,6,4,0,2633.16
12850,4292,12,1,10,352.72
12851,4293,2,7,0,248.71
12852,4293,17,4,0,335.16
12853,4293,13,7,0,1061.41
12854,4293,26,3,0,1644.51
12855,4294,18,11,0,6415.42
12856,4294,1,5,15,2754.64
12857,4294,11,11,0,4079.46
12858,4295,9,9,5,2081.75
12859,4296,12,10,0,3919.1
12860,4296,28,6,0,1463.82
12861,4297,25,10,5,3471.96
12862,4298,8,7,0,2711.31
12863,4299,26,12,0,6578.04
12864,4299,20,11,0,2674.87
12865,4299,19,10,0,5615.2
12866,4300,27,10,10,3122.91
12867,4301,20,9,0,2188.53
12868,4301,18,5,0,2916.1
12869,4301,19,10,10,5053.68
12870,4301,23,9,0,3384.0
12871,4301,2,8,0,284.24
12872,4302,2,6,0,213.18
12873,4302,1,2,0,1296.3
12874,4302,4,12,0,3422.52
12875,4303,24,12,0,9635.04
12876,4303,17,8,0,670.32
12877,4303,25,3,0,1096.41
12878,4303,22,8,10,1016.14
12879,4303,15,2,10,1069.6
12880,4304,17,1,0,83.79
12881,4304,27,11,10,3435.2
12882,4305,1,2,5,1231.48
12883,4305,10,2,10,1525.68
12884,4305,13,7,15,902.2
12885,4305,22,5,0,705.65
12886,4305,5,12,0,5076.24
12887,4306,15,5,0,2971.1
12888,4306,29,4,10,3011.83
12889,4307,25,2,0,730.94
12890,4307,11,9,0,3337.74
12891,4307,16,8,15,1355.51
12892,4307,29,4,0,3346.48
12893,4307,10,9,0,7628.4
12894,4308,4,9,0,2566.89
12895,4308,25,4,0,1461.88
12896,4308,15,12,0,7130.64
12897,4309,8,5,5,1839.82
12898,4309,18,8,0,4665.76
12899,4309,5,8,10,3045.74
12900,4309,26,1,5,520.76
12901,4310,9,4,0,973.92
12902,4311,1,1,0,648.15
12903,4311,7,10,0,5855.5
12904,4311,25,2,10,657.85
12905,4311,15,6,0,3565.32
12906,4311,17,4,5,318.4
12907,4312,21,1,0,808.97
12908,4312,16,3,0,598.02
12909,4312,26,9,5,4686.85
12910,4312,14,3,0,2036.01
12911,4313,20,5,0,1215.85
12912,4313,27,3,0,1040.97
12913,4313,2,1,0,35.53
12914,4314,21,4,15,2750.5
12915,4314,6,2,0,1316.58
12916,4315,24,8,5,6102.19
12917,4315,13,8,0,1213.04
12918,4315,26,3,5,1562.28
12919,4316,15,1,0,594.22
12920,4317,1,12,0,7777.8
12921,4317,23,10,5,3572.0
12922,4317,14,12,0,8144.04
12923,4317,29,5,0,4183.1
12924,4318,17,3,0,251.37
12925,4318,1,5,0,3240.75
12926,4319,3,11,0,368.17
12927,4319,28,2,10,439.15
12928,4319,18,1,0,583.22
12929,4319,14,10,0,6786.7
12930,4319,5,8,0,3384.16
12931,4320,14,2,0,1357.34
12932,4320,27,11,15,3244.36
12933,4320,25,3,0,1096.41
12934,4321,20,8,0,1945.36
12935,4321,28,1,0,243.97
12936,4321,23,10,0,3760.0
12937,4321,19,12,5,6401.33
12938,4321,27,12,0,4163.88
12939,4322,3,12,0,401.64
12940,4322,12,7,0,2743.37
12941,4323,27,4,0,1387.96
12942,4323,4,3,0,855.63
12943,4323,3,3,0,100.41
12944,4323,23,6,5,2143.2
12945,4324,25,3,0,1096.41
12946,4324,27,3,10,936.87
12947,4324,12,5,5,1861.57
12948,4325,9,3,0,730.44
12949,4325,25,7,0,2558.29
12950,4326,12,10,0,3919.1
12951,4326,5,1,0,423.02
12952,4326,8,1,0,387.33
12953,4326,18,4,0,2332.88
12954,4326,19,5,0,2807.6
12955,4327,20,2,0,486.34
12956,4327,13,12,0,1819.56
12957,4327,6,7,0,4608.03
12958,4327,25,4,0,1461.88
12959,4328,13,3,10,409.4
12960,4329,24,12,0,9635.04
12961,4329,6,11,10,6517.07
12962,4329,4,3,0,855.63
12963,4329,3,1,0,33.47
12964,4330,3,10,10,301.23
12965,4331,20,7,10,1531.97
12966,4331,9,12,0,2921.76
12967,4331,10,3,10,2288.52
12968,4331,13,2,0,303.26
12969,4332,7,7,0,4098.85
12970,4332,15,9,10,4813.18
12971,4333,27,6,0,2081.94
12972,4334,12,6,0,2351.46
12973,4334,14,1,10,610.8
12974,4334,11,1,0,370.86
12975,4334,9,2,0,486.96
12976,4334,7,8,10,4215.96
12977,4335,17,10,0,837.9
12978,4335,20,1,0,243.17
12979,4335,5,1,0,423.02
12980,4336,8,10,10,3485.97
12981,4336,14,8,0,5429.36
12982,4337,1,11,0,7129.65
12983,4338,26,2,5,1041.52
12984,4338,2,2,0,71.06
12985,4339,2,10,0,355.3
12986,4339,18,1,0,583.22
12987,4339,9,12,0,2921.76
12988,4339,12,9,10,3174.47
12989,4340,28,8,0,1951.76
12990,4340,2,3,0,106.59
12991,4340,18,3,0,1749.66
12992,4340,27,2,0,693.98
12993,4341,12,12,0,4702.92
12994,4341,17,5,0,418.95
12995,4341,13,12,0,1819.56
12996,4342,5,2,0,846.04
12997,4342,14,10,10,6108.03
12998,4342,29,3,0,2509.86
12999,4342,27,9,0,3122.91
13000,4343,10,1,0,847.6
13001,4343,27,8,0,2775.92
13002,4343,28,5,0,1219.85
13003,4343,3,5,0,167.35
13004,4344,19,3,0,1684.56
13005,4345,12,5,15,1665.62
13006,4345,18,3,15,1487.21
13007,4345,11,3,0,1112.58
13008,4346,16,1,0,199.34
13009,4346,2,3,0,106.59
13010,4346,27,6,5,1977.84
13011,4346,20,3,0,729.51
13012,4347,12,2,5,744.63
13013,4347,14,3,0,2036.01
13014,4347,1,12,0,7777.8
13015,4348,8,10,0,3873.3
13016,4349,14,8,15,4614.96
13017,4349,4,3,0,855.63
13018,4349,11,7,0,2596.02
13019,4349,6,10,0,6582.9
13020,4350,27,7,0,2428.93
13021,4350,11,11,5,3875.49
13022,4351,1,2,0,1296.3
13023,4351,16,4,0,797.36
13024,4351,28,3,5,695.31
13025,4352,1,11,0,7129.65
13026,4353,22,12,0,1693.56
13027,4353,5,9,0,3807.18
13028,4353,18,1,0,583.22
13029,4354,22,6,0,846.78
13030,4354,20,12,0,2918.04
13031,4354,7,6,10,3161.97
13032,4355,14,2,0,1357.34
13033,4355,23,7,0,2632.0
13034,4355,2,1,0,35.53
13035,4356,25,10,0,3654.7
13036,4357,23,9,0,3384.0
13037,4357,17,10,0,837.9
13038,4357,18,2,15,991.47
13039,4358,14,7,0,4750.69
13040,4358,26,12,0,6578.04
13041,4358,6,5,10,2962.3
13042,4358,19,12,0,6738.24
13043,4358,28,10,5,2317.71
13044,4359,14,5,0,3393.35
13045,4359,24,8,0,6423.36
13046,4359,2,9,5,303.78
13047,4359,10,7,0,5933.2
13048,4360,27,3,5,988.92
13049,4360,12,4,10,1410.88
13050,4360,7,8,0,4684.4
13051,4360,16,7,0,1395.38
13052,4361,7,9,0,5269.95
13053,4361,28,5,0,1219.85
13054,4361,23,5,0,1880.0
13055,4361,14,8,0,5429.36
13056,4361,20,5,0,1215.85
13057,4362,5,8,10,3045.74
13058,4362,21,11,15,7563.87
13059,4363,21,2,15,1375.25
13060,4363,15,10,0,5942.2
13061,4363,24,1,5,762.77
13062,4363,9,8,0,1947.84
13063,4363,16,5,0,996.7
13064,4364,22,2,0,282.26
13065,4364,14,7,0,4750.69
13066,4365,17,10,0,837.9
13067,4365,7,12,0,7026.6
13068,4365,25,12,10,3947.08
13069,4365,14,9,0,6108.03
13070,4366,9,10,0,2434.8
13071,4366,11,12,15,3782.77
13072,4366,14,11,0,7465.37
13073,4366,5,3,15,1078.7
13074,4367,13,4,0,606.52
13075,4367,11,5,0,1854.3
13076,4367,5,9,10,3426.46
13077,4368,8,5,10,1742.98
13078,4368,29,8,0,6692.96
13079,4368,4,1,0,285.21
13080,4368,16,9,0,1794.06
13081,4369,26,10,15,4659.44
13082,4369,4,9,5,2438.55
13083,4370,9,7,0,1704.36
13084,4370,17,3,10,226.23
13085,4370,20,3,0,729.51
13086,4371,5,2,0,846.04
13087,4371,17,3,10,226.23
13088,4372,19,11,0,6176.72
13089,4372,25,12,0,4385.64
13090,4372,13,3,0,454.89
13091,4372,7,1,15,497.72
13092,4373,16,4,0,797.36
13093,4374,9,1,0,243.48
13094,4375,29,9,0,7529.58
13095,4375,27,7,15,2064.59
13096,4375,4,4,0,1140.84
13097,4375,26,5,15,2329.72
13098,4375,6,12,0,7899.48
13099,4376,27,4,0,1387.96
13100,4376,6,10,0,6582.9
13101,4376,21,2,0,1617.94
13102,4376,23,10,0,3760.0
13103,4377,29,9,0,7529.58
13104,4377,11,10,5,3523.17
13105,4377,7,10,5,5562.72
13106,4377,23,2,0,752.0
13107,4377,12,2,0,783.82
13108,4378,20,1,0,243.17
13109,4378,26,1,15,465.94
13110,4378,13,10,0,1516.3
13111,4378,15,2,0,1188.44
13112,4379,16,4,0,797.36
13113,4379,29,3,5,2384.37
13114,4380,20,8,0,1945.36
13115,4380,27,12,0,4163.88
13116,4381,7,10,0,5855.5
13117,4381,14,12,0,8144.04
13118,4381,28,8,5,1854.17
13119,4381,5,12,0,5076.24
13120,4381,15,12,0,7130.64
13121,4382,22,1,10,127.02
13122,4382,9,9,10,1972.19
13123,4382,18,12,0,6998.64
13124,4382,17,6,0,502.74
13125,4383,4,9,5,2438.55
13126,4384,28,7,0,1707.79
13127,4384,11,4,0,1483.44
13128,4384,29,1,10,752.96
13129,4385,11,10,0,3708.6
13130,4385,26,9,0,4933.53
13131,4385,22,5,0,705.65
13132,4385,18,11,0,6415.42
13133,4385,27,4,5,1318.56
13134,4386,22,2,0,282.26
13135,4387,7,2,0,1171.1
13136,4387,26,2,10,986.71
13137,4387,21,9,0,7280.73
13138,4387,8,2,0,774.66
13139,4388,24,9,0,7226.28
13140,4388,27,11,0,3816.89
13141,4388,3,6,0,200.82
13142,4388,13,12,0,1819.56
13143,4388,12,5,0,1959.55
13144,4389,3,10,10,301.23
13145,4389,11,5,0,1854.3
13146,4390,19,11,0,6176.72
13147,4390,13,5,0,758.15
13148,4391,6,2,5,1250.75
13149,4392,8,4,0,1549.32
13150,4392,14,5,10,3054.02
13151,4392,18,7,0,4082.54
13152,4393,8,6,0,2323.98
13153,4393,12,7,0,2743.37
13154,4393,10,10,0,8476.0
13155,4393,7,10,0,5855.5
13156,4394,3,10,0,334.7
13157,4394,18,12,0,6998.64
13158,4394,14,5,0,3393.35
13159,4395,18,8,0,4665.76
13160,4395,14,3,10,1832.41
13161,4395,3,12,0,401.64
13162,4395,4,1,0,285.21
13163,4396,27,3,5,988.92
13164,4396,9,5,0,1217.4
13165,4396,22,11,0,1552.43
13166,4396,15,12,0,7130.64
13167,4396,19,1,5,533.44
13168,4397,25,2,0,730.94
13169,4397,2,12,10,383.72
13170,4397,19,9,0,5053.68
13171,4397,14,3,5,1934.21
13172,4397,12,3,5,1116.94
13173,4398,3,8,10,240.98
13174,4398,26,10,5,5207.62
13175,4398,7,5,0,2927.75
13176,4398,4,1,0,285.21
13177,4398,25,3,0,1096.41
13178,4399,25,9,0,3289.23
13179,4400,8,8,0,3098.64
13180,4401,27,3,5,988.92
13181,4401,3,8,0,267.76
13182,4401,18,4,0,2332.88
13183,4402,15,7,0,4159.54
13184,4402,17,5,0,418.95
13185,4403,21,8,5,6148.17
13186,4403,1,1,0,648.15
13187,4403,17,1,0,83.79
13188,4404,3,10,0,334.7
13189,4404,9,2,5,462.61
13190,4405,2,12,10,383.72
13191,4405,14,6,0,4072.02
13192,4405,5,2,15,719.13
13193,4405,4,9,0,2566.89
13194,4405,16,2,0,398.68
13195,4406,13,11,10,1501.14
13196,4407,27,6,0,2081.94
13197,4407,29,10,0,8366.2
13198,4407,11,1,10,333.77
13199,4408,28,2,0,487.94
13200,4408,16,1,0,199.34
13201,4408,23,1,0,376.0
13202,4408,2,8,0,284.24
13203,4409,18,1,0,583.22
13204,4409,9,5,0,1217.4
13205,4410,10,1,0,847.6
13206,4411,13,4,10,545.87
13207,4411,24,9,0,7226.28
13208,4411,20,3,0,729.51
13209,4411,12,8,0,3135.28
13210,4411,6,2,15,1119.09
13211,4412,14,4,0,2714.68
13212,4412,17,3,5,238.8
13213,4413,3,2,15,56.9
13214,4413,1,6,0,3888.9
13215,4413,20,2,0,486.34
13216,4413,16,3,0,598.02
13217,4414,6,9,0,5924.61
13218,4414,18,12,0,6998.64
13219,4414,3,6,15,170.7
13220,4415,6,7,0,4608.03
13221,4415,10,6,0,5085.6
13222,4415,2,4,0,142.12
13223,4415,18,12,0,6998.64
13224,4416,10,7,0,5933.2
13225,4416,19,12,0,6738.24
13226,4416,25,1,15,310.65
13227,4417,6,3,0,1974.87
13228,4417,24,8,0,6423.36
13229,4418,23,7,0,2632.0
13230,4418,16,1,0,199.34
13231,4418,20,2,5,462.02
13232,4419,18,4,0,2332.88
13233,4419,7,1,0,585.55
13234,4419,15,6,0,3565.32
13235,4420,10,12,10,9154.08
13236,4420,25,5,0,1827.35
13237,4421,19,4,0,2246.08
13238,4421,11,6,5,2113.9
13239,4421,26,9,5,4686.85
13240,4422,17,7,10,527.88
13241,4422,19,9,0,5053.68
13242,4422,22,3,10,381.05
13243,4422,6,3,5,1876.13
13244,4423,5,8,0,3384.16
13245,4423,9,11,0,2678.28
13246,4424,23,1,0,376.0
13247,4424,8,9,5,3311.67
13248,4424,9,7,0,1704.36
13249,4424,13,7,0,1061.41
13250,4425,21,12,0,9707.64
13251,4425,17,7,5,557.2
13252,4425,23,3,0,1128.0
13253,4426,9,2,0,486.96
13254,4426,19,10,0,5615.2
13255,4426,12,8,0,3135.28
13256,4427,7,9,0,5269.95
13257,4427,9,5,0,1217.4
13258,4427,28,10,10,2195.73
13259,4427,10,5,0,4238.0
13260,4428,24,11,0,8832.12
13261,4429,5,11,15,3955.24
13262,4430,11,1,0,370.86
13263,4431,5,5,0,2115.1
13264,4431,22,9,0,1270.17
13265,4431,17,10,0,837.9
13266,4431,18,8,0,4665.76
13267,4431,27,5,0,1734.95
13268,4432,20,6,0,1459.02
13269,4432,1,5,0,3240.75
13270,4433,5,1,15,359.57
13271,4433,9,5,0,1217.4
13272,4433,28,12,15,2488.49
13273,4434,23,9,0,3384.0
13274,4434,21,3,0,2426.91
13275,4434,13,2,0,303.26
13276,4434,4,3,10,770.07
13277,4435,6,5,5,3126.88
13278,4435,20,10,0,2431.7
13279,4435,2,12,0,426.36
13280,4435,25,6,10,1973.54
13281,4436,26,10,0,5481.7
13282,4436,1,3,0,1944.45
13283,4436,2,1,0,35.53
13284,4437,21,5,0,4044.85
13285,4437,8,11,0,4260.63
13286,4437,24,2,0,1605.84
13287,4438,6,11,0,7241.19
13288,4439,10,4,0,3390.4
13289,4439,13,9,15,1159.97
13290,4439,26,9,0,4933.53
13291,4439,14,2,0,1357.34
13292,4440,29,11,0,9202.82
13293,4441,15,4,0,2376.88
13294,4441,21,6,0,4853.82
13295,4441,25,11,0,4020.17
13296,4442,3,9,0,301.23
13297,4442,11,3,10,1001.32
13298,4442,6,12,10,7109.53
13299,4442,28,2,0,487.94
13300,4442,17,9,5,716.4
13301,4443,6,7,0,4608.03
13302,4443,1,9,5,5541.68
13303,4443,12,1,0,391.91
13304,4443,20,7,5,1617.08
13305,4443,5,7,0,2961.14
13306,4444,4,2,0,570.42
13307,4444,10,2,10,1525.68
13308,4444,15,1,5,564.51
13309,4445,18,6,0,3499.32
13310,4445,28,5,0,1219.85
13311,4446,10,2,0,1695.2
13312,4446,26,12,0,6578.04
13313,4446,25,3,0,1096.41
13314,4447,20,12,5,2772.14
13315,4448,28,10,0,2439.7
13316,4448,21,12,0,9707.64
13317,4448,4,9,0,2566.89
13318,4449,9,8,0,1947.84
13319,4449,23,3,0,1128.0
13320,4450,24,7,0,5620.44
13321,4450,9,1,0,243.48
13322,4450,27,1,0,346.99
13323,4450,29,4,10,3011.83
13324,4450,4,3,0,855.63
13325,4451,8,2,10,697.19
13326,4451,4,10,0,2852.1
13327,4452,25,10,10,3289.23
13328,4452,28,10,0,2439.7
13329,4452,26,1,0,548.17
13330,4452,18,2,0,1166.44
13331,4452,22,2,0,282.26
13332,4453,9,1,0,243.48
13333,4454,14,2,0,1357.34
13334,4454,24,4,0,3211.68
13335,4454,11,2,0,741.72
13336,4454,8,12,0,4647.96
13337,4455,8,10,5,3679.64
13338,4456,24,7,0,5620.44
13339,4456,26,1,0,548.17
13340,4456,2,12,0,426.36
13341,4456,6,2,5,1250.75
13342,4456,11,11,0,4079.46
13343,4457,19,6,0,3369.12
13344,4457,22,11,0,1552.43
13345,4458,15,12,0,7130.64
13346,4459,15,10,0,5942.2
13347,4460,25,9,0,3289.23
13348,4460,11,6,5,2113.9
13349,4460,5,6,0,2538.12
13350,4460,15,1,0,594.22
13351,4461,27,4,0,1387.96
13352,4462,1,6,0,3888.9
13353,4462,9,9,0,2191.32
13354,4463,7,1,0,585.55
13355,4464,22,9,5,1206.66
13356,4464,23,11,0,4136.0
13357,4464,16,8,0,1594.72
13358,4464,14,9,10,5497.23
13359,4464,25,12,0,4385.64
13360,4465,5,8,0,3384.16
13361,4465,20,10,0,2431.7
13362,4466,28,8,0,1951.76
13363,4466,2,2,5,67.51
13364,4467,3,1,0,33.47
13365,4467,6,9,0,5924.61
13366,4467,20,12,0,2918.04
13367,4467,7,9,10,4742.96
13368,4468,17,3,15,213.66
13369,4468,24,3,0,2408.76
13370,4468,9,4,0,973.92
13371,4468,14,11,5,7092.1
13372,4469,15,5,0,2971.1
13373,4469,14,8,10,4886.42
13374,4469,18,8,0,4665.76
13375,4469,13,2,10,272.93
13376,4470,26,6,0,3289.02
13377,4470,21,4,0,3235.88
13378,4470,22,1,5,134.07
13379,4470,4,8,0,2281.68
13380,4471,15,1,5,564.51
13381,4472,3,1,0,33.47
13382,4472,5,11,0,4653.22
13383,4472,23,12,0,4512.0
13384,4472,8,12,15,3950.77
13385,4472,16,9,0,1794.06
13386,4473,15,9,0,5347.98
13387,4473,4,1,0,285.21
13388,4473,20,1,0,243.17
13389,4473,29,3,0,2509.86
13390,4474,15,4,10,2139.19
13391,4474,7,3,10,1580.98
13392,4474,10,4,0,3390.4
13393,4475,21,2,0,1617.94
13394,4475,26,7,0,3837.19
13395,4476,9,10,5,2313.06
13396,4476,19,11,0,6176.72
13397,4476,20,7,5,1617.08
13398,4476,3,9,15,256.05
13399,4477,3,7,0,234.29
13400,4477,15,11,0,6536.42
13401,4477,6,8,0,5266.32
13402,4478,3,11,0,368.17
13403,4478,6,11,0,7241.19
13404,4478,15,6,5,3387.05
13405,4478,16,2,0,398.68
13406,4479,25,12,0,4385.64
13407,4479,27,12,15,3539.3
13408,4479,24,3,0,2408.76
13409,4480,14,12,10,7329.64
13410,4481,7,3,0,1756.65
13411,4481,14,7,0,4750.69
13412,4481,8,2,0,774.66
13413,4482,25,4,0,1461.88
13414,4483,12,11,0,4311.01
13415,4484,5,5,10,1903.59
13416,4484,26,4,0,2192.68
13417,4485,19,10,0,5615.2
13418,4486,20,3,0,729.51
13419,4486,21,5,0,4044.85
13420,4486,11,9,5,3170.85
13421,4486,15,5,0,2971.1
13422,4486,18,9,0,5248.98
13423,4487,11,1,0,370.86
13424,4488,29,10,0,8366.2
13425,4488,10,2,0,1695.2
13426,4488,3,1,0,33.47
13427,4488,13,6,0,909.78
13428,4489,1,6,0,3888.9
13429,4490,20,12,0,2918.04
13430,4490,16,6,0,1196.04
13431,4490,7,12,15,5972.61
13432,4490,5,9,0,3807.18
13433,4491,18,7,0,4082.54
13434,4491,20,12,0,2918.04
13435,4491,1,4,0,2592.6
13436,4492,13,6,0,909.78
13437,4492,14,4,0,2714.68
13438,4492,23,5,0,1880.0
13439,4492,18,9,10,4724.08
13440,4492,1,2,0,1296.3
13441,4493,10,1,10,762.84
13442,4493,4,2,10,513.38
13443,4493,18,5,10,2624.49
13444,4494,26,3,0,1644.51
13445,4494,15,8,0,4753.76
13446,4494,2,9,0,319.77
13447,4495,3,2,0,66.94
13448,4495,14,6,0,4072.02
13449,4495,1,8,0,5185.2
13450,4495,2,4,15,120.8
13451,4496,22,12,0,1693.56
13452,4496,10,2,0,1695.2
13453,4496,9,3,10,657.4
13454,4497,2,8,0,284.24
13455,4497,9,6,0,1460.88
13456,4497,28,2,0,487.94
13457,4497,4,3,0,855.63
13458,4498,21,10,10,7280.73
13459,4498,7,8,0,4684.4
13460,4498,16,9,10,1614.65
13461,4499,3,5,0,167.35
13462,4499,16,3,0,598.02
13463,4499,13,7,0,1061.41
13464,4500,22,11,0,1552.43
13465,4501,2,3,0,106.59
13466,4501,14,4,0,2714.68
13467,4501,15,12,0,7130.64
13468,4501,12,7,0,2743.37
13469,4502,1,5,0,3240.75
13470,4502,12,7,0,2743.37
13471,4502,22,12,0,1693.56
13472,4503,25,7,15,2174.55
13473,4503,28,8,0,1951.76
13474,4503,21,8,0,6471.76
13475,4504,4,2,0,570.42
13476,4504,15,8,0,4753.76
13477,4504,10,2,0,1695.2
13478,4505,9,1,5,231.31
13479,4505,16,9,0,1794.06
13480,4506,21,7,0,5662.79
13481,4506,4,5,5,1354.75
13482,4506,13,11,0,1667.93
13483,4507,2,8,0,284.24
13484,4507,24,11,0,8832.12
13485,4508,1,2,10,1166.67
13486,4508,11,8,15,2521.85
13487,4509,15,9,0,5347.98
13488,4509,13,1,0,151.63
13489,4510,24,5,0,4014.6
13490,4510,5,2,0,846.04
13491,4510,9,5,0,1217.4
13492,4510,14,9,0,6108.03
13493,4511,10,11,5,8857.42
13494,4511,25,3,0,1096.41
13495,4511,1,7,0,4537.05
13496,4511,15,1,0,594.22
13497,4512,6,6,0,3949.74
13498,4512,3,5,0,167.35
13499,4513,2,7,5,236.27
13500,4513,16,3,0,598.02
13501,4513,4,8,0,2281.68
13502,4513,10,3,0,2542.8
13503,4513,19,9,5,4801.0
13504,4514,16,8,0,1594.72
13505,4515,29,3,15,2133.38
13506,4515,28,1,10,219.57
13507,4515,10,8,0,6780.8
13508,4516,20,3,0,729.51
13509,4516,16,8,0,1594.72
13510,4517,29,6,0,5019.72
13511,4517,9,4,0,973.92
13512,4518,3,8,0,267.76
13513,4518,21,7,0,5662.79
13514,4518,12,12,5,4467.77
13515,4518,13,3,0,454.89
13516,4519,25,4,0,1461.88
13517,4519,19,9,0,5053.68
13518,4520,22,8,5,1072.59
13519,4520,20,10,10,2188.53
13520,4520,10,1,0,847.6
13521,4520,6,7,5,4377.63
13522,4520,11,11,10,3671.51
13523,4521,25,9,5,3124.77
13524,4521,16,9,0,1794.06
13525,4521,24,7,5,5339.42
13526,4522,17,3,0,251.37
13527,4522,4,1,0,285.21
13528,4523,6,4,0,2633.16
13529,4523,28,5,0,1219.85
13530,4523,27,1,0,346.99
13531,4524,6,10,0,6582.9
13532,4524,26,3,10,1480.06
13533,4524,28,8,10,1756.58
13534,4524,11,4,0,1483.44
13535,4524,18,10,0,5832.2
13536,4525,10,6,0,5085.6
13537,4526,7,5,0,2927.75
13538,4526,4,1,0,285.21
13539,4526,1,6,0,3888.9
13540,4526,21,4,0,3235.88
13541,4527,11,7,15,2206.62
13542,4527,12,8,15,2664.99
13543,4527,23,1,15,319.6
13544,4528,8,10,15,3292.3
13545,4528,10,8,0,6780.8
13546,4528,15,8,0,4753.76
13547,4528,14,12,0,8144.04
13548,4528,3,6,0,200.82
13549,4529,22,7,0,987.91
13550,4529,14,2,0,1357.34
13551,4530,25,4,0,1461.88
13552,4531,28,3,15,622.12
13553,4531,20,3,0,729.51
13554,4531,19,8,0,4492.16
13555,4532,5,8,5,3214.95
13556,4532,21,12,15,8251.49
13557,4533,10,12,0,10171.2
13558,4534,15,8,0,4753.76
13559,4534,13,2,0,303.26
13560,4535,19,6,0,3369.12
13561,4535,5,11,0,4653.22
13562,4535,9,8,0,1947.84
13563,4535,11,7,0,2596.02
13564,4536,9,2,0,486.96
13565,4536,19,7,0,3930.64
13566,4536,29,3,0,2509.86
13567,4536,10,1,0,847.6
13568,4537,14,10,0,6786.7
13569,4537,19,9,0,5053.68
13570,4538,26,9,0,4933.53
13571,4538,15,7,0,4159.54
13572,4538,22,10,0,1411.3
13573,4539,12,6,0,2351.46
13574,4540,21,10,0,8089.7
13575,4540,29,1,10,752.96
13576,4540,4,4,0,1140.84
13577,4540,5,10,0,4230.2
13578,4541,18,1,10,524.9
13579,4541,25,3,5,1041.59
13580,4542,2,9,15,271.8
13581,4542,24,1,0,802.92
13582,4542,25,2,0,730.94
13583,4542,6,5,0,3291.45
13584,4542,17,3,0,251.37
13585,4543,13,8,5,1152.39
13586,4543,24,2,0,1605.84
13587,4543,15,1,0,594.22
13588,4544,3,2,10,60.25
13589,4545,17,4,15,284.89
13590,4546,19,4,0,2246.08
13591,4546,29,8,10,6023.66
13592,4546,14,1,0,678.67
13593,4546,23,6,0,2256.0
13594,4547,5,4,0,1692.08
13595,4547,18,4,0,2332.88
13596,4547,15,3,0,1782.66
13597,4547,1,7,0,4537.05
13598,4547,22,8,10,1016.14
13599,4548,18,7,0,4082.54
13600,4548,23,10,0,3760.0
13601,4548,8,4,0,1549.32
13602,4549,10,3,0,2542.8
13603,4549,14,10,0,6786.7
13604,4549,28,5,5,1158.86
13605,4549,12,8,0,3135.28
13606,4550,8,1,0,387.33
13607,4550,23,9,0,3384.0
13608,4550,12,4,10,1410.88
13609,4550,5,10,10,3807.18
13610,4550,25,1,0,365.47
13611,4551,20,5,5,1155.06
13612,4551,16,1,0,199.34
13613,4551,28,3,10,658.72
13614,4552,25,9,10,2960.31
13615,4552,22,6,0,846.78
13616,4552,9,2,0,486.96
13617,4552,4,12,5,3251.39
13618,4552,29,10,0,8366.2
13619,4553,7,3,5,1668.82
13620,4553,25,8,0,2923.76
13621,4554,19,3,0,1684.56
13622,4554,6,9,0,5924.61
13623,4554,1,2,10,1166.67
13624,4554,21,3,0,2426.91
13625,4555,20,4,0,972.68
13626,4555,19,6,10,3032.21
13627,4555,1,11,0,7129.65
13628,4555,4,1,5,270.95
13629,4556,14,1,0,678.67
13630,4556,7,3,0,1756.65
13631,4556,8,7,0,2711.31
13632,4556,21,12,0,9707.64
13633,4557,15,11,15,5555.96
13634,4557,19,6,15,2863.75
13635,4557,23,3,0,1128.0
13636,4557,17,8,0,670.32
13637,4558,15,11,0,6536.42
13638,4558,23,5,0,1880.0
13639,4558,25,6,0,2192.82
13640,4558,24,4,5,3051.1
13641,4558,27,10,5,3296.4
13642,4559,13,12,0,1819.56
13643,4559,22,11,0,1552.43
13644,4559,20,10,0,2431.7
13645,4559,16,6,0,1196.04
13646,4559,10,1,10,762.84
13647,4560,29,9,0,7529.58
13648,4561,17,5,10,377.06
13649,4561,29,1,0,836.62
13650,4561,20,7,0,1702.19
13651,4561,15,12,15,6061.04
13652,4562,23,1,0,376.0
13653,4562,11,3,10,1001.32
13654,4562,19,1,0,561.52
13655,4562,17,9,0,754.11
13656,4563,22,10,0,1411.3
13657,4564,3,1,0,33.47
13658,4564,12,3,0,1175.73
13659,4564,22,3,15,359.88
13660,4564,8,2,0,774.66
13661,4564,13,6,10,818.8
13662,4565,27,10,0,3469.9
13663,4565,18,1,0,583.22
13664,4566,16,10,0,1993.4
13665,4566,29,1,0,836.62
13666,4566,11,10,0,3708.6
13667,4566,21,4,0,3235.88
13668,4566,26,3,10,1480.06
13669,4567,6,4,0,2633.16
13670,4567,3,4,0,133.88
13671,4568,20,4,0,972.68
13672,4568,14,6,10,3664.82
13673,4569,23,6,0,2256.0
13674,4569,16,11,0,2192.74
13675,4570,27,1,10,312.29
13676,4570,20,2,0,486.34
13677,4570,4,10,0,2852.1
13678,4571,27,5,0,1734.95
13679,4571,29,6,5,4768.73
13680,4571,12,12,5,4467.77
13681,4572,27,7,10,2186.04
13682,4572,16,10,0,1993.4
13683,4573,24,5,0,4014.6
13684,4573,17,12,0,1005.48
13685,4573,22,4,15,479.84
13686,4573,19,10,15,4772.92
13687,4573,14,4,0,2714.68
13688,4574,11,3,0,1112.58
13689,4574,20,5,5,1155.06
13690,4575,13,3,0,454.89
13691,4575,2,10,0,355.3
13692,4575,11,7,0,2596.02
13693,4575,4,3,0,855.63
13694,4576,1,6,5,3694.45
13695,4577,17,11,0,921.69
13696,4577,21,4,0,3235.88
13697,4577,4,2,0,570.42
13698,4577,5,3,0,1269.06
13699,4577,19,5,0,2807.6
13700,4578,9,10,0,2434.8
13701,4578,1,1,0,648.15
13702,4579,5,7,0,2961.14
13703,4579,27,6,0,2081.94
13704,4579,2,10,0,355.3
13705,4579,11,10,0,3708.6
13706,4579,28,10,5,2317.71
13707,4580,5,3,0,1269.06
13708,4581,29,4,0,3346.48
13709,4581,21,2,0,1617.94
13710,4581,2,8,0,284.24
13711,4581,16,8,0,1594.72
13712,4582,24,5,0,4014.6
13713,4582,17,3,0,251.37
13714,4582,5,2,0,846.04
13715,4583,23,10,5,3572.0
13716,4583,25,5,10,1644.62
13717,4584,25,4,5,1388.79
13718,4584,2,8,5,270.03
13719,4584,29,6,0,5019.72
13720,4584,12,10,0,3919.1
13721,4584,15,2,0,1188.44
13722,4585,18,7,5,3878.41
13723,4585,28,8,0,1951.76
13724,4586,3,2,10,60.25
13725,4586,27,8,0,2775.92
13726,4587,18,3,15,1487.21
13727,4587,5,7,0,2961.14
13728,4587,10,5,0,4238.0
13729,4587,14,8,5,5157.89
13730,4588,29,11,5,8742.68
13731,4588,22,7,0,987.91
13732,4588,20,5,10,1094.26
13733,4588,14,7,0,4750.69
13734,4588,27,2,0,693.98
13735,4589,2,10,0,355.3
13736,4590,21,4,10,2912.29
13737,4590,26,1,0,548.17
13738,4590,19,1,0,561.52
13739,4590,6,10,0,6582.9
13740,4591,29,5,10,3764.79
13741,4591,18,6,0,3499.32
13742,4591,1,3,0,1944.45
13743,4591,19,5,0,2807.6
13744,4591,3,1,0,33.47
13745,4592,24,2,0,1605.84
13746,4593,7,6,15,2986.3
13747,4593,25,6,15,1863.9
13748,4594,23,5,0,1880.0
13749,4595,11,10,0,3708.6
13750,4596,16,4,0,797.36
13751,4596,10,11,15,7925.06
13752,4596,18,1,0,583.22
13753,4597,3,10,0,334.7
13754,4597,14,8,0,5429.36
13755,4597,4,11,0,3137.31
13756,4597,13,3,0,454.89
13757,4598,1,3,15,1652.78
13758,4598,21,6,0,4853.82
13759,4598,17,12,0,1005.48
13760,4598,11,12,0,4450.32
13761,4598,7,5,0,2927.75
13762,4599,12,2,5,744.63
13763,4599,1,9,5,5541.68
13764,4600,29,11,10,8282.54
13765,4600,19,11,0,6176.72
13766,4600,17,6,0,502.74
13767,4601,7,10,0,5855.5
13768,4602,4,5,0,1426.05
13769,4603,6,8,0,5266.32
13770,4603,11,1,0,370.86
13771,4603,8,7,0,2711.31
13772,4603,18,8,15,3965.9
13773,4604,26,4,0,2192.68
13774,4604,13,4,10,545.87
13775,4604,8,4,0,1549.32
13776,4604,29,3,0,2509.86
13777,4604,3,10,15,284.5
13778,4605,24,6,10,4335.77
13779,4605,25,2,10,657.85
13780,4605,17,6,0,502.74
13781,4605,9,10,0,2434.8
13782,4606,9,8,0,1947.84
13783,4606,8,12,0,4647.96
13784,4606,13,9,10,1228.2
13785,4607,23,5,10,1692.0
13786,4607,8,1,0,387.33
13787,4607,19,9,0,5053.68
13788,4607,28,6,0,1463.82
13789,4608,18,12,10,6298.78
13790,4608,11,9,0,3337.74
13791,4608,15,9,0,5347.98
13792,4609,18,3,5,1662.18
13793,4609,13,6,0,909.78
13794,4609,4,12,0,3422.52
13795,4609,6,7,0,4608.03
13796,4609,25,12,0,4385.64
13797,4610,17,7,0,586.53
13798,4610,8,3,0,1161.99
13799,4611,23,5,0,1880.0
13800,4611,7,7,0,4098.85
13801,4611,22,8,10,1016.14
13802,4611,11,3,0,1112.58
13803,4611,1,11,0,7129.65
13804,4612,11,5,0,1854.3
13805,4612,23,4,0,1504.0
13806,4612,12,11,0,4311.01
13807,4613,26,2,15,931.89
13808,4613,10,10,0,8476.0
13809,4613,23,7,0,2632.0
13810,4614,17,3,0,251.37
13811,4614,1,3,0,1944.45
13812,4615,23,2,0,752.0
13813,4616,12,12,0,4702.92
13814,4616,8,11,15,3621.54
13815,4616,2,11,0,390.83
13816,4617,15,8,0,4753.76
13817,4617,6,3,0,1974.87
13818,4617,17,9,0,754.11
13819,4618,11,5,0,1854.3
13820,4618,22,3,5,402.22
13821,4618,9,11,0,2678.28
13822,4618,6,1,5,625.38
13823,4618,19,2,0,1123.04
13824,4619,11,5,0,1854.3
13825,4619,9,2,0,486.96
13826,4620,11,10,0,3708.6
13827,4620,7,1,10,527.0
13828,4621,20,12,0,2918.04
13829,4621,19,11,0,6176.72
13830,4621,5,7,0,2961.14
13831,4621,18,7,0,4082.54
13832,4621,9,3,5,693.92
13833,4622,13,1,0,151.63
13834,4622,25,3,0,1096.41
13835,4622,5,7,0,2961.14
13836,4622,6,7,0,4608.03
13837,4623,17,10,0,837.9
13838,4624,19,3,0,1684.56
13839,4624,14,2,0,1357.34
13840,4625,17,1,10,75.41
13841,4626,20,2,0,486.34
13842,4626,18,1,0,583.22
13843,4626,2,12,5,405.04
13844,4626,19,2,0,1123.04
13845,4626,6,10,0,6582.9
13846,4627,8,4,0,1549.32
13847,4627,10,9,0,7628.4
13848,4627,4,10,0,2852.1
13849,4628,7,5,0,2927.75
13850,4628,9,8,0,1947.84
13851,4629,14,4,0,2714.68
13852,4629,25,7,0,2558.29
13853,4629,28,1,15,207.37
13854,4629,11,12,5,4227.8
13855,4629,12,1,15,333.12
13856,4630,1,3,0,1944.45
13857,4630,12,8,0,3135.28
13858,4630,6,8,0,5266.32
13859,4630,20,11,10,2407.38
13860,4630,18,1,0,583.22
13861,4631,13,7,0,1061.41
13862,4631,17,2,0,167.58
13863,4631,10,11,5,8857.42
13864,4632,25,8,0,2923.76
13865,4633,8,5,0,1936.65
13866,4633,1,4,0,2592.6
13867,4633,11,12,0,4450.32
13868,4633,15,9,0,5347.98
13869,4634,12,1,0,391.91
13870,4635,25,8,10,2631.38
13871,4635,19,3,0,1684.56
13872,4636,20,2,0,486.34
13873,4636,12,8,0,3135.28
13874,4636,29,7,0,5856.34
13875,4636,8,11,0,4260.63
13876,4637,26,4,15,1863.78
13877,4638,27,2,0,693.98
13878,4638,3,1,10,30.12
13879,4638,16,11,0,2192.74
13880,4638,18,10,0,5832.2
13881,4639,14,7,0,4750.69
13882,4640,3,12,0,401.64
13883,4640,25,2,0,730.94
13884,4641,17,5,10,377.06
13885,4641,4,2,0,570.42
13886,4641,8,12,0,4647.96
13887,4642,8,8,5,2943.71
13888,4642,4,8,0,2281.68
13889,4643,5,6,0,2538.12
13890,4643,26,8,0,4385.36
13891,4643,1,7,0,4537.05
13892,4643,14,1,0,678.67
13893,4643,23,7,0,2632.0
13894,4644,18,5,5,2770.3
13895,4644,17,10,10,754.11
13896,4645,28,1,10,219.57
13897,4645,8,5,0,1936.65
13898,4645,25,7,15,2174.55
13899,4645,21,2,0,1617.94
13900,4645,17,8,0,670.32
13901,4646,29,9,0,7529.58
13902,4647,25,2,0,730.94
13903,4648,20,10,0,2431.7
13904,4648,4,10,10,2566.89
13905,4648,12,4,0,1567.64
13906,4648,18,3,0,1749.66
13907,4648,15,5,0,2971.1
13908,4649,10,3,0,2542.8
13909,4650,13,8,0,1213.04
13910,4650,11,5,5,1761.58
13911,4651,23,8,0,3008.0
13912,4652,15,6,10,3208.79
13913,4652,1,7,0,4537.05
13914,4652,12,6,5,2233.89
13915,4653,7,7,0,4098.85
13916,4653,26,10,10,4933.53
13917,4653,20,5,0,1215.85
13918,4653,1,8,0,5185.2
13919,4653,25,10,0,3654.7
13920,4654,23,6,0,2256.0
13921,4654,13,5,0,758.15
13922,4655,3,12,0,401.64
13923,4655,11,4,0,1483.44
13924,4655,15,7,0,4159.54
13925,4656,8,9,0,3485.97
13926,4656,6,10,0,6582.9
13927,4656,28,1,0,243.97
13928,4656,3,5,0,167.35
13929,4657,2,4,5,135.01
13930,4657,4,9,0,2566.89
13931,4658,6,2,10,1184.92
13932,4658,28,11,0,2683.67
13933,4658,10,1,5,805.22
13934,4659,1,4,0,2592.6
13935,4659,24,9,0,7226.28
13936,4659,26,6,0,3289.02
13937,4660,18,12,0,6998.64
13938,4660,11,5,0,1854.3
13939,4660,3,3,0,100.41
13940,4660,21,2,0,1617.94
13941,4661,23,4,0,1504.0
13942,4661,13,6,0,909.78
13943,4661,11,10,0,3708.6
13944,4662,2,10,0,355.3
13945,4663,6,9,5,5628.38
13946,4663,22,2,0,282.26
13947,4663,12,5,0,1959.55
13948,4663,14,11,10,6718.83
13949,4664,24,8,0,6423.36
13950,4664,16,11,0,2192.74
13951,4664,10,11,10,8391.24
13952,4665,26,5,0,2740.85
13953,4666,22,9,0,1270.17
13954,4666,6,5,0,3291.45
13955,4666,3,5,0,167.35
13956,4666,8,4,5,1471.85
13957,4666,18,8,0,4665.76
13958,4667,2,2,0,71.06
13959,4667,23,9,5,3214.8
13960,4667,10,8,0,6780.8
13961,4667,7,11,15,5474.89
13962,4668,21,5,0,4044.85
13963,4668,11,7,0,2596.02
13964,4668,18,8,0,4665.76
13965,4668,3,3,10,90.37
13966,4669,25,7,0,2558.29
13967,4669,19,9,15,4295.63
13968,4670,14,11,10,6718.83
13969,4670,2,5,0,177.65
13970,4670,16,12,0,2392.08
13971,4671,3,9,0,301.23
13972,4671,26,12,15,5591.33
13973,4671,13,10,0,1516.3
13974,4672,29,8,0,6692.96
13975,4672,6,8,0,5266.32
13976,4673,16,1,0,199.34
13977,4674,21,6,0,4853.82
13978,4674,7,1,10,527.0
13979,4674,25,12,10,3947.08
13980,4675,7,7,0,4098.85
13981,4675,14,1,0,678.67
13982,4675,28,5,0,1219.85
13983,4675,6,4,15,2238.19
13984,4675,3,6,0,200.82
13985,4676,17,6,0,502.74
13986,4677,20,8,0,1945.36
13987,4677,27,5,5,1648.2
13988,4678,2,4,0,142.12
13989,4678,13,4,0,606.52
13990,4678,27,1,0,346.99
13991,4678,14,7,0,4750.69
13992,4678,24,8,0,6423.36
13993,4679,21,1,15,687.62
13994,4679,23,7,0,2632.0
13995,4680,6,9,10,5332.15
13996,4681,16,7,0,1395.38
13997,4681,18,7,0,4082.54
13998,4682,11,11,0,4079.46
13999,4682,13,5,0,758.15
14000,4682,26,2,0,1096.34
14001,4682,28,10,0,2439.7
14002,4682,21,1,10,728.07
14003,4683,18,9,0,5248.98
14004,4683,12,11,0,4311.01
14005,4683,7,9,0,5269.95
14006,4683,1,7,0,4537.05
14007,4684,5,6,10,2284.31
14008,4684,26,11,10,5426.88
14009,4684,29,10,0,8366.2
14010,4684,8,1,0,387.33
14011,4684,15,7,0,4159.54
14012,4685,7,7,0,4098.85
14013,4685,28,4,10,878.29
14014,4685,29,5,0,4183.1
14015,4685,12,11,10,3879.91
14016,4685,27,3,0,1040.97
14017,4686,3,9,0,301.23
14018,4686,4,8,0,2281.68
14019,4686,21,7,0,5662.79
14020,4686,29,1,15,711.13
14021,4686,6,12,10,7109.53
14022,4687,2,1,0,35.53
14023,4687,4,11,10,2823.58
14024,4687,5,11,0,4653.22
14025,4688,25,3,5,1041.59
14026,4688,26,2,0,1096.34
14027,4689,15,5,0,2971.1
14028,4690,11,12,0,4450.32
14029,4690,4,2,0,570.42
14030,4690,18,9,0,5248.98
14031,4690,5,7,0,2961.14
14032,4691,5,1,0,423.02
14033,4691,6,7,0,4608.03
14034,4691,9,7,0,1704.36
14035,4691,21,4,0,3235.88
14036,4692,12,7,0,2743.37
14037,4693,13,11,0,1667.93
14038,4693,4,1,0,285.21
14039,4693,22,8,0,1129.04
14040,4693,14,4,0,2714.68
14041,4693,7,10,15,4977.18
14042,4694,11,10,0,3708.6
14043,4694,7,2,5,1112.54
14044,4694,19,11,0,6176.72
14045,4694,18,10,5,5540.59
14046,4694,26,9,0,4933.53
14047,4695,11,9,15,2837.08
14048,4696,7,4,0,2342.2
14049,4696,21,4,0,3235.88
14050,4696,18,8,0,4665.76
14051,4697,9,9,0,2191.32
14052,4698,25,5,0,1827.35
14053,4698,2,3,0,106.59
14054,4698,6,7,0,4608.03
14055,4698,23,10,0,3760.0
14056,4698,27,5,10,1561.46
14057,4699,16,12,0,2392.08
14058,4699,1,12,0,7777.8
14059,4700,3,2,0,66.94
14060,4700,23,11,0,4136.0
14061,4701,12,5,0,1959.55
14062,4701,5,11,0,4653.22
14063,4701,11,11,15,3467.54
14064,4702,29,2,0,1673.24
14065,4703,27,10,0,3469.9
14066,4703,16,7,0,1395.38
14067,4703,11,8,15,2521.85
14068,4703,24,1,5,762.77
14069,4703,21,7,0,5662.79
14070,4704,2,10,0,355.3
14071,4705,7,4,10,2107.98
14072,4705,25,1,0,365.47
14073,4705,8,6,0,2323.98
14074,4705,20,5,0,1215.85
14075,4706,8,5,0,1936.65
14076,4706,10,4,0,3390.4
14077,4707,11,11,0,4079.46
14078,4707,1,4,0,2592.6
14079,4707,29,1,0,836.62
14080,4708,1,8,0,5185.2
14081,4709,28,7,0,1707.79
14082,4710,18,7,0,4082.54
14083,4711,15,11,0,6536.42
14084,4711,5,4,0,1692.08
14085,4711,4,11,0,3137.31
14086,4712,3,10,0,334.7
14087,4712,2,1,0,35.53
14088,4712,7,2,5,1112.54
14089,4712,15,7,0,4159.54
14090,4712,27,11,10,3435.2
14091,4713,16,12,0,2392.08
14092,4713,28,11,0,2683.67
14093,4713,26,3,5,1562.28
14094,4713,27,11,10,3435.2
14095,4713,29,9,0,7529.58
14096,4714,12,4,0,1567.64
14097,4715,13,8,0,1213.04
14098,4716,13,7,0,1061.41
14099,4716,12,11,10,3879.91
14100,4717,17,1,15,71.22
14101,4717,7,4,0,2342.2
14102,4717,18,1,0,583.22
14103,4717,20,9,0,2188.53
14104,4718,19,9,0,5053.68
14105,4719,20,3,10,656.56
14106,4719,29,7,0,5856.34
14107,4719,3,3,0,100.41
14108,4719,10,9,0,7628.4
14109,4720,10,9,0,7628.4
14110,4720,11,3,0,1112.58
14111,4720,8,11,5,4047.6
14112,4720,13,5,0,758.15
14113,4721,13,1,0,151.63
14114,4721,12,11,0,4311.01
14115,4721,3,1,0,33.47
14116,4722,27,9,15,2654.47
14117,4722,28,11,0,2683.67
14118,4722,25,10,0,3654.7
14119,4722,21,6,0,4853.82
14120,4722,26,10,0,5481.7
14121,4723,7,11,0,6441.05
14122,4723,2,5,0,177.65
14123,4723,5,2,0,846.04
14124,4723,18,2,0,1166.44
14125,4724,15,10,0,5942.2
14126,4724,29,11,0,9202.82
14127,4724,7,2,0,1171.1
14128,4724,11,12,10,4005.29
14129,4725,9,3,0,730.44
14130,4726,4,7,0,1996.47
14131,4726,18,3,15,1487.21
14132,4726,24,1,0,802.92
14133,4726,1,9,0,5833.35
14134,4727,12,1,0,391.91
14135,4727,27,4,0,1387.96
14136,4728,24,1,0,802.92
14137,4728,23,11,0,4136.0
14138,4728,22,3,10,381.05
14139,4728,28,7,0,1707.79
14140,4729,21,5,0,4044.85
14141,4729,14,5,0,3393.35
14142,4729,7,4,0,2342.2
14143,4730,8,11,0,4260.63
14144,4730,11,11,5,3875.49
14145,4730,17,3,0,251.37
14146,4730,21,11,10,8008.8
14147,4731,28,11,5,2549.49
14148,4731,18,8,0,4665.76
14149,4731,24,1,0,802.92
14150,4731,9,2,0,486.96
14151,4731,29,3,0,2509.86
14152,4732,23,11,0,4136.0
14153,4732,26,11,0,6029.87
14154,4732,10,3,0,2542.8
14155,4733,17,4,0,335.16
14156,4733,2,7,0,248.71
14157,4733,4,10,0,2852.1
14158,4734,9,3,10,657.4
14159,4735,3,4,0,133.88
14160,4735,8,1,0,387.33
14161,4735,5,3,0,1269.06
14162,4736,16,8,15,1355.51
14163,4736,15,7,0,4159.54
14164,4736,7,12,0,7026.6
14165,4736,12,1,0,391.91
14166,4736,18,4,0,2332.88
14167,4737,14,1,0,678.67
14168,4737,13,3,0,454.89
14169,4737,4,5,0,1426.05
14170,4737,3,4,0,133.88
14171,4738,24,12,0,9635.04
14172,4738,2,5,0,177.65
14173,4739,19,4,0,2246.08
14174,4739,25,12,0,4385.64
14175,4739,21,7,5,5379.65
14176,4740,21,12,0,9707.64
14177,4741,1,5,5,3078.71
14178,4741,28,11,0,2683.67
14179,4741,14,1,0,678.67
14180,4742,10,9,0,7628.4
14181,4742,18,9,10,4724.08
14182,4742,9,3,0,730.44
14183,4743,13,8,0,1213.04
14184,4743,21,8,0,6471.76
14185,4743,4,4,10,1026.76
14186,4743,10,9,0,7628.4
14187,4743,27,6,0,2081.94
14188,4744,3,7,0,234.29
14189,4744,6,3,0,1974.87
14190,4744,23,4,0,1504.0
14191,4744,24,3,15,2047.45
14192,4745,13,7,0,1061.41
14193,4746,13,10,0,1516.3
14194,4746,16,9,0,1794.06
14195,4746,9,7,0,1704.36
14196,4746,26,5,0,2740.85
14197,4746,24,10,0,8029.2
14198,4747,26,10,0,5481.7
14199,4747,9,5,0,1217.4
14200,4747,27,10,0,3469.9
14201,4748,21,3,0,2426.91
14202,4748,17,12,0,1005.48
14203,4749,7,10,15,4977.18
14204,4749,6,9,0,5924.61
14205,4750,27,7,0,2428.93
14206,4750,7,10,0,5855.5
14207,4751,4,7,0,1996.47
14208,4752,3,8,5,254.37
14209,4753,25,3,0,1096.41
14210,4753,28,4,5,927.09
14211,4753,20,6,0,1459.02
14212,4753,19,7,0,3930.64
14213,4754,9,11,10,2410.45
14214,4754,19,3,0,1684.56
14215,4754,27,10,0,3469.9
14216,4754,2,12,0,426.36
14217,4754,25,10,0,3654.7
14218,4755,25,4,0,1461.88
14219,4755,26,4,10,1973.41
14220,4755,20,6,0,1459.02
14221,4755,23,9,0,3384.0
14222,4755,7,12,5,6675.27
14223,4756,9,9,10,1972.19
14224,4756,17,8,0,670.32
14225,4756,15,12,0,7130.64
14226,4756,3,8,5,254.37
14227,4756,27,8,0,2775.92
14228,4757,7,7,10,3688.96
14229,4757,8,1,15,329.23
14230,4757,17,5,5,398.0
14231,4758,22,9,15,1079.64
14232,4758,17,3,10,226.23
14233,4758,3,1,0,33.47
14234,4759,16,4,0,797.36
14235,4759,27,2,0,693.98
14236,4759,26,6,0,3289.02
14237,4759,1,4,5,2462.97
14238,4759,21,10,0,8089.7
14239,4760,8,10,0,3873.3
14240,4760,11,2,0,741.72
14241,4761,23,1,0,376.0
14242,4762,5,5,5,2009.34
14243,4762,26,1,0,548.17
14244,4762,15,11,0,6536.42
14245,4763,7,7,0,4098.85
14246,4763,11,3,15,945.69
14247,4763,16,10,0,1993.4
14248,4763,1,12,5,7388.91
14249,4764,10,12,0,10171.2
14250,4764,6,11,5,6879.13
14251,4764,19,11,10,5559.05
14252,4765,26,12,0,6578.04
14253,4765,12,10,5,3723.14
14254,4765,9,2,0,486.96
14255,4766,4,1,0,285.21
14256,4767,11,8,0,2966.88
14257,4767,5,6,5,2411.21
14258,4767,18,3,0,1749.66
14259,4767,15,11,5,6209.6
14260,4767,6,9,15,5035.92
14261,4768,22,10,10,1270.17
14262,4769,6,11,10,6517.07
14263,4769,4,6,10,1540.13
14264,4769,22,11,0,1552.43
14265,4769,29,7,10,5270.71
14266,4770,22,5,0,705.65
14267,4770,7,1,0,585.55
14268,4771,23,1,0,376.0
14269,4771,29,9,0,7529.58
14270,4772,18,4,0,2332.88
14271,4772,8,1,15,329.23
14272,4772,16,10,0,1993.4
14273,4773,22,10,0,1411.3
14274,4773,16,2,0,398.68
14275,4773,9,10,0,2434.8
14276,4773,24,5,0,4014.6
14277,4774,12,3,0,1175.73
14278,4774,15,10,10,5347.98
14279,4774,13,9,0,1364.67
14280,4774,29,1,0,836.62
14281,4775,17,9,0,754.11
14282,4775,21,3,0,2426.91
14283,4775,5,1,0,423.02
14284,4775,18,2,0,1166.44
14285,4776,18,4,0,2332.88
14286,4776,1,11,0,7129.65
14287,4776,17,1,5,79.6
14288,4777,11,7,0,2596.02
14289,4777,9,2,0,486.96
14290,4777,19,9,0,5053.68
14291,4777,27,7,5,2307.48
14292,4778,10,3,0,2542.8
14293,4778,1,11,0,7129.65
14294,4778,23,12,5,4286.4
14295,4778,11,11,0,4079.46
14296,4779,8,5,0,1936.65
14297,4780,13,5,0,758.15
14298,4780,1,2,0,1296.3
14299,4780,9,12,10,2629.58
14300,4780,5,3,0,1269.06
14301,4781,4,11,0,3137.31
14302,4782,6,6,5,3752.25
14303,4782,12,7,0,2743.37
14304,4782,24,2,0,1605.84
14305,4782,25,1,5,347.2
14306,4782,18,1,0,583.22
14307,4783,1,4,0,2592.6
14308,4783,20,11,0,2674.87
14309,4783,13,3,0,454.89
14310,4783,3,2,0,66.94
14311,4784,14,7,15,4038.09
14312,4784,3,2,0,66.94
14313,4785,23,1,0,376.0
14314,4785,16,3,0,598.02
14315,4786,16,12,0,2392.08
14316,4786,24,10,10,7226.28
14317,4786,1,10,10,5833.35
14318,4786,17,12,0,1005.48
14319,4786,27,2,0,693.98
14320,4787,10,8,0,6780.8
14321,4787,17,4,0,335.16
14322,4787,16,4,0,797.36
14323,4787,18,8,0,4665.76
14324,4787,26,1,10,493.35
14325,4788,10,5,0,4238.0
14326,4788,21,5,0,4044.85
14327,4789,27,9,0,3122.91
14328,4789,1,10,0,6481.5
14329,4789,14,1,0,678.67
14330,4790,11,7,15,2206.62
14331,4790,24,1,0,802.92
14332,4790,12,8,0,3135.28
14333,4790,14,12,10,7329.64
14334,4791,29,4,0,3346.48
14335,4791,24,6,0,4817.52
14336,4792,1,7,15,3856.49
14337,4792,10,6,0,5085.6
14338,4792,18,2,0,1166.44
14339,4792,22,10,10,1270.17
14340,4793,28,12,0,2927.64
14341,4794,11,8,15,2521.85
14342,4795,25,9,0,3289.23
14343,4795,11,10,0,3708.6
14344,4796,24,6,0,4817.52
14345,4796,12,7,5,2606.2
14346,4796,14,4,0,2714.68
14347,4797,10,2,0,1695.2
14348,4797,19,9,0,5053.68
14349,4797,21,6,5,4611.13
14350,4797,11,9,0,3337.74
14351,4797,2,1,0,35.53
14352,4798,18,12,0,6998.64
14353,4798,27,2,0,693.98
14354,4798,2,12,0,426.36
14355,4798,7,12,0,7026.6
14356,4798,20,2,0,486.34
14357,4799,1,5,0,3240.75
14358,4799,28,12,0,2927.64
14359,4799,22,10,0,1411.3
14360,4800,5,4,10,1522.87
14361,4800,12,10,0,3919.1
14362,4800,24,11,0,8832.12
14363,4801,8,11,0,4260.63
14364,4802,12,1,5,372.31
14365,4803,18,4,0,2332.88
14366,4803,1,1,0,648.15
14367,4803,12,12,0,4702.92
14368,4803,26,5,0,2740.85
14369,4803,3,6,0,200.82
14370,4804,24,5,0,4014.6
14371,4804,29,1,0,836.62
14372,4804,23,4,0,1504.0
14373,4804,7,10,0,5855.5
14374,4804,19,12,0,6738.24
14375,4805,27,2,0,693.98
14376,4805,11,9,0,3337.74
14377,4806,4,10,0,2852.1
14378,4806,17,7,5,557.2
14379,4807,28,4,10,878.29
14380,4808,18,9,10,4724.08
14381,4808,15,7,5,3951.56
14382,4808,20,11,0,2674.87
14383,4808,8,5,0,1936.65
14384,4808,23,11,0,4136.0
14385,4809,3,11,0,368.17
14386,4810,2,1,0,35.53
14387,4810,8,3,0,1161.99
14388,4810,19,7,0,3930.64
14389,4810,28,6,0,1463.82
14390,4810,21,3,0,2426.91
14391,4811,2,2,0,71.06
14392,4811,8,7,0,2711.31
14393,4811,4,5,0,1426.05
14394,4812,3,4,0,133.88
14395,4812,6,4,0,2633.16
14396,4812,29,12,0,10039.44
14397,4812,26,4,0,2192.68
14398,4812,18,6,0,3499.32
14399,4813,8,4,0,1549.32
14400,4813,16,1,0,199.34
14401,4814,20,5,0,1215.85
14402,4814,15,5,0,2971.1
14403,4814,14,1,10,610.8
14404,4814,22,9,0,1270.17
14405,4815,11,8,5,2818.54
14406,4815,6,1,10,592.46
14407,4815,1,9,0,5833.35
14408,4815,25,12,0,4385.64
14409,4816,20,1,0,243.17
14410,4816,2,10,5,337.54
14411,4816,29,3,0,2509.86
14412,4816,19,1,0,561.52
14413,4817,22,10,0,1411.3
14414,4818,20,9,0,2188.53
14415,4819,9,4,0,973.92
14416,4819,12,2,5,744.63
14417,4819,14,2,10,1221.61
14418,4820,2,7,0,248.71
14419,4820,20,7,0,1702.19
14420,4821,22,9,5,1206.66
14421,4821,24,5,0,4014.6
14422,4821,12,9,0,3527.19
14423,4822,19,6,0,3369.12
14424,4823,27,3,0,1040.97
14425,4823,2,11,0,390.83
14426,4824,23,11,0,4136.0
14427,4824,2,7,0,248.71
14428,4824,17,1,10,75.41
14429,4824,7,5,0,2927.75
14430,4824,16,8,0,1594.72
14431,4825,23,3,10,1015.2
14432,4825,11,1,0,370.86
14433,4826,10,8,0,6780.8
14434,4826,24,11,0,8832.12
14435,4826,9,1,15,206.96
14436,4826,3,8,0,267.76
14437,4826,14,8,5,5157.89
14438,4827,12,5,0,1959.55
14439,4827,6,8,0,5266.32
14440,4827,16,12,0,2392.08
14441,4828,15,11,5,6209.6
14442,4828,5,11,0,4653.22
14443,4828,11,3,5,1056.95
14444,4828,7,11,0,6441.05
14445,4828,17,4,0,335.16
14446,4829,29,5,10,3764.79
14447,4830,28,10,0,2439.7
14448,4830,8,6,0,2323.98
14449,4830,14,12,0,8144.04
14450,4830,9,4,0,973.92
14451,4830,19,10,5,5334.44
14452,4831,16,7,0,1395.38
14453,4831,22,7,0,987.91
14454,4831,19,3,0,1684.56
14455,4831,13,7,0,1061.41
14456,4832,9,12,0,2921.76
14457,4832,16,10,0,1993.4
14458,4832,2,7,0,248.71
14459,4833,2,1,10,31.98
14460,4833,23,3,0,1128.0
14461,4834,4,12,10,3080.27
14462,4835,5,3,10,1142.15
14463,4836,22,1,0,141.13
14464,4836,17,4,0,335.16
14465,4836,29,7,0,5856.34
14466,4836,12,9,0,3527.19
14467,4837,9,1,0,243.48
14468,4837,18,7,0,4082.54
14469,4837,19,4,0,2246.08
14470,4838,4,4,0,1140.84
14471,4838,6,7,15,3916.83
14472,4838,27,1,0,346.99
14473,4838,7,6,0,3513.3
14474,4839,14,11,0,7465.37
14475,4839,21,2,0,1617.94
14476,4839,8,11,0,4260.63
14477,4839,5,11,0,4653.22
14478,4839,13,7,0,1061.41
14479,4840,15,9,0,5347.98
14480,4840,27,10,0,3469.9
14481,4840,11,2,0,741.72
14482,4840,13,1,5,144.05
14483,4840,19,4,0,2246.08
14484,4841,28,2,10,439.15
14485,4841,24,3,0,2408.76
14486,4841,5,1,0,423.02
14487,4841,14,12,0,8144.04
14488,4841,21,4,0,3235.88
14489,4842,28,6,10,1317.44
14490,4842,18,3,0,1749.66
14491,4843,25,6,5,2083.18
14492,4843,20,3,0,729.51
14493,4843,26,12,0,6578.04
14494,4844,13,10,0,1516.3
14495,4844,12,8,5,2978.52
14496,4844,27,12,0,4163.88
14497,4845,1,2,15,1101.86
14498,4845,26,10,10,4933.53
14499,4846,5,1,0,423.02
14500,4846,20,1,10,218.85
14501,4846,15,10,0,5942.2
14502,4846,17,12,0,1005.48
14503,4847,3,3,0,100.41
14504,4848,19,8,0,4492.16
14505,4848,28,5,0,1219.85
14506,4848,4,11,0,3137.31
14507,4849,7,11,0,6441.05
14508,4849,23,10,0,3760.0
14509,4849,3,3,0,100.41
14510,4850,6,12,10,7109.53
14511,4850,23,9,0,3384.0
14512,4850,22,10,5,1340.74
14513,4851,16,4,0,797.36
14514,4851,22,9,0,1270.17
14515,4851,1,2,10,1166.67
14516,4852,5,11,0,4653.22
14517,4853,12,10,0,3919.1
14518,4853,10,7,0,5933.2
14519,4853,26,6,0,3289.02
14520,4853,15,11,0,6536.42
14521,4853,1,6,0,3888.9
14522,4854,28,5,0,1219.85
14523,4854,9,6,0,1460.88
14524,4854,24,7,0,5620.44
14525,4855,7,11,10,5796.94
14526,4855,17,6,0,502.74
14527,4855,15,3,0,1782.66
14528,4855,22,2,5,268.15
14529,4855,4,8,5,2167.6
14530,4856,26,6,0,3289.02
14531,4857,11,1,0,370.86
14532,4857,28,4,5,927.09
14533,4857,18,7,5,3878.41
14534,4857,1,2,0,1296.3
14535,4858,1,9,0,5833.35
14536,4858,22,7,0,987.91
14537,4858,7,1,0,585.55
14538,4859,5,8,0,3384.16
14539,4859,24,11,0,8832.12
14540,4859,22,3,0,423.39
14541,4860,25,1,0,365.47
14542,4860,10,3,0,2542.8
14543,4860,13,4,0,606.52
14544,4860,20,6,0,1459.02
14545,4861,25,9,10,2960.31
14546,4861,23,6,15,1917.6
14547,4861,4,1,15,242.43
14548,4862,11,11,0,4079.46
14549,4862,14,1,0,678.67
14550,4863,2,11,0,390.83
14551,4863,5,12,0,5076.24
14552,4864,15,8,0,4753.76
14553,4864,9,2,0,486.96
14554,4864,23,6,0,2256.0
14555,4864,4,7,0,1996.47
14556,4865,24,8,5,6102.19
14557,4865,15,10,5,5645.09
14558,4865,8,1,0,387.33
14559,4865,2,6,0,213.18
14560,4865,16,3,0,598.02
14561,4866,9,2,10,438.26
14562,4866,6,4,0,2633.16
14563,4866,22,4,0,564.52
14564,4867,3,8,0,267.76
14565,4867,17,10,0,837.9
14566,4867,11,5,15,1576.16
14567,4868,11,5,0,1854.3
14568,4868,6,12,5,7504.51
14569,4868,7,12,10,6323.94
14570,4868,19,6,0,3369.12
14571,4869,8,12,0,4647.96
14572,4869,7,8,0,4684.4
14573,4869,17,10,0,837.9
14574,4870,2,2,0,71.06
14575,4870,5,10,5,4018.69
14576,4870,3,12,5,381.56
14577,4870,27,2,0,693.98
14578,4871,16,11,0,2192.74
14579,4871,8,10,0,3873.3
14580,4871,27,9,0,3122.91
14581,4871,1,7,10,4083.34
14582,4871,17,7,0,586.53
14583,4872,2,10,15,302.0
14584,4872,3,4,0,133.88
14585,4872,11,7,0,2596.02
14586,4872,14,6,0,4072.02
14587,4873,17,4,10,301.64
14588,4873,22,4,0,564.52
14589,4873,28,6,10,1317.44
14590,4873,6,12,5,7504.51
14591,4873,2,10,0,355.3
14592,4874,6,8,0,5266.32
14593,4874,16,7,0,1395.38
14594,4874,21,9,5,6916.69
14595,4874,24,1,15,682.48
14596,4874,4,6,10,1540.13
14597,4875,4,3,10,770.07
14598,4876,25,8,0,2923.76
14599,4876,19,12,5,6401.33
14600,4876,20,2,0,486.34
14601,4876,18,9,0,5248.98
14602,4877,20,11,0,2674.87
14603,4878,20,3,0,729.51
14604,4878,6,1,0,658.29
14605,4879,18,8,0,4665.76
14606,4879,17,4,10,301.64
14607,4879,4,4,0,1140.84
14608,4879,8,4,15,1316.92
14609,4880,22,12,0,1693.56
14610,4880,27,8,0,2775.92
14611,4880,26,4,0,2192.68
14612,4880,3,11,0,368.17
14613,4880,24,3,5,2288.32
14614,4881,4,5,10,1283.44
14615,4881,23,5,0,1880.0
14616,4881,28,1,5,231.77
14617,4881,6,3,5,1876.13
14618,4882,7,3,0,1756.65
14619,4882,2,7,0,248.71
14620,4883,3,10,0,334.7
14621,4883,24,10,10,7226.28
14622,4883,22,11,0,1552.43
14623,4883,20,3,0,729.51
14624,4884,9,8,0,1947.84
14625,4884,13,4,0,606.52
14626,4884,25,10,5,3471.96
14627,4884,3,12,0,401.64
14628,4885,14,6,0,4072.02
14629,4885,11,11,0,4079.46
14630,4885,20,3,5,693.03
14631,4885,29,1,15,711.13
14632,4885,10,3,10,2288.52
14633,4886,3,1,0,33.47
14634,4886,9,10,0,2434.8
14635,4887,16,2,0,398.68
14636,4888,12,4,0,1567.64
14637,4888,21,3,0,2426.91
14638,4889,12,3,0,1175.73
14639,4889,24,4,0,3211.68
14640,4889,17,5,0,418.95
14641,4890,19,10,0,5615.2
14642,4891,28,10,5,2317.71
14643,4891,1,1,0,648.15
14644,4892,25,6,0,2192.82
14645,4893,18,3,0,1749.66
14646,4893,5,7,5,2813.08
14647,4893,21,1,0,808.97
14648,4894,11,10,5,3523.17
14649,4894,10,12,10,9154.08
14650,4894,8,10,0,3873.3
14651,4894,12,10,5,3723.14
14652,4895,5,4,10,1522.87
14653,4895,10,2,0,1695.2
14654,4895,15,1,0,594.22
14655,4895,1,1,0,648.15
14656,4895,25,12,0,4385.64
14657,4896,23,4,15,1278.4
14658,4896,18,4,0,2332.88
14659,4896,29,11,0,9202.82
14660,4897,14,11,0,7465.37
14661,4897,10,12,0,10171.2
14662,4897,25,3,0,1096.41
14663,4897,8,3,0,1161.99
14664,4898,27,8,0,2775.92
14665,4898,19,4,0,2246.08
14666,4898,29,4,0,3346.48
14667,4898,16,2,5,378.75
14668,4899,21,12,0,9707.64
14669,4899,19,1,0,561.52
14670,4899,14,7,15,4038.09
14671,4899,13,7,0,1061.41
14672,4899,27,5,5,1648.2
14673,4900,28,8,15,1659.0
14674,4901,7,6,5,3337.64
14675,4901,21,1,0,808.97
14676,4901,14,4,10,2443.21
14677,4901,13,7,0,1061.41
14678,4901,11,1,0,370.86
14679,4902,6,10,0,6582.9
14680,4902,24,9,0,7226.28
14681,4903,1,11,0,7129.65
14682,4903,29,5,5,3973.94
14683,4904,12,11,0,4311.01
14684,4905,23,12,0,4512.0
14685,4905,10,1,0,847.6
14686,4905,1,3,0,1944.45
14687,4906,9,11,0,2678.28
14688,4907,17,6,10,452.47
14689,4907,1,9,0,5833.35
14690,4907,8,3,0,1161.99
14691,4907,5,7,0,2961.14
14692,4908,19,6,0,3369.12
14693,4908,14,10,5,6447.36
14694,4909,21,1,0,808.97
14695,4909,11,1,0,370.86
14696,4910,12,4,10,1410.88
14697,4910,29,9,0,7529.58
14698,4910,16,11,0,2192.74
14699,4910,22,6,5,804.44
14700,4911,24,7,0,5620.44
14701,4911,26,12,0,6578.04
14702,4911,6,2,0,1316.58
14703,4912,17,5,5,398.0
14704,4912,1,6,0,3888.9
14705,4912,26,10,5,5207.62
14706,4912,7,8,0,4684.4
14707,4913,9,2,0,486.96
14708,4913,5,9,10,3426.46
14709,4914,14,11,10,6718.83
14710,4914,22,8,15,959.68
14711,4914,11,12,0,4450.32
14712,4914,19,10,0,5615.2
14713,4914,23,9,0,3384.0
14714,4915,25,2,0,730.94
14715,4915,4,5,0,1426.05
14716,4915,6,10,0,6582.9
14717,4915,3,12,0,401.64
14718,4915,22,9,0,1270.17
14719,4916,9,12,0,2921.76
14720,4916,23,10,0,3760.0
14721,4916,28,6,0,1463.82
14722,4916,17,6,0,502.74
14723,4916,16,1,0,199.34
14724,4917,27,12,0,4163.88
14725,4917,6,11,0,7241.19
14726,4917,11,4,0,1483.44
14727,4917,8,3,0,1161.99
14728,4917,1,7,0,4537.05
14729,4918,17,4,0,335.16
14730,4918,10,3,0,2542.8
14731,4918,20,3,0,729.51
14732,4919,2,5,0,177.65
14733,4919,3,7,5,222.58
14734,4919,29,2,0,1673.24
14735,4919,9,3,5,693.92
14736,4919,17,2,0,167.58
14737,4920,27,10,0,3469.9
14738,4920,26,12,0,6578.04
14739,4920,16,9,15,1524.95
14740,4920,17,11,5,875.61
14741,4920,23,2,5,714.4
14742,4921,17,9,0,754.11
14743,4921,20,6,0,1459.02
14744,4921,10,4,0,3390.4
14745,4922,26,12,10,5920.24
14746,4923,15,7,0,4159.54
14747,4923,5,12,15,4314.8
14748,4923,19,12,5,6401.33
14749,4923,20,3,15,620.08
14750,4924,22,9,15,1079.64
14751,4924,15,12,0,7130.64
14752,4924,28,5,0,1219.85
14753,4924,9,8,0,1947.84
14754,4924,5,5,0,2115.1
14755,4925,17,6,0,502.74
14756,4925,26,7,0,3837.19
14757,4926,13,12,0,1819.56
14758,4926,21,8,10,5824.58
14759,4926,11,2,0,741.72
14760,4926,17,9,10,678.7
14761,4926,5,9,0,3807.18
14762,4927,13,4,0,606.52
14763,4927,25,8,0,2923.76
14764,4928,18,11,10,5773.88
14765,4928,27,8,10,2498.33
14766,4928,6,1,10,592.46
14767,4928,7,6,5,3337.64
14768,4928,5,11,0,4653.22
14769,4929,24,7,0,5620.44
14770,4930,21,12,0,9707.64
14771,4930,27,2,5,659.28
14772,4930,16,12,0,2392.08
14773,4930,20,4,5,924.05
14774,4931,15,10,0,5942.2
14775,4931,11,11,15,3467.54
14776,4931,22,6,0,846.78
14777,4932,25,12,5,4166.36
14778,4932,14,10,5,6447.36
14779,4932,20,10,0,2431.7
14780,4932,11,9,0,3337.74
14781,4933,24,1,0,802.92
14782,4933,20,11,0,2674.87
14783,4933,16,6,5,1136.24
14784,4933,3,9,0,301.23
14785,4934,5,10,0,4230.2
14786,4934,16,5,0,996.7
14787,4934,2,10,0,355.3
14788,4934,29,7,0,5856.34
14789,4935,5,4,5,1607.48
14790,4935,6,1,0,658.29
14791,4935,14,10,0,6786.7
14792,4935,22,8,0,1129.04
14793,4935,23,3,0,1128.0
14794,4936,15,1,0,594.22
14795,4937,23,10,0,3760.0
14796,4938,27,7,0,2428.93
14797,4939,3,2,0,66.94
14798,4940,14,6,0,4072.02
14799,4940,26,12,5,6249.14
14800,4940,28,8,0,1951.76
14801,4941,23,5,0,1880.0
14802,4941,25,6,0,2192.82
14803,4941,24,8,0,6423.36
14804,4941,26,11,0,6029.87
14805,4942,6,6,0,3949.74
14806,4942,24,6,0,4817.52
14807,4942,5,8,0,3384.16
14808,4943,14,5,5,3223.68
14809,4943,3,8,0,267.76
14810,4944,11,1,0,370.86
14811,4945,12,8,15,2664.99
14812,4945,4,6,0,1711.26
14813,4945,25,9,0,3289.23
14814,4945,29,7,0,5856.34
14815,4945,9,9,0,2191.32
14816,4946,25,11,0,4020.17
14817,4946,26,1,10,493.35
14818,4946,10,6,0,5085.6
14819,4947,23,6,0,2256.0
14820,4947,11,5,0,1854.3
14821,4947,9,6,0,1460.88
14822,4947,12,2,0,783.82
14823,4948,26,5,5,2603.81
14824,4948,24,5,0,4014.6
14825,4948,27,2,0,693.98
14826,4949,22,10,0,1411.3
14827,4949,29,8,5,6358.31
14828,4949,17,5,5,398.0
14829,4949,21,1,0,808.97
14830,4949,8,3,10,1045.79
14831,4950,28,9,5,2085.94
14832,4950,2,7,0,248.71
14833,4951,19,9,0,5053.68
14834,4952,14,8,10,4886.42
14835,4952,2,1,10,31.98
14836,4952,3,12,0,401.64
14837,4953,19,7,10,3537.58
14838,4953,15,4,0,2376.88
14839,4954,16,5,0,996.7
14840,4954,10,3,0,2542.8
14841,4954,18,4,0,2332.88
14842,4955,21,1,0,808.97
14843,4955,5,3,0,1269.06
14844,4955,10,1,0,847.6
14845,4955,23,12,0,4512.0
14846,4956,12,9,10,3174.47
14847,4957,26,4,10,1973.41
14848,4957,16,1,0,199.34
14849,4957,18,10,0,5832.2
14850,4957,24,5,10,3613.14
14851,4957,6,12,5,7504.51
14852,4958,12,11,0,4311.01
14853,4958,10,10,5,8052.2
14854,4958,6,1,0,658.29
14855,4959,6,10,0,6582.9
14856,4960,22,10,0,1411.3
14857,4960,12,8,5,2978.52
14858,4960,23,3,0,1128.0
14859,4960,18,5,0,2916.1
14860,4961,28,5,0,1219.85
14861,4961,22,2,0,282.26
14862,4961,21,4,0,3235.88
14863,4961,10,6,0,5085.6
14864,4961,4,7,0,1996.47
14865,4962,19,1,0,561.52
14866,4962,4,5,0,1426.05
14867,4962,5,6,0,2538.12
14868,4962,14,1,0,678.67
14869,4962,2,8,0,284.24
14870,4963,8,12,0,4647.96
14871,4963,11,8,0,2966.88
14872,4963,28,5,0,1219.85
14873,4963,13,9,0,1364.67
14874,4964,9,8,0,1947.84
14875,4964,8,11,5,4047.6
14876,4964,22,11,5,1474.81
14877,4965,26,11,15,5125.39
14878,4965,21,1,0,808.97
14879,4965,4,6,0,1711.26
14880,4966,27,1,0,346.99
14881,4966,13,3,0,454.89
14882,4966,2,11,0,390.83
14883,4966,4,7,0,1996.47
14884,4966,29,1,0,836.62
14885,4967,22,5,0,705.65
14886,4967,20,5,0,1215.85
14887,4967,15,3,5,1693.53
14888,4967,9,11,0,2678.28
14889,4967,24,1,0,802.92
14890,4968,19,6,0,3369.12
14891,4969,6,6,15,3357.28
14892,4969,28,9,0,2195.73
14893,4970,19,8,15,3818.34
14894,4971,23,1,5,357.2
14895,4971,19,4,10,2021.47
14896,4972,28,11,0,2683.67
14897,4972,4,8,0,2281.68
14898,4972,19,8,0,4492.16
14899,4972,26,5,5,2603.81
14900,4973,21,6,0,4853.82
14901,4973,16,10,0,1993.4
14902,4973,3,6,0,200.82
14903,4973,22,2,0,282.26
14904,4974,12,9,10,3174.47
14905,4975,4,11,5,2980.44
14906,4975,22,9,5,1206.66
14907,4975,14,12,10,7329.64
14908,4976,15,9,0,5347.98
14909,4977,22,10,10,1270.17
14910,4977,15,6,0,3565.32
14911,4978,2,7,0,248.71
14912,4978,22,12,0,1693.56
14913,4978,19,9,0,5053.68
14914,4978,15,5,0,2971.1
14915,4978,21,2,0,1617.94
14916,4979,12,4,0,1567.64
14917,4979,29,11,0,9202.82
14918,4980,24,7,0,5620.44
14919,4980,6,1,0,658.29
14920,4981,23,12,0,4512.0
14921,4981,20,9,0,2188.53
14922,4981,21,7,0,5662.79
14923,4982,18,3,0,1749.66
14924,4982,15,8,0,4753.76
14925,4982,11,7,0,2596.02
14926,4983,29,9,0,7529.58
14927,4983,2,4,0,142.12
14928,4983,9,2,10,438.26
14929,4984,26,12,0,6578.04
14930,4984,4,1,0,285.21
14931,4985,15,10,0,5942.2
14932,4985,26,4,0,2192.68
14933,4986,6,6,10,3554.77
14934,4987,26,8,0,4385.36
14935,4988,10,5,15,3602.3
14936,4988,28,3,0,731.91
14937,4989,7,10,0,5855.5
14938,4989,15,5,0,2971.1
14939,4989,8,7,10,2440.18
14940,4990,3,1,5,31.8
14941,4990,7,7,5,3893.91
14942,4990,1,3,0,1944.45
14943,4990,26,4,0,2192.68
14944,4990,24,3,0,2408.76
14945,4991,29,4,10,3011.83
14946,4991,28,11,0,2683.67
14947,4992,17,10,0,837.9
14948,4992,3,9,0,301.23
14949,4992,29,10,0,8366.2
14950,4992,8,1,0,387.33
14951,4993,21,8,0,6471.76
14952,4993,2,11,0,390.83
14953,4994,18,1,0,583.22
14954,4995,17,5,0,418.95
14955,4995,28,12,0,2927.64
14956,4995,23,9,0,3384.0
14957,4996,22,1,0,141.13
14958,4996,13,11,0,1667.93
14959,4996,12,9,0,3527.19
14960,4996,17,5,0,418.95
14961,4997,25,10,0,3654.7
14962,4997,12,6,0,2351.46
14963,4997,28,12,0,2927.64
14964,4997,29,5,0,4183.1
14965,4998,5,7,0,2961.14
14966,4998,8,8,0,3098.64
14967,4998,17,6,0,502.74
14968,4998,9,6,0,1460.88
14969,4999,1,2,0,1296.3
14970,4999,21,9,0,7280.73
14971,4999,3,9,0,301.23
14972,4999,2,10,0,355.3
14973,4999,12,11,0,4311.01
14974,5000,16,8,0,1594.72
14975,5000,8,9,0,3485.97
14976,5001,26,2,0,1096.34
14977,5001,19,6,5,3200.66
14978,5001,18,8,0,4665.76
14979,5001,12,10,0,3919.1
14980,5001,1,1,0,648.15
14981,5002,20,6,0,1459.02
14982,5002,16,9,0,1794.06
14983,5002,26,10,0,5481.7
14984,5003,29,3,0,2509.86
14985,5003,22,7,0,987.91
14986,5003,18,9,0,5248.98
14987,5003,12,4,0,1567.64
14988,5004,20,9,0,2188.53
14989,5004,27,8,10,2498.33
14990,5004,1,7,0,4537.05
14991,5004,15,4,0,2376.88
14992,5004,23,9,0,3384.0
14993,5005,18,11,0,6415.42
14994,5006,10,3,15,2161.38
14995,5007,15,11,0,6536.42
14996,5007,11,2,10,667.55
14997,5007,29,3,0,2509.86
14998,5007,1,2,0,1296.3
14999,5008,10,1,10,762.84
15000,5008,27,11,0,3816.89
15001,5008,15,6,15,3030.52
15002,5008,18,12,5,6648.71
15003,5008,5,2,5,803.74
15004,5009,2,3,10,95.93
15005,5010,17,9,10,678.7
15006,5010,23,11,0,4136.0
15007,5010,16,7,10,1255.84
15008,5010,7,11,0,6441.05
15009,5010,10,2,0,1695.2
15010,5011,7,11,10,5796.94
15011,5012,29,7,0,5856.34
15012,5013,19,1,0,561.52
15013,5013,8,2,0,774.66
15014,5013,27,1,0,346.99
15015,5013,13,8,0,1213.04
15016,5013,1,10,0,6481.5
15017,5014,23,3,0,1128.0
15018,5014,5,10,0,4230.2
15019,5014,21,9,0,7280.73
15020,5014,28,3,0,731.91
15021,5015,11,4,0,1483.44
15022,5015,10,4,0,3390.4
15023,5015,8,5,0,1936.65
15024,5015,2,12,15,362.41
15025,5015,21,9,0,7280.73
15026,5016,6,10,0,6582.9
15027,5016,9,8,0,1947.84
15028,5016,15,1,0,594.22
15029,5017,16,1,15,169.44
15030,5017,8,7,0,2711.31
15031,5017,21,8,0,6471.76
15032,5018,25,10,0,3654.7
15033,5018,19,7,0,3930.64
15034,5018,17,9,5,716.4
15035,5018,16,12,0,2392.08
15036,5018,12,4,0,1567.64
15037,5019,29,12,0,10039.44
15038,5019,26,8,10,3946.82
15039,5019,19,1,0,561.52
15040,5020,7,4,0,2342.2
15041,5020,27,12,0,4163.88
15042,5020,9,2,0,486.96
15043,5020,14,3,0,2036.01
15044,5021,3,2,0,66.94
15045,5021,11,6,0,2225.16
15046,5022,10,11,0,9323.6
15047,5023,29,11,10,8282.54
15048,5023,10,1,0,847.6
15049,5023,9,6,0,1460.88
15050,5023,14,3,0,2036.01
15051,5024,6,8,5,5003.0
15052,5024,18,10,0,5832.2
15053,5024,1,10,10,5833.35
15054,5024,27,11,0,3816.89
15055,5024,4,12,5,3251.39
15056,5025,22,12,0,1693.56
15057,5025,6,5,0,3291.45
15058,5025,18,5,0,2916.1
15059,5026,6,9,0,5924.61
15060,5026,13,9,0,1364.67
15061,5026,11,4,0,1483.44
15062,5027,21,2,0,1617.94
15063,5027,12,5,15,1665.62
15064,5027,14,8,0,5429.36
15065,5028,24,3,0,2408.76
15066,5029,19,1,0,561.52
15067,5029,24,4,10,2890.51
15068,5029,7,7,0,4098.85
15069,5030,2,6,5,202.52
15070,5031,5,10,0,4230.2
15071,5031,26,2,5,1041.52
15072,5031,7,12,0,7026.6
15073,5031,3,1,0,33.47
15074,5031,17,10,5,796.0
15075,5032,13,10,0,1516.3
15076,5032,23,8,0,3008.0
15077,5032,25,9,0,3289.23
15078,5032,17,1,15,71.22
15079,5033,14,11,0,7465.37
15080,5033,1,5,5,3078.71
15081,5034,18,6,0,3499.32
15082,5034,9,7,0,1704.36
15083,5034,15,9,0,5347.98
15084,5035,20,8,0,1945.36
15085,5035,9,10,0,2434.8
15086,5035,27,5,5,1648.2
15087,5035,25,1,0,365.47
15088,5036,16,12,0,2392.08
15089,5036,26,7,0,3837.19
15090,5036,7,5,0,2927.75
15091,5036,8,1,5,367.96
15092,5037,7,3,5,1668.82
15093,5037,28,10,0,2439.7
15094,5038,5,8,0,3384.16
15095,5038,6,9,5,5628.38
15096,5039,9,10,0,2434.8
15097,5039,10,8,10,6102.72
15098,5039,3,6,0,200.82
15099,5040,3,10,0,334.7
15100,5040,4,12,0,3422.52
15101,5041,6,4,0,2633.16
15102,5041,11,2,0,741.72
15103,5041,21,9,0,7280.73
15104,5041,20,7,0,1702.19
15105,5042,9,12,0,2921.76
15106,5042,12,1,10,352.72
15107,5043,6,6,0,3949.74
15108,5044,18,11,0,6415.42
15109,5044,5,3,0,1269.06
15110,5044,1,4,10,2333.34
15111,5045,22,2,5,268.15
15112,5045,20,7,0,1702.19
15113,5045,9,12,0,2921.76
15114,5046,2,6,0,213.18
15115,5046,23,11,0,4136.0
15116,5046,26,12,0,6578.04
15117,5046,4,5,15,1212.14
15118,5046,14,9,0,6108.03
15119,5047,24,7,0,5620.44
15120,5047,19,1,0,561.52
15121,5047,23,8,0,3008.0
15122,5047,26,4,0,2192.68
15123,5048,23,8,10,2707.2
15124,5048,26,12,0,6578.04
15125,5048,28,5,10,1097.86
15126,5048,27,7,0,2428.93
15127,5049,3,6,15,170.7
15128,5050,14,6,0,4072.02
15129,5050,25,9,0,3289.23
15130,5050,22,5,0,705.65
15131,5050,21,11,0,8898.67
15132,5050,5,2,0,846.04
15133,5051,11,12,0,4450.32
15134,5051,24,10,0,8029.2
15135,5051,16,2,0,398.68
15136,5052,7,1,0,585.55
15137,5052,19,6,0,3369.12
15138,5052,15,1,0,594.22
15139,5052,28,3,0,731.91
15140,5053,24,11,0,8832.12
15141,5053,9,2,0,486.96
15142,5053,22,7,0,987.91
15143,5053,4,10,0,2852.1
15144,5053,18,9,0,5248.98
15145,5054,8,2,0,774.66
15146,5054,19,4,5,2133.78
15147,5054,9,5,0,1217.4
15148,5055,23,7,0,2632.0
15149,5055,5,12,0,5076.24
15150,5055,13,1,0,151.63
15151,5055,1,12,0,7777.8
15152,5056,22,4,0,564.52
15153,5056,18,12,10,6298.78
15154,5056,15,8,0,4753.76
15155,5056,24,8,15,5459.86
15156,5056,11,5,0,1854.3
15157,5057,27,10,0,3469.9
15158,5057,20,12,15,2480.33
15159,5058,15,7,0,4159.54
15160,5058,19,5,0,2807.6
15161,5058,3,11,0,368.17
15162,5058,17,11,0,921.69
15163,5058,22,4,0,564.52
15164,5059,15,7,0,4159.54
15165,5059,11,11,5,3875.49
15166,5060,9,10,0,2434.8
15167,5061,11,7,5,2466.22
15168,5061,6,12,15,6714.56
15169,5061,5,3,10,1142.15
15170,5061,27,2,0,693.98
15171,5061,25,9,0,3289.23
15172,5062,12,8,0,3135.28
15173,5062,2,8,0,284.24
15174,5062,4,2,0,570.42
15175,5062,27,10,0,3469.9
15176,5063,13,7,10,955.27
15177,5063,25,7,5,2430.38
15178,5063,23,2,15,639.2
15179,5063,14,1,0,678.67
15180,5064,9,4,0,973.92
15181,5064,2,5,10,159.89
15182,5064,3,3,0,100.41
15183,5064,20,1,0,243.17
15184,5065,10,11,0,9323.6
15185,5065,29,12,0,10039.44
15186,5066,14,10,0,6786.7
15187,5066,19,9,0,5053.68
15188,5066,18,1,0,583.22
15189,5066,4,2,0,570.42
15190,5066,8,4,0,1549.32
15191,5067,28,4,0,975.88
15192,5067,15,7,10,3743.59
15193,5067,12,8,0,3135.28
15194,5067,20,6,0,1459.02
15195,5067,4,10,0,2852.1
15196,5068,5,8,0,3384.16
15197,5069,5,2,0,846.04
15198,5069,23,6,15,1917.6
15199,5069,6,3,0,1974.87
15200,5069,26,11,0,6029.87
15201,5069,11,5,0,1854.3
15202,5070,5,5,0,2115.1
15203,5071,16,3,5,568.12
15204,5071,13,4,0,606.52
15205,5071,3,4,0,133.88
15206,5071,11,6,0,2225.16
15207,5071,9,2,0,486.96
15208,5072,28,6,0,1463.82
15209,5072,26,7,0,3837.19
15210,5072,29,5,15,3555.64
15211,5072,7,3,0,1756.65
15212,5073,20,2,5,462.02
15213,5074,6,8,0,5266.32
15214,5074,26,3,0,1644.51
15215,5075,7,10,0,5855.5
15216,5076,29,10,15,7111.27
15217,5076,8,11,0,4260.63
15218,5076,7,6,5,3337.64
15219,5076,15,6,0,3565.32
15220,5077,19,8,10,4042.94
15221,5077,25,11,0,4020.17
15222,5078,18,2,15,991.47
15223,5078,20,5,10,1094.26
15224,5078,29,10,10,7529.58
15225,5079,23,6,0,2256.0
15226,5079,15,1,0,594.22
15227,5079,17,3,10,226.23
15228,5079,19,12,0,6738.24
15229,5079,1,6,5,3694.45
15230,5080,3,5,0,167.35
15231,5080,16,5,0,996.7
15232,5081,4,7,0,1996.47
15233,5081,10,8,0,6780.8
15234,5081,12,3,5,1116.94
15235,5081,24,3,15,2047.45
15236,5081,20,9,0,2188.53
15237,5082,6,1,0,658.29
15238,5082,27,5,0,1734.95
15239,5082,28,8,0,1951.76
15240,5082,19,4,0,2246.08
15241,5082,20,4,0,972.68
15242,5083,24,5,0,4014.6
15243,5083,22,7,0,987.91
15244,5083,23,12,0,4512.0
15245,5084,2,11,0,390.83
15246,5084,23,8,0,3008.0
15247,5084,3,5,0,167.35
15248,5085,9,6,5,1387.84
15249,5085,21,2,5,1537.04
15250,5086,19,8,5,4267.55
15251,5086,28,9,0,2195.73
15252,5086,16,9,0,1794.06
15253,5086,3,8,0,267.76
15254,5086,8,10,0,3873.3
15255,5087,17,2,0,167.58
15256,5087,11,3,10,1001.32
15257,5088,13,5,5,720.24
15258,5089,23,5,5,1786.0
15259,5089,28,4,0,975.88
15260,5089,7,8,0,4684.4
15261,5090,24,7,0,5620.44
15262,5090,28,2,0,487.94
15263,5090,6,9,0,5924.61
15264,5090,12,4,0,1567.64
15265,5091,29,6,0,5019.72
15266,5091,6,9,0,5924.61
15267,5091,19,1,10,505.37
15268,5091,23,1,0,376.0
15269,5091,5,2,5,803.74
15270,5092,21,8,0,6471.76
15271,5092,17,4,0,335.16
15272,5092,13,2,0,303.26
15273,5092,25,5,0,1827.35
15274,5092,16,4,0,797.36
15275,5093,10,2,0,1695.2
15276,5093,19,2,0,1123.04
15277,5093,18,5,5,2770.3
15278,5094,2,9,0,319.77
15279,5094,8,7,5,2575.74
15280,5094,24,3,0,2408.76
15281,5094,11,11,0,4079.46
15282,5095,2,9,0,319.77
15283,5095,9,2,0,486.96
15284,5095,10,9,0,7628.4
15285,5095,23,8,0,3008.0
15286,5096,15,11,5,6209.6
15287,5096,8,7,0,2711.31
15288,5096,11,11,0,4079.46
15289,5096,4,9,0,2566.89
15290,5096,17,6,5,477.6
15291,5097,8,6,0,2323.98
15292,5097,1,8,0,5185.2
15293,5098,24,11,15,7507.3
15294,5098,28,9,0,2195.73
15295,5098,23,11,0,4136.0
15296,5098,3,1,15,28.45
15297,5099,3,11,15,312.94
15298,5099,27,4,0,1387.96
15299,5099,19,4,5,2133.78
15300,5099,29,12,0,10039.44
15301,5099,1,2,0,1296.3
15302,5100,2,12,5,405.04
15303,5100,4,12,0,3422.52
15304,5101,12,1,0,391.91
15305,5101,28,1,0,243.97
15306,5101,4,3,0,855.63
15307,5101,8,4,0,1549.32
15308,5102,11,7,0,2596.02
15309,5102,2,6,0,213.18
15310,5102,23,11,5,3929.2
15311,5102,27,12,0,4163.88
15312,5102,19,6,0,3369.12
15313,5103,28,3,0,731.91
15314,5103,10,3,0,2542.8
15315,5103,17,5,0,418.95
15316,5104,18,5,5,2770.3
15317,5105,3,7,10,210.86
15318,5106,11,2,0,741.72
15319,5107,19,6,0,3369.12
15320,5107,8,12,0,4647.96
15321,5107,5,10,0,4230.2
15322,5108,3,2,0,66.94
15323,5109,14,4,0,2714.68
15324,5109,2,4,0,142.12
15325,5109,20,12,0,2918.04
15326,5109,17,9,0,754.11
15327,5110,9,3,15,620.87
15328,5110,20,5,0,1215.85
15329,5111,5,4,0,1692.08
15330,5111,29,10,5,7947.89
15331,5111,22,3,0,423.39
15332,5112,3,1,0,33.47
15333,5112,27,6,0,2081.94
15334,5113,2,2,15,60.4
15335,5114,8,1,0,387.33
15336,5114,2,2,0,71.06
15337,5114,23,2,0,752.0
15338,5114,9,4,0,973.92
15339,5114,14,5,0,3393.35
15340,5115,1,4,0,2592.6
15341,5115,6,10,0,6582.9
15342,5116,17,11,0,921.69
15343,5116,25,3,0,1096.41
15344,5117,18,7,0,4082.54
15345,5117,19,2,0,1123.04
15346,5117,25,4,0,1461.88
15347,5117,10,3,0,2542.8
15348,5117,2,4,0,142.12
15349,5118,9,6,0,1460.88
15350,5118,23,7,0,2632.0
15351,5118,8,11,0,4260.63
15352,5119,1,4,0,2592.6
15353,5119,15,5,0,2971.1
15354,5120,25,5,0,1827.35
15355,5120,17,5,0,418.95
15356,5120,27,10,0,3469.9
15357,5120,29,8,0,6692.96
15358,5121,8,5,0,1936.65
15359,5121,11,10,0,3708.6
15360,5122,17,4,0,335.16
15361,5122,1,5,5,3078.71
15362,5122,23,3,0,1128.0
15363,5122,27,12,0,4163.88
15364,5123,19,6,0,3369.12
15365,5123,26,4,5,2083.05
15366,5123,25,7,0,2558.29
15367,5123,12,8,0,3135.28
15368,5123,21,11,0,8898.67
15369,5124,12,5,15,1665.62
15370,5124,5,11,10,4187.9
15371,5125,15,3,0,1782.66
15372,5125,7,10,0,5855.5
15373,5125,8,8,0,3098.64
15374,5126,18,7,0,4082.54
15375,5126,23,2,0,752.0
15376,5126,6,6,0,3949.74
15377,5127,14,7,15,4038.09
15378,5127,2,6,0,213.18
15379,5127,13,6,0,909.78
15380,5127,25,10,0,3654.7
15381,5128,18,8,10,4199.18
15382,5128,17,7,0,586.53
15383,5128,28,3,0,731.91
15384,5129,29,1,15,711.13
15385,5129,6,10,0,6582.9
15386,5129,25,7,0,2558.29
15387,5129,7,7,0,4098.85
15388,5129,23,5,5,1786.0
15389,5130,29,6,0,5019.72
15390,5130,6,4,10,2369.84
15391,5130,25,4,0,1461.88
15392,5130,7,7,0,4098.85
15393,5131,14,3,0,2036.01
15394,5131,3,5,0,167.35
15395,5131,1,8,0,5185.2
15396,5132,9,7,0,1704.36
15397,5132,25,12,0,4385.64
15398,5132,21,6,0,4853.82
15399,5132,11,11,10,3671.51
15400,5133,13,9,0,1364.67
15401,5133,3,10,0,334.7
15402,5134,27,3,0,1040.97
15403,5134,28,11,0,2683.67
15404,5134,1,10,0,6481.5
15405,5134,14,9,0,6108.03
15406,5135,22,3,0,423.39
15407,5135,19,5,0,2807.6
15408,5136,22,8,15,959.68
15409,5136,29,10,0,8366.2
15410,5136,7,3,5,1668.82
15411,5136,13,5,0,758.15
15412,5137,8,2,0,774.66
15413,5137,27,3,0,1040.97
15414,5137,22,11,10,1397.19
15415,5137,3,8,15,227.6
15416,5138,21,4,0,3235.88
15417,5138,18,12,0,6998.64
15418,5138,6,11,10,6517.07
15419,5138,26,9,0,4933.53
15420,5139,10,4,0,3390.4
15421,5139,17,11,0,921.69
15422,5139,15,5,15,2525.44
15423,5140,17,9,0,754.11
15424,5140,10,12,5,9662.64
15425,5140,19,7,5,3734.11
15426,5141,2,1,5,33.75
15427,5141,14,7,0,4750.69
15428,5141,6,2,0,1316.58
15429,5141,7,7,0,4098.85
15430,5141,22,12,0,1693.56
15431,5142,23,10,5,3572.0
15432,5142,19,8,0,4492.16
15433,5142,22,10,0,1411.3
15434,5143,12,10,0,3919.1
15435,5143,20,9,0,2188.53
15436,5143,7,11,0,6441.05
15437,5143,2,2,0,71.06
15438,5143,27,7,0,2428.93
15439,5144,2,11,0,390.83
15440,5144,4,9,0,2566.89
15441,5145,8,9,10,3137.37
15442,5145,15,11,0,6536.42
15443,5145,24,4,0,3211.68
15444,5145,18,12,0,6998.64
15445,5146,17,4,0,335.16
15446,5147,18,8,0,4665.76
15447,5147,22,3,0,423.39
15448,5148,12,12,0,4702.92
15449,5148,6,3,10,1777.38
15450,5148,26,1,0,548.17
15451,5148,1,2,0,1296.3
15452,5149,26,8,0,4385.36
15453,5149,27,9,0,3122.91
15454,5149,6,12,0,7899.48
15455,5149,19,1,0,561.52
15456,5150,13,12,0,1819.56
15457,5150,23,5,5,1786.0
15458,5150,15,10,0,5942.2
15459,5150,28,4,0,975.88
15460,5151,14,5,0,3393.35
15461,5152,21,5,0,4044.85
15462,5152,26,8,0,4385.36
15463,5152,17,7,0,586.53
15464,5152,11,3,0,1112.58
15465,5152,1,6,0,3888.9
15466,5153,23,12,0,4512.0
15467,5153,24,10,0,8029.2
15468,5154,27,7,0,2428.93
15469,5154,13,12,0,1819.56
15470,5155,14,4,0,2714.68
15471,5155,26,4,0,2192.68
15472,5155,19,10,0,5615.2
15473,5155,16,2,0,398.68
15474,5156,25,10,0,3654.7
15475,5156,22,11,0,1552.43
15476,5156,3,5,0,167.35
15477,5156,11,1,5,352.32
15478,5156,12,4,0,1567.64
15479,5157,21,9,0,7280.73
15480,5157,28,11,0,2683.67
15481,5157,10,2,0,1695.2
15482,5158,28,11,0,2683.67
15483,5158,29,7,5,5563.52
15484,5159,27,10,5,3296.4
15485,5159,18,8,0,4665.76
15486,5159,7,2,5,1112.54
15487,5160,8,11,0,4260.63
15488,5160,20,1,10,218.85
15489,5160,11,7,0,2596.02
15490,5160,13,11,0,1667.93
15491,5161,9,6,0,1460.88
15492,5161,28,4,0,975.88
15493,5162,24,2,0,1605.84
15494,5163,21,6,10,4368.44
15495,5163,22,10,0,1411.3
15496,5164,28,12,10,2634.88
15497,5164,24,4,5,3051.1
15498,5164,5,10,0,4230.2
15499,5164,9,10,0,2434.8
15500,5165,28,1,0,243.97
15501,5165,15,2,5,1129.02
15502,5165,22,4,0,564.52
15503,5165,23,4,0,1504.0
15504,5165,8,4,0,1549.32
15505,5166,29,8,0,6692.96
15506,5166,15,11,0,6536.42
15507,5167,16,11,0,2192.74
15508,5167,25,5,0,1827.35
15509,5168,14,1,0,678.67
15510,5168,11,10,0,3708.6
15511,5168,4,9,0,2566.89
15512,5169,20,2,0,486.34
15513,5169,2,12,0,426.36
15514,5169,18,1,5,554.06
15515,5170,25,10,0,3654.7
15516,5170,14,4,0,2714.68
15517,5170,20,1,0,243.17
15518,5170,22,2,0,282.26
15519,5171,15,2,0,1188.44
15520,5172,8,10,0,3873.3
15521,5172,14,11,0,7465.37
15522,5172,4,12,0,3422.52
15523,5173,18,1,5,554.06
15524,5174,28,1,0,243.97
15525,5174,8,3,0,1161.99
15526,5175,22,7,0,987.91
15527,5175,26,2,0,1096.34
15528,5175,7,7,0,4098.85
15529,5175,11,9,10,3003.97
15530,5176,4,10,0,2852.1
15531,5177,25,5,0,1827.35
15532,5177,3,3,0,100.41
15533,5178,21,9,10,6552.66
15534,5178,22,12,10,1524.2
15535,5178,17,6,0,502.74
15536,5179,15,3,0,1782.66
15537,5179,9,1,15,206.96
15538,5179,16,4,0,797.36
15539,5180,2,7,0,248.71
15540,5181,3,10,0,334.7
15541,5181,20,11,0,2674.87
15542,5181,10,2,0,1695.2
15543,5181,11,8,10,2670.19
15544,5182,28,4,15,829.5
15545,5183,5,2,5,803.74
15546,5184,15,12,0,7130.64
15547,5185,29,4,0,3346.48
15548,5186,8,10,0,3873.3
15549,5187,27,3,0,1040.97
15550,5188,29,3,0,2509.86
15551,5189,3,5,0,167.35
15552,5190,22,9,0,1270.17
15553,5190,29,8,0,6692.96
15554,5191,10,6,0,5085.6
15555,5191,22,3,0,423.39
15556,5191,9,8,0,1947.84
15557,5192,20,4,0,972.68
15558,5192,13,7,5,1008.34
15559,5192,8,8,0,3098.64
15560,5192,21,9,0,7280.73
15561,5192,25,6,0,2192.82
15562,5193,27,7,5,2307.48
15563,5193,29,4,0,3346.48
15564,5193,4,10,0,2852.1
15565,5194,20,1,0,243.17
15566,5195,9,2,10,438.26
15567,5195,15,11,0,6536.42
15568,5195,12,7,10,2469.03
15569,5195,1,2,0,1296.3
15570,5195,14,10,0,6786.7
15571,5196,17,11,0,921.69
15572,5196,4,3,0,855.63
15573,5197,26,1,0,548.17
15574,5197,5,2,15,719.13
15575,5197,9,12,0,2921.76
15576,5198,22,4,0,564.52
15577,5198,17,6,0,502.74
15578,5198,27,1,0,346.99
15579,5199,22,11,0,1552.43
15580,5199,24,3,0,2408.76
15581,5199,7,7,0,4098.85
15582,5199,12,2,0,783.82
15583,5200,12,6,10,2116.31
15584,5200,1,6,0,3888.9
15585,5200,15,3,0,1782.66
15586,5201,16,12,0,2392.08
15587,5201,12,5,0,1959.55
15588,5201,24,2,0,1605.84
15589,5201,2,1,0,35.53
15590,5202,13,5,0,758.15
15591,5202,6,8,0,5266.32
15592,5202,19,12,0,6738.24
15593,5203,19,10,0,5615.2
15594,5203,14,9,5,5802.63
15595,5203,29,10,0,8366.2
15596,5203,11,12,10,4005.29
15597,5204,4,9,0,2566.89
15598,5204,10,6,0,5085.6
15599,5204,9,7,10,1533.92
15600,5204,21,7,0,5662.79
15601,5204,28,10,0,2439.7
15602,5205,27,10,0,3469.9
15603,5205,26,4,0,2192.68
15604,5205,7,1,0,585.55
15605,5205,17,1,0,83.79
15606,5205,15,6,0,3565.32
15607,5206,17,7,0,586.53
15608,5206,6,8,0,5266.32
15609,5206,26,6,0,3289.02
15610,5207,2,6,0,213.18
15611,5207,18,6,0,3499.32
15612,5208,24,3,0,2408.76
15613,5208,15,3,0,1782.66
15614,5208,28,8,0,1951.76
15615,5209,18,8,0,4665.76
15616,5210,10,3,5,2415.66
15617,5210,6,11,0,7241.19
15618,5210,21,6,0,4853.82
15619,5210,24,7,0,5620.44
15620,5211,17,7,0,586.53
15621,5211,21,1,0,808.97
15622,5211,20,8,0,1945.36
15623,5212,8,2,0,774.66
15624,5213,20,2,0,486.34
15625,5213,14,4,10,2443.21
15626,5213,18,1,0,583.22
15627,5214,13,11,5,1584.53
15628,5214,18,7,0,4082.54
15629,5214,6,3,0,1974.87
15630,5214,16,5,10,897.03
15631,5214,4,1,0,285.21
15632,5215,20,8,0,1945.36
15633,5215,5,2,10,761.44
15634,5215,9,1,5,231.31
15635,5215,23,1,15,319.6
15636,5215,18,11,0,6415.42
15637,5216,5,9,0,3807.18
15638,5216,10,10,0,8476.0
15639,5216,2,1,0,35.53
15640,5216,20,11,0,2674.87
15641,5217,22,3,0,423.39
15642,5217,18,9,0,5248.98
15643,5217,29,3,0,2509.86
15644,5217,7,1,0,585.55
15645,5218,7,4,10,2107.98
15646,5218,6,9,0,5924.61
15647,5219,6,6,0,3949.74
15648,5220,9,3,10,657.4
15649,5220,2,4,0,142.12
15650,5221,20,3,0,729.51
15651,5221,2,3,0,106.59
15652,5222,18,1,0,583.22
15653,5222,21,9,15,6188.62
15654,5222,23,5,0,1880.0
15655,5223,18,9,0,5248.98
15656,5223,26,4,0,2192.68
15657,5224,15,10,0,5942.2
15658,5224,23,5,5,1786.0
15659,5224,13,1,0,151.63
15660,5224,11,1,0,370.86
15661,5224,19,5,0,2807.6
15662,5225,1,5,0,3240.75
15663,5225,15,8,0,4753.76
15664,5225,14,10,0,6786.7
15665,5225,22,2,0,282.26
15666,5225,26,4,10,1973.41
15667,5226,11,4,10,1335.1
15668,5227,1,6,10,3500.01
15669,5228,4,3,0,855.63
15670,5228,25,3,0,1096.41
15671,5228,14,11,0,7465.37
15672,5228,24,9,0,7226.28
15673,5229,10,7,0,5933.2
15674,5230,7,8,0,4684.4
15675,5230,2,9,0,319.77
15676,5230,27,1,15,294.94
15677,5231,11,4,10,1335.1
15678,5231,1,1,0,648.15
15679,5231,18,3,5,1662.18
15680,5231,21,9,5,6916.69
15681,5231,4,1,0,285.21
15682,5232,16,5,0,996.7
15683,5233,2,12,0,426.36
15684,5233,22,6,0,846.78
15685,5233,26,4,0,2192.68
15686,5234,28,6,0,1463.82
15687,5234,7,3,5,1668.82
15688,5234,8,9,0,3485.97
15689,5234,4,2,0,570.42
15690,5234,1,11,0,7129.65
15691,5235,20,7,0,1702.19
15692,5235,22,8,10,1016.14
15693,5235,21,5,0,4044.85
15694,5235,8,12,0,4647.96
15695,5235,17,11,0,921.69
15696,5236,9,3,0,730.44
15697,5237,29,11,0,9202.82
15698,5237,5,9,10,3426.46
15699,5237,2,10,0,355.3
15700,5237,10,4,0,3390.4
15701,5237,28,1,0,243.97
15702,5238,22,8,0,1129.04
15703,5238,15,9,0,5347.98
15704,5238,27,11,0,3816.89
15705,5239,9,8,0,1947.84
15706,5239,21,9,10,6552.66
15707,5240,10,2,0,1695.2
15708,5240,23,4,10,1353.6
15709,5241,3,12,10,361.48
15710,5241,20,12,0,2918.04
15711,5241,6,8,0,5266.32
15712,5241,11,5,0,1854.3
15713,5241,22,4,0,564.52
15714,5242,17,10,0,837.9
15715,5242,24,10,0,8029.2
15716,5242,25,1,0,365.47
15717,5242,11,6,0,2225.16
15718,5243,8,6,0,2323.98
15719,5243,12,6,0,2351.46
15720,5243,1,8,0,5185.2
15721,5243,25,6,10,1973.54
15722,5243,29,10,10,7529.58
15723,5244,7,9,0,5269.95
15724,5245,21,10,0,8089.7
15725,5245,22,12,0,1693.56
15726,5246,23,7,0,2632.0
15727,5246,18,10,0,5832.2
15728,5246,5,11,10,4187.9
15729,5246,19,1,0,561.52
15730,5246,13,12,0,1819.56
15731,5247,24,9,0,7226.28
15732,5247,14,10,15,5768.7
15733,5248,2,1,0,35.53
15734,5248,28,7,0,1707.79
15735,5248,13,2,0,303.26
15736,5248,27,12,0,4163.88
15737,5249,20,7,0,1702.19
15738,5249,27,8,0,2775.92
15739,5249,28,4,0,975.88
15740,5250,22,6,0,846.78
15741,5250,25,8,0,2923.76
15742,5250,8,1,15,329.23
15743,5251,22,3,0,423.39
15744,5251,19,8,5,4267.55
15745,5251,10,7,0,5933.2
15746,5252,25,11,15,3417.14
15747,5252,14,9,0,6108.03
15748,5252,28,2,0,487.94
15749,5252,20,5,0,1215.85
15750,5253,20,3,0,729.51
15751,5254,15,9,0,5347.98
15752,5255,26,12,15,5591.33
15753,5255,6,7,5,4377.63
15754,5255,7,10,0,5855.5
15755,5255,9,10,0,2434.8
15756,5256,3,7,10,210.86
15757,5256,13,5,0,758.15
15758,5256,14,5,0,3393.35
15759,5256,21,5,0,4044.85
15760,5256,10,8,0,6780.8
15761,5257,28,6,0,1463.82
15762,5257,23,1,0,376.0
15763,5258,4,4,0,1140.84
15764,5258,7,12,5,6675.27
15765,5259,14,4,0,2714.68
15766,5259,28,5,0,1219.85
15767,5260,27,5,0,1734.95
15768,5261,21,5,0,4044.85
15769,5261,19,2,15,954.58
15770,5262,10,7,5,5636.54
15771,5262,15,10,5,5645.09
15772,5263,10,6,0,5085.6
15773,5263,16,6,0,1196.04
15774,5263,4,8,0,2281.68
15775,5263,22,5,0,705.65
15776,5263,12,10,15,3331.24
15777,5264,26,8,0,4385.36
15778,5264,19,10,0,5615.2
15779,5265,14,3,0,2036.01
15780,5266,26,8,15,3727.56
15781,5266,28,1,0,243.97
15782,5266,5,4,5,1607.48
15783,5267,20,11,10,2407.38
15784,5267,18,3,0,1749.66
15785,5268,4,5,0,1426.05
15786,5268,10,6,0,5085.6
15787,5268,2,3,0,106.59
15788,5268,14,4,0,2714.68
15789,5268,25,2,0,730.94
15790,5269,18,3,0,1749.66
15791,5269,15,9,15,4545.78
15792,5269,23,7,5,2500.4
15793,5269,21,4,5,3074.09
15794,5269,26,1,0,548.17
15795,5270,24,10,0,8029.2
15796,5270,10,7,0,5933.2
15797,5271,7,10,0,5855.5
15798,5271,29,2,5,1589.58
15799,5271,3,8,0,267.76
15800,5271,27,3,5,988.92
15801,5271,24,2,0,1605.84
15802,5272,6,10,0,6582.9
15803,5272,2,3,10,95.93
15804,5273,13,5,0,758.15
15805,5274,29,9,10,6776.62
15806,5274,3,3,0,100.41
15807,5274,25,2,0,730.94
15808,5274,9,6,15,1241.75
15809,5275,29,3,10,2258.87
15810,5275,10,7,0,5933.2
15811,5275,18,7,0,4082.54
15812,5275,8,10,0,3873.3
15813,5275,23,4,0,1504.0
15814,5276,7,4,0,2342.2
15815,5276,28,3,0,731.91
15816,5276,21,6,0,4853.82
15817,5276,19,1,5,533.44
15818,5277,18,10,0,5832.2
15819,5277,9,3,0,730.44
15820,5278,3,6,0,200.82
15821,5278,14,1,5,644.74
15822,5278,17,3,0,251.37
15823,5278,25,3,5,1041.59
15824,5278,23,1,0,376.0
15825,5279,1,1,10,583.34
15826,5279,23,2,0,752.0
15827,5279,22,10,0,1411.3
15828,5279,15,4,0,2376.88
15829,5279,3,11,0,368.17
15830,5280,4,10,0,2852.1
15831,5280,24,4,0,3211.68
15832,5280,14,8,0,5429.36
15833,5281,1,10,0,6481.5
15834,5282,7,11,10,5796.94
15835,5283,27,11,15,3244.36
15836,5283,7,6,5,3337.64
15837,5283,10,7,0,5933.2
15838,5283,3,2,10,60.25
15839,5283,1,7,0,4537.05
15840,5284,6,7,0,4608.03
15841,5284,10,12,10,9154.08
15842,5284,25,12,0,4385.64
15843,5285,25,9,0,3289.23
15844,5286,29,10,15,7111.27
15845,5286,11,5,0,1854.3
15846,5286,2,1,5,33.75
15847,5287,20,10,0,2431.7
15848,5287,13,3,0,454.89
15849,5287,16,4,0,797.36
15850,5287,28,1,0,243.97
15851,5287,7,5,0,2927.75
15852,5288,10,3,0,2542.8
15853,5288,2,12,10,383.72
15854,5289,4,11,5,2980.44
15855,5289,18,11,0,6415.42
15856,5289,9,8,0,1947.84
15857,5289,24,8,0,6423.36
15858,5290,14,5,5,3223.68
15859,5291,16,8,0,1594.72
15860,5291,5,12,0,5076.24
15861,5291,29,5,5,3973.94
15862,5292,2,1,0,35.53
15863,5292,28,12,0,2927.64
15864,5292,10,2,0,1695.2
15865,5292,26,10,0,5481.7
15866,5293,20,11,0,2674.87
15867,5293,27,10,0,3469.9
15868,5294,23,11,0,4136.0
15869,5295,25,7,5,2430.38
15870,5295,14,12,0,8144.04
15871,5295,15,7,0,4159.54
15872,5295,9,6,0,1460.88
15873,5296,20,11,0,2674.87
15874,5296,19,8,0,4492.16
15875,5297,10,3,0,2542.8
15876,5298,18,9,0,5248.98
15877,5298,5,2,0,846.04
15878,5299,15,8,0,4753.76
15879,5299,9,9,15,1862.62
15880,5299,10,1,0,847.6
15881,5300,27,12,0,4163.88
15882,5301,7,3,0,1756.65
15883,5301,3,4,0,133.88
15884,5302,18,7,0,4082.54
15885,5303,19,11,0,6176.72
15886,5303,7,8,5,4450.18
15887,5303,3,1,0,33.47
15888,5303,9,7,0,1704.36
15889,5303,2,11,0,390.83
15890,5304,2,4,5,135.01
15891,5304,5,6,0,2538.12
15892,5304,11,4,5,1409.27
15893,5304,9,3,0,730.44
15894,5305,15,2,0,1188.44
15895,5305,27,9,0,3122.91
15896,5305,17,6,0,502.74
15897,5305,16,10,0,1993.4
15898,5306,8,7,0,2711.31
15899,5306,21,11,5,8453.74
15900,5307,11,11,5,3875.49
15901,5307,24,9,0,7226.28
15902,5307,10,6,0,5085.6
15903,5308,20,2,0,486.34
15904,5308,29,2,0,1673.24
15905,5308,28,5,5,1158.86
15906,5308,3,3,5,95.39
15907,5309,19,1,0,561.52
15908,5309,20,1,0,243.17
15909,5310,8,8,0,3098.64
15910,5310,7,6,0,3513.3
15911,5311,17,9,5,716.4
15912,5311,15,10,15,5050.87
15913,5311,10,12,5,9662.64
15914,5311,19,3,0,1684.56
15915,5311,2,4,0,142.12
15916,5312,11,4,0,1483.44
15917,5313,21,6,5,4611.13
15918,5313,27,10,0,3469.9
15919,5313,20,11,0,2674.87
15920,5313,2,11,15,332.21
15921,5314,29,10,5,7947.89
15922,5314,2,4,0,142.12
15923,5314,24,3,0,2408.76
15924,5314,18,8,0,4665.76
15925,5315,5,2,0,846.04
15926,5315,16,8,0,1594.72
15927,5315,20,11,15,2273.64
15928,5316,8,7,0,2711.31
15929,5316,4,6,0,1711.26
15930,5316,11,10,10,3337.74
15931,5316,20,2,10,437.71
15932,5317,3,3,0,100.41
15933,5317,26,1,5,520.76
15934,5317,16,2,0,398.68
15935,5317,5,2,5,803.74
15936,5317,23,5,0,1880.0
15937,5318,1,6,0,3888.9
15938,5318,12,3,0,1175.73
15939,5318,20,12,0,2918.04
15940,5318,27,7,0,2428.93
15941,5319,21,7,15,4813.37
15942,5319,22,8,0,1129.04
15943,5320,24,2,0,1605.84
15944,5320,10,3,0,2542.8
15945,5320,6,8,0,5266.32
15946,5321,4,6,0,1711.26
15947,5321,6,4,0,2633.16
15948,5321,20,4,0,972.68
15949,5322,3,6,0,200.82
15950,5322,1,7,0,4537.05
15951,5322,10,10,0,8476.0
15952,5322,13,8,0,1213.04
15953,5323,19,8,0,4492.16
15954,5323,22,9,10,1143.15
15955,5323,27,5,0,1734.95
15956,5323,9,10,10,2191.32
15957,5323,17,7,0,586.53
15958,5324,24,10,0,8029.2
15959,5324,10,5,0,4238.0
15960,5324,29,12,0,10039.44
15961,5325,17,5,0,418.95
15962,5326,24,6,0,4817.52
15963,5326,21,1,0,808.97
15964,5327,12,10,0,3919.1
15965,5327,29,7,10,5270.71
15966,5328,23,6,0,2256.0
15967,5328,27,2,15,589.88
15968,5328,29,3,0,2509.86
15969,5328,4,11,0,3137.31
15970,5328,21,1,0,808.97
15971,5329,18,8,0,4665.76
15972,5329,19,7,10,3537.58
15973,5330,24,10,0,8029.2
15974,5330,5,4,0,1692.08
15975,5331,8,10,0,3873.3
15976,5332,13,5,0,758.15
15977,5332,22,11,0,1552.43
15978,5333,23,3,10,1015.2
15979,5334,13,7,0,1061.41
15980,5334,11,11,0,4079.46
15981,5334,1,6,5,3694.45
15982,5335,10,4,0,3390.4
15983,5335,29,5,0,4183.1
15984,5336,9,12,15,2483.5
15985,5336,10,12,5,9662.64
15986,5336,27,11,0,3816.89
15987,5336,13,12,0,1819.56
15988,5336,28,12,0,2927.64
15989,5337,21,8,0,6471.76
15990,5337,4,12,0,3422.52
15991,5337,3,10,0,334.7
15992,5338,10,2,0,1695.2
15993,5338,9,9,5,2081.75
15994,5338,19,5,0,2807.6
15995,5339,29,8,5,6358.31
15996,5340,22,11,0,1552.43
15997,5340,25,10,0,3654.7
15998,5341,26,5,10,2466.76
15999,5342,3,4,0,133.88
16000,5342,1,4,0,2592.6
16001,5343,2,12,0,426.36
16002,5343,10,1,15,720.46
16003,5344,9,6,0,1460.88
16004,5344,18,2,0,1166.44
16005,5344,17,12,0,1005.48
16006,5345,13,1,0,151.63
16007,5345,23,7,0,2632.0
16008,5345,20,4,5,924.05
16009,5345,3,7,0,234.29
16010,5346,26,9,15,4193.5
16011,5346,2,7,5,236.27
16012,5347,13,2,5,288.1
16013,5348,11,1,0,370.86
16014,5349,5,5,0,2115.1
16015,5349,17,9,0,754.11
16016,5349,3,5,10,150.62
16017,5349,9,3,0,730.44
16018,5349,13,7,0,1061.41
16019,5350,4,4,15,969.71
16020,5350,11,4,0,1483.44
16021,5350,21,4,0,3235.88
16022,5350,3,7,0,234.29
16023,5350,25,8,10,2631.38
16024,5351,27,1,0,346.99
16025,5351,21,9,0,7280.73
16026,5351,24,3,0,2408.76
16027,5351,10,12,0,10171.2
16028,5352,11,8,0,2966.88
16029,5352,25,12,0,4385.64
16030,5352,12,12,0,4702.92
16031,5352,8,11,5,4047.6
16032,5353,29,7,0,5856.34
16033,5353,14,1,0,678.67
16034,5354,15,10,0,5942.2
16035,5354,26,5,10,2466.76
16036,5354,2,7,0,248.71
16037,5355,12,9,0,3527.19
16038,5356,29,10,10,7529.58
16039,5356,18,12,10,6298.78
16040,5356,22,1,0,141.13
16041,5357,23,5,5,1786.0
16042,5357,21,10,5,7685.22
16043,5358,3,4,0,133.88
16044,5358,29,6,0,5019.72
16045,5358,12,1,0,391.91
16046,5358,23,11,0,4136.0
16047,5358,10,1,0,847.6
16048,5359,9,5,0,1217.4
16049,5359,15,7,5,3951.56
16050,5359,29,2,0,1673.24
16051,5360,29,12,5,9537.47
16052,5360,12,12,15,3997.48
16053,5360,15,12,0,7130.64
16054,5360,13,11,0,1667.93
16055,5360,8,1,0,387.33
16056,5361,26,9,0,4933.53
16057,5361,3,12,0,401.64
16058,5362,2,5,0,177.65
16059,5363,28,1,0,243.97
16060,5364,2,4,0,142.12
16061,5364,28,2,0,487.94
16062,5364,25,6,0,2192.82
16063,5365,14,6,0,4072.02
16064,5365,10,2,0,1695.2
16065,5365,22,11,0,1552.43
16066,5365,3,4,10,120.49
16067,5365,20,6,0,1459.02
16068,5366,16,5,0,996.7
16069,5367,12,8,0,3135.28
16070,5367,7,5,5,2781.36
16071,5368,22,9,0,1270.17
16072,5368,18,1,0,583.22
16073,5368,25,4,0,1461.88
16074,5369,29,2,0,1673.24
16075,5370,17,7,0,586.53
16076,5370,6,5,0,3291.45
16077,5370,20,8,0,1945.36
16078,5371,4,9,10,2310.2
16079,5371,19,5,0,2807.6
16080,5371,2,1,0,35.53
16081,5371,23,2,0,752.0
16082,5372,25,8,10,2631.38
16083,5372,19,11,0,6176.72
16084,5373,14,9,0,6108.03
16085,5373,1,12,0,7777.8
16086,5373,10,9,0,7628.4
16087,5373,26,11,0,6029.87
16088,5373,2,12,0,426.36
16089,5374,17,7,0,586.53
16090,5375,14,9,10,5497.23
16091,5375,21,7,0,5662.79
16092,5375,3,7,10,210.86
16093,5376,26,2,10,986.71
16094,5376,5,2,0,846.04
16095,5376,3,10,0,334.7
16096,5376,16,10,0,1993.4
16097,5377,9,6,0,1460.88
16098,5377,18,10,0,5832.2
16099,5377,17,12,0,1005.48
16100,5377,27,12,0,4163.88
16101,5378,8,3,0,1161.99
16102,5378,11,7,0,2596.02
16103,5379,2,12,0,426.36
16104,5380,18,9,10,4724.08
16105,5380,28,4,0,975.88
16106,5380,17,6,0,502.74
16107,5381,15,11,0,6536.42
16108,5381,19,9,5,4801.0
16109,5381,1,2,0,1296.3
16110,5382,16,12,0,2392.08
16111,5382,2,3,5,101.26
16112,5382,3,9,0,301.23
16113,5382,19,6,0,3369.12
16114,5383,9,10,0,2434.8
16115,5383,18,11,0,6415.42
16116,5384,28,5,0,1219.85
16117,5384,1,3,15,1652.78
16118,5385,10,2,5,1610.44
16119,5385,12,8,15,2664.99
16120,5386,6,6,0,3949.74
16121,5386,10,9,15,6484.14
16122,5386,22,1,10,127.02
16123,5386,9,2,0,486.96
16124,5387,2,5,0,177.65
16125,5387,27,7,0,2428.93
16126,5387,16,7,0,1395.38
16127,5387,12,9,0,3527.19
16128,5387,1,8,0,5185.2
16129,5388,5,4,0,1692.08
16130,5389,21,6,5,4611.13
16131,5389,28,4,15,829.5
16132,5389,15,3,0,1782.66
16133,5389,10,8,5,6441.76
16134,5389,29,3,0,2509.86
16135,5390,12,10,5,3723.14
16136,5390,24,9,0,7226.28
16137,5390,20,11,0,2674.87
16138,5390,29,4,0,3346.48
16139,5391,19,11,0,6176.72
16140,5392,11,3,0,1112.58
16141,5393,27,6,0,2081.94
16142,5393,8,5,0,1936.65
16143,5393,21,7,0,5662.79
16144,5393,22,2,0,282.26
16145,5393,19,4,0,2246.08
16146,5394,20,4,0,972.68
16147,5394,23,1,0,376.0
16148,5394,22,9,0,1270.17
16149,5394,12,10,0,3919.1
16150,5395,3,11,15,312.94
16151,5396,8,12,0,4647.96
16152,5396,2,3,0,106.59
16153,5396,28,8,0,1951.76
16154,5396,19,8,5,4267.55
16155,5396,3,8,0,267.76
16156,5397,24,2,0,1605.84
16157,5398,28,3,0,731.91
16158,5398,6,6,15,3357.28
16159,5398,21,3,0,2426.91
16160,5399,24,11,5,8390.51
16161,5399,15,9,0,5347.98
16162,5399,20,7,10,1531.97
16163,5399,8,4,0,1549.32
16164,5400,24,1,0,802.92
16165,5401,9,2,0,486.96
16166,5401,4,1,0,285.21
16167,5402,26,3,0,1644.51
16168,5402,27,4,0,1387.96
16169,5402,14,5,10,3054.02
16170,5403,24,4,0,3211.68
16171,5403,25,11,0,4020.17
16172,5403,17,1,0,83.79
16173,5403,26,6,15,2795.67
16174,5404,8,12,0,4647.96
16175,5404,25,11,0,4020.17
16176,5404,5,8,0,3384.16
16177,5404,4,8,0,2281.68
16178,5405,19,2,5,1066.89
16179,5405,15,11,5,6209.6
16180,5405,28,10,10,2195.73
16181,5405,20,10,0,2431.7
16182,5406,4,7,0,1996.47
16183,5407,24,7,10,5058.4
16184,5407,29,6,0,5019.72
16185,5407,1,7,5,4310.2
16186,5407,25,7,0,2558.29
16187,5407,22,8,10,1016.14
16188,5408,4,10,0,2852.1
16189,5409,19,9,0,5053.68
16190,5409,13,4,0,606.52
16191,5409,18,4,0,2332.88
16192,5409,21,5,0,4044.85
16193,5410,27,10,0,3469.9
16194,5411,16,5,10,897.03
16195,5411,25,3,0,1096.41
16196,5412,13,4,0,606.52
16197,5412,16,8,5,1514.98
16198,5412,18,10,15,4957.37
16199,5413,27,3,5,988.92
16200,5413,6,2,0,1316.58
16201,5414,21,4,0,3235.88
16202,5414,19,10,10,5053.68
16203,5414,27,12,0,4163.88
16204,5415,4,6,0,1711.26
16205,5416,2,11,0,390.83
16206,5416,5,4,0,1692.08
16207,5416,12,7,0,2743.37
16208,5416,26,1,10,493.35
16209,5417,1,8,0,5185.2
16210,5417,10,11,0,9323.6
16211,5417,22,10,0,1411.3
16212,5418,23,1,0,376.0
16213,5418,9,12,0,2921.76
16214,5418,22,12,10,1524.2
16215,5419,27,7,0,2428.93
16216,5420,15,1,0,594.22
16217,5420,4,1,0,285.21
16218,5420,29,9,15,6400.14
16219,5420,28,1,0,243.97
16220,5421,20,9,0,2188.53
16221,5421,13,10,0,1516.3
16222,5421,14,12,0,8144.04
16223,5422,11,8,0,2966.88
16224,5422,23,6,0,2256.0
16225,5422,13,10,0,1516.3
16226,5423,4,4,0,1140.84
16227,5423,25,6,0,2192.82
16228,5424,16,12,0,2392.08
16229,5424,12,4,5,1489.26
16230,5424,5,6,0,2538.12
16231,5424,20,8,0,1945.36
16232,5424,15,2,0,1188.44
16233,5425,8,5,15,1646.15
16234,5426,15,10,0,5942.2
16235,5426,7,2,15,995.44
16236,5426,12,5,0,1959.55
16237,5426,26,7,5,3645.33
16238,5427,15,7,0,4159.54
16239,5427,19,11,0,6176.72
16240,5427,16,7,5,1325.61
16241,5427,6,5,0,3291.45
16242,5427,1,11,0,7129.65
16243,5428,11,1,0,370.86
16244,5428,29,4,0,3346.48
16245,5429,2,11,0,390.83
16246,5429,24,7,0,5620.44
16247,5430,3,9,5,286.17
16248,5430,4,3,0,855.63
16249,5431,28,6,10,1317.44
16250,5431,8,5,0,1936.65
16251,5431,6,10,0,6582.9
16252,5431,27,3,0,1040.97
16253,5431,18,12,0,6998.64
16254,5432,22,5,0,705.65
16255,5432,7,1,0,585.55
16256,5433,16,1,5,189.37
16257,5433,26,9,5,4686.85
16258,5434,13,2,0,303.26
16259,5435,22,1,0,141.13
16260,5435,11,6,5,2113.9
16261,5435,27,2,0,693.98
16262,5435,2,10,0,355.3
16263,5436,17,5,5,398.0
16264,5436,11,4,0,1483.44
16265,5436,19,3,0,1684.56
16266,5437,7,11,0,6441.05
16267,5437,2,4,5,135.01
16268,5437,17,12,0,1005.48
16269,5437,13,1,0,151.63
16270,5438,14,4,0,2714.68
16271,5438,24,6,0,4817.52
16272,5439,7,7,0,4098.85
16273,5439,9,10,5,2313.06
16274,5440,21,2,0,1617.94
16275,5441,12,10,0,3919.1
16276,5442,21,10,15,6876.25
16277,5442,9,4,0,973.92
16278,5442,24,2,0,1605.84
16279,5442,15,9,10,4813.18
16280,5442,10,8,0,6780.8
16281,5443,18,5,0,2916.1
16282,5444,8,3,15,987.69
16283,5445,29,6,10,4517.75
16284,5445,23,12,10,4060.8
16285,5446,17,9,0,754.11
16286,5446,3,10,0,334.7
16287,5446,20,3,15,620.08
16288,5447,22,10,0,1411.3
16289,5448,2,5,0,177.65
16290,5449,14,7,0,4750.69
16291,5449,8,7,0,2711.31
16292,5449,12,2,0,783.82
16293,5449,9,4,5,925.22
16294,5450,17,3,5,238.8
16295,5450,5,9,5,3616.82
16296,5450,8,11,0,4260.63
16297,5450,1,1,0,648.15
16298,5451,20,3,5,693.03
16299,5451,16,11,0,2192.74
16300,5452,29,2,0,1673.24
16301,5452,2,6,5,202.52
16302,5452,7,10,0,5855.5
16303,5452,19,5,15,2386.46
16304,5452,27,8,0,2775.92
16305,5453,27,1,5,329.64
16306,5453,17,6,0,502.74
16307,5453,1,12,0,7777.8
16308,5453,12,4,0,1567.64
16309,5454,25,6,0,2192.82
16310,5455,11,11,15,3467.54
16311,5455,3,12,0,401.64
16312,5456,17,7,0,586.53
16313,5456,2,8,10,255.82
16314,5456,23,4,0,1504.0
16315,5456,1,10,0,6481.5
16316,5456,12,8,0,3135.28
16317,5457,17,3,0,251.37
16318,5457,6,2,10,1184.92
16319,5457,14,9,0,6108.03
16320,5458,11,3,0,1112.58
16321,5458,29,11,0,9202.82
16322,5458,10,7,0,5933.2
16323,5459,7,7,0,4098.85
16324,5459,12,12,0,4702.92
16325,5459,8,6,0,2323.98
16326,5459,29,11,0,9202.82
16327,5460,1,7,0,4537.05
16328,5461,15,8,5,4516.07
16329,5461,24,12,0,9635.04
16330,5461,26,2,0,1096.34
16331,5461,19,9,0,5053.68
16332,5462,13,3,0,454.89
16333,5462,11,11,15,3467.54
16334,5462,8,9,10,3137.37
16335,5462,20,9,0,2188.53
16336,5463,12,4,0,1567.64
16337,5463,29,7,15,4977.89
16338,5463,4,9,0,2566.89
16339,5463,18,9,0,5248.98
16340,5464,11,1,0,370.86
16341,5464,21,2,0,1617.94
16342,5464,8,12,0,4647.96
16343,5465,11,8,10,2670.19
16344,5465,15,7,0,4159.54
16345,5466,1,3,0,1944.45
16346,5466,11,7,0,2596.02
16347,5467,10,9,0,7628.4
16348,5467,26,12,15,5591.33
16349,5467,7,9,0,5269.95
16350,5467,20,1,5,231.01
16351,5468,27,8,0,2775.92
16352,5468,16,11,0,2192.74
16353,5469,4,6,0,1711.26
16354,5469,16,3,0,598.02
16355,5469,20,3,0,729.51
16356,5469,25,9,5,3124.77
16357,5470,15,10,0,5942.2
16358,5470,25,1,0,365.47
16359,5470,19,8,0,4492.16
16360,5470,24,5,0,4014.6
16361,5470,1,10,0,6481.5
16362,5471,25,10,0,3654.7
16363,5471,14,9,0,6108.03
16364,5471,24,2,0,1605.84
16365,5472,4,10,0,2852.1
16366,5472,11,8,10,2670.19
16367,5472,15,8,0,4753.76
16368,5473,25,6,5,2083.18
16369,5473,17,10,0,837.9
16370,5473,20,8,0,1945.36
16371,5473,13,7,10,955.27
16372,5474,22,4,0,564.52
16373,5474,15,9,5,5080.58
16374,5474,16,6,0,1196.04
16375,5474,7,12,0,7026.6
16376,5474,8,9,10,3137.37
16377,5475,23,2,0,752.0
16378,5476,20,8,0,1945.36
16379,5477,8,8,5,2943.71
16380,5477,4,9,0,2566.89
16381,5477,22,10,0,1411.3
16382,5478,25,3,10,986.77
16383,5479,26,6,0,3289.02
16384,5479,12,2,0,783.82
16385,5479,13,9,0,1364.67
16386,5479,11,9,0,3337.74
16387,5480,10,5,0,4238.0
16388,5481,15,1,0,594.22
16389,5481,1,1,0,648.15
16390,5481,16,12,5,2272.48
16391,5482,6,5,0,3291.45
16392,5482,14,10,0,6786.7
16393,5482,7,12,0,7026.6
16394,5483,20,8,0,1945.36
16395,5483,2,9,15,271.8
16396,5483,10,8,0,6780.8
16397,5483,8,6,10,2091.58
16398,5483,1,11,0,7129.65
16399,5484,9,11,0,2678.28
16400,5484,7,1,0,585.55
16401,5485,8,4,10,1394.39
16402,5485,25,1,15,310.65
16403,5485,7,2,5,1112.54
16404,5485,13,2,0,303.26
16405,5485,5,12,5,4822.43
16406,5486,1,2,0,1296.3
16407,5487,19,11,0,6176.72
16408,5487,1,1,0,648.15
16409,5487,24,8,0,6423.36
16410,5487,22,5,0,705.65
16411,5488,21,7,0,5662.79
16412,5489,8,3,0,1161.99
16413,5489,6,3,5,1876.13
16414,5489,22,3,0,423.39
16415,5490,22,10,10,1270.17
16416,5490,25,4,15,1242.6
16417,5490,23,2,0,752.0
16418,5490,26,11,0,6029.87
16419,5491,17,3,5,238.8
16420,5491,4,1,0,285.21
16421,5491,16,1,0,199.34
16422,5491,21,8,0,6471.76
16423,5492,27,3,10,936.87
16424,5493,17,7,0,586.53
16425,5493,8,11,0,4260.63
16426,5494,25,5,15,1553.25
16427,5494,22,12,10,1524.2
16428,5495,21,6,0,4853.82
16429,5495,26,4,0,2192.68
16430,5495,8,8,10,2788.78
16431,5495,15,12,5,6774.11
16432,5496,28,12,0,2927.64
16433,5497,2,12,0,426.36
16434,5497,5,2,0,846.04
16435,5497,23,11,0,4136.0
16436,5497,7,5,0,2927.75
16437,5498,11,6,0,2225.16
16438,5498,19,7,0,3930.64
16439,5498,14,11,0,7465.37
16440,5498,4,8,0,2281.68
16441,5498,8,5,0,1936.65
16442,5499,8,9,0,3485.97
16443,5499,6,8,0,5266.32
16444,5499,17,4,0,335.16
16445,5499,3,6,5,190.78
16446,5500,20,6,0,1459.02
16447,5500,27,4,0,1387.96
16448,5500,28,5,0,1219.85
16449,5501,29,5,0,4183.1
16450,5502,10,9,0,7628.4
16451,5502,15,9,0,5347.98
16452,5502,14,11,5,7092.1
16453,5502,24,7,15,4777.37
16454,5503,6,11,0,7241.19
16455,5503,19,12,0,6738.24
16456,5504,11,4,0,1483.44
16457,5504,16,5,0,996.7
16458,5504,3,9,0,301.23
16459,5504,27,12,0,4163.88
16460,5504,24,4,0,3211.68
16461,5505,18,7,10,3674.29
16462,5505,11,11,0,4079.46
16463,5505,13,3,15,386.66
16464,5505,19,7,0,3930.64
16465,5505,23,8,0,3008.0
16466,5506,16,5,0,996.7
16467,5506,14,9,0,6108.03
16468,5506,13,6,0,909.78
16469,5506,10,4,0,3390.4
16470,5507,7,8,10,4215.96
16471,5507,6,6,0,3949.74
16472,5507,3,9,15,256.05
16473,5507,1,8,0,5185.2
16474,5508,8,5,0,1936.65
16475,5508,7,4,0,2342.2
16476,5508,23,3,0,1128.0
16477,5508,15,11,0,6536.42
16478,5508,5,7,0,2961.14
16479,5509,26,4,15,1863.78
16480,5509,27,11,0,3816.89
16481,5509,2,11,0,390.83
16482,5509,5,5,0,2115.1
16483,5509,6,5,0,3291.45
16484,5510,3,10,0,334.7
16485,5510,9,12,0,2921.76
16486,5510,11,6,0,2225.16
16487,5510,8,9,15,2963.07
16488,5511,19,12,0,6738.24
16489,5512,19,1,10,505.37
16490,5512,9,6,0,1460.88
16491,5512,22,12,0,1693.56
16492,5513,29,9,0,7529.58
16493,5513,25,5,0,1827.35
16494,5514,4,12,0,3422.52
16495,5514,26,1,0,548.17
16496,5515,15,5,0,2971.1
16497,5515,20,3,15,620.08
16498,5516,11,10,0,3708.6
16499,5516,19,1,0,561.52
16500,5517,24,4,10,2890.51
16501,5517,15,12,0,7130.64
16502,5517,9,8,5,1850.45
16503,5517,26,3,0,1644.51
16504,5518,26,5,5,2603.81
16505,5518,14,11,0,7465.37
16506,5518,15,6,0,3565.32
16507,5519,6,4,0,2633.16
16508,5520,7,7,0,4098.85
16509,5521,26,6,0,3289.02
16510,5521,5,2,0,846.04
16511,5521,20,6,0,1459.02
16512,5521,6,1,5,625.38
16513,5521,23,11,0,4136.0
16514,5522,23,5,0,1880.0
16515,5523,10,9,0,7628.4
16516,5523,24,2,5,1525.55
16517,5524,15,4,5,2258.04
16518,5524,6,2,15,1119.09
16519,5524,8,3,15,987.69
16520,5525,14,11,0,7465.37
16521,5525,25,11,10,3618.15
16522,5525,13,11,0,1667.93
16523,5526,13,8,0,1213.04
16524,5526,24,10,0,8029.2
16525,5527,15,12,0,7130.64
16526,5528,29,3,5,2384.37
16527,5529,10,10,0,8476.0
16528,5529,29,1,0,836.62
16529,5529,4,5,5,1354.75
16530,5530,24,6,0,4817.52
16531,5530,26,3,0,1644.51
16532,5530,6,8,0,5266.32
16533,5530,25,5,0,1827.35
16534,5531,12,11,0,4311.01
16535,5531,6,7,0,4608.03
16536,5531,8,3,0,1161.99
16537,5531,24,11,10,7948.91
16538,5532,13,9,0,1364.67
16539,5533,2,9,0,319.77
16540,5533,5,4,0,1692.08
16541,5534,9,6,0,1460.88
16542,5534,23,5,0,1880.0
16543,5534,22,6,0,846.78
16544,5535,8,1,10,348.6
16545,5535,14,10,0,6786.7
16546,5535,16,11,0,2192.74
16547,5535,7,2,0,1171.1
16548,5536,16,2,0,398.68
16549,5536,18,2,0,1166.44
16550,5536,28,8,0,1951.76
16551,5537,5,6,0,2538.12
16552,5537,19,6,10,3032.21
16553,5537,20,11,0,2674.87
16554,5538,1,12,0,7777.8
16555,5538,15,1,0,594.22
16556,5538,13,7,0,1061.41
16557,5538,4,3,0,855.63
16558,5539,12,2,5,744.63
16559,5539,6,7,0,4608.03
16560,5539,25,8,10,2631.38
16561,5539,14,4,5,2578.95
16562,5539,10,4,0,3390.4
16563,5540,9,2,10,438.26
16564,5540,19,3,0,1684.56
16565,5540,11,2,5,704.63
16566,5540,14,11,0,7465.37
16567,5541,9,7,0,1704.36
16568,5541,10,12,10,9154.08
16569,5541,17,12,0,1005.48
16570,5542,10,7,0,5933.2
16571,5542,13,5,0,758.15
16572,5543,22,1,0,141.13
16573,5543,25,9,0,3289.23
16574,5543,3,5,0,167.35
16575,5543,24,9,0,7226.28
16576,5544,13,7,5,1008.34
16577,5544,15,3,10,1604.39
16578,5544,23,1,0,376.0
16579,5544,8,10,0,3873.3
16580,5545,28,10,5,2317.71
16581,5545,15,4,0,2376.88
16582,5545,25,2,10,657.85
16583,5545,4,10,0,2852.1
16584,5546,17,1,0,83.79
16585,5546,1,4,0,2592.6
16586,5547,9,2,0,486.96
16587,5547,20,7,0,1702.19
16588,5547,25,12,0,4385.64
16589,5548,9,6,0,1460.88
16590,5548,18,1,0,583.22
16591,5548,25,12,0,4385.64
16592,5549,28,10,0,2439.7
16593,5549,1,9,0,5833.35
16594,5549,13,3,5,432.15
16595,5549,17,3,0,251.37
16596,5549,16,11,0,2192.74
16597,5550,19,8,10,4042.94
16598,5550,14,4,0,2714.68
16599,5550,10,11,5,8857.42
16600,5550,4,2,0,570.42
16601,5551,4,4,0,1140.84
16602,5551,28,9,0,2195.73
16603,5551,6,9,0,5924.61
16604,5552,13,9,0,1364.67
16605,5552,14,6,5,3868.42
16606,5552,11,2,0,741.72
16607,5553,10,1,0,847.6
16608,5553,13,3,0,454.89
16609,5554,19,7,0,3930.64
16610,5554,20,5,0,1215.85
16611,5555,6,9,0,5924.61
16612,5555,17,3,0,251.37
16613,5556,12,2,0,783.82
16614,5556,9,4,0,973.92
16615,5557,7,6,0,3513.3
16616,5557,28,6,0,1463.82
16617,5557,10,8,0,6780.8
16618,5557,26,7,0,3837.19
16619,5558,16,10,0,1993.4
16620,5558,3,2,0,66.94
16621,5558,9,2,0,486.96
16622,5558,6,12,0,7899.48
16623,5558,14,6,0,4072.02
16624,5559,20,12,5,2772.14
16625,5560,22,4,15,479.84
16626,5560,21,2,5,1537.04
16627,5560,4,9,0,2566.89
16628,5561,9,11,0,2678.28
16629,5561,10,5,0,4238.0
16630,5562,15,6,0,3565.32
16631,5562,4,4,0,1140.84
16632,5562,25,2,0,730.94
16633,5562,18,1,0,583.22
16634,5562,2,11,0,390.83
16635,5563,22,8,0,1129.04
16636,5563,13,8,5,1152.39
16637,5563,21,2,0,1617.94
16638,5563,15,11,0,6536.42
16639,5563,11,11,0,4079.46
16640,5564,22,7,10,889.12
16641,5565,19,2,0,1123.04
16642,5565,20,11,0,2674.87
16643,5565,29,8,0,6692.96
16644,5565,13,10,0,1516.3
16645,5565,1,3,0,1944.45
16646,5566,17,8,0,670.32
16647,5567,18,2,0,1166.44
16648,5567,11,7,10,2336.42
16649,5567,5,3,0,1269.06
16650,5567,13,11,0,1667.93
16651,5567,19,10,0,5615.2
16652,5568,28,12,0,2927.64
16653,5569,6,10,0,6582.9
16654,5569,22,3,0,423.39
16655,5570,29,9,0,7529.58
16656,5570,22,4,0,564.52
16657,5570,20,7,0,1702.19
16658,5570,2,10,0,355.3
16659,5570,25,2,10,657.85
16660,5571,2,4,0,142.12
16661,5571,11,11,0,4079.46
16662,5571,13,8,0,1213.04
16663,5571,1,7,0,4537.05
16664,5572,12,1,15,333.12
16665,5573,25,9,5,3124.77
16666,5573,29,11,0,9202.82
16667,5573,13,8,10,1091.74
16668,5573,15,8,0,4753.76
16669,5573,24,1,0,802.92
16670,5574,8,6,0,2323.98
16671,5574,17,10,0,837.9
16672,5574,12,12,0,4702.92
16673,5575,9,6,0,1460.88
16674,5576,7,5,0,2927.75
16675,5577,7,1,10,527.0
16676,5578,7,3,0,1756.65
16677,5579,17,12,0,1005.48
16678,5579,27,9,0,3122.91
16679,5579,23,4,0,1504.0
16680,5579,16,9,0,1794.06
16681,5580,22,1,0,141.13
16682,5580,19,4,0,2246.08
16683,5580,17,12,0,1005.48
16684,5580,25,5,0,1827.35
16685,5580,16,11,15,1863.83
16686,5581,9,10,0,2434.8
16687,5581,12,6,0,2351.46
16688,5582,29,7,0,5856.34
16689,5582,11,1,0,370.86
16690,5582,25,4,0,1461.88
16691,5582,2,11,0,390.83
16692,5583,12,1,0,391.91
16693,5583,9,10,5,2313.06
16694,5583,16,12,10,2152.87
16695,5584,13,11,10,1501.14
16696,5584,19,12,5,6401.33
16697,5584,22,8,0,1129.04
16698,5584,26,11,0,6029.87
16699,5585,14,9,5,5802.63
16700,5586,29,4,5,3179.16
16701,5586,15,7,0,4159.54
16702,5587,9,1,0,243.48
16703,5588,21,11,0,8898.67
16704,5588,26,3,15,1397.83
16705,5588,23,8,0,3008.0
16706,5588,27,3,0,1040.97
16707,5588,15,2,0,1188.44
16708,5589,5,4,0,1692.08
16709,5590,4,1,0,285.21
16710,5590,10,2,10,1525.68
16711,5590,15,9,15,4545.78
16712,5590,27,5,5,1648.2
16713,5591,14,2,0,1357.34
16714,5592,1,3,0,1944.45
16715,5592,26,6,0,3289.02
16716,5592,9,4,15,827.83
16717,5592,8,3,0,1161.99
16718,5592,19,1,5,533.44
16719,5593,28,11,15,2281.12
16720,5593,15,12,0,7130.64
16721,5594,8,9,0,3485.97
16722,5594,3,2,0,66.94
16723,5594,28,12,10,2634.88
16724,5594,13,11,0,1667.93
16725,5595,15,1,10,534.8
16726,5595,19,4,0,2246.08
16727,5595,2,9,0,319.77
16728,5595,7,10,0,5855.5
16729,5596,20,11,0,2674.87
16730,5597,24,12,10,8671.54
16731,5597,19,7,0,3930.64
16732,5598,6,12,5,7504.51
16733,5598,8,9,0,3485.97
16734,5598,3,10,0,334.7
16735,5598,13,12,0,1819.56
16736,5599,29,7,0,5856.34
16737,5599,21,8,0,6471.76
16738,5599,12,3,0,1175.73
16739,5599,27,1,10,312.29
16740,5600,19,3,0,1684.56
16741,5600,9,2,5,462.61
16742,5600,12,5,0,1959.55
16743,5601,20,1,10,218.85
16744,5602,17,2,0,167.58
16745,5602,24,7,0,5620.44
16746,5602,9,4,0,973.92
16747,5602,25,5,0,1827.35
16748,5603,29,11,0,9202.82
16749,5604,17,6,0,502.74
16750,5604,20,2,0,486.34
16751,5604,7,3,0,1756.65
16752,5604,21,4,0,3235.88
16753,5604,22,8,0,1129.04
16754,5605,12,2,0,783.82
16755,5605,2,2,0,71.06
16756,5605,20,10,0,2431.7
16757,5606,5,5,0,2115.1
16758,5606,29,11,0,9202.82
16759,5606,16,5,0,996.7
16760,5606,9,6,0,1460.88
16761,5606,23,5,0,1880.0
16762,5607,4,8,15,1939.43
16763,5607,22,3,0,423.39
16764,5607,15,10,5,5645.09
16765,5607,16,7,0,1395.38
16766,5607,5,6,5,2411.21
16767,5608,24,10,5,7627.74
16768,5609,2,8,15,241.6
16769,5609,15,2,5,1129.02
16770,5609,13,4,0,606.52
16771,5609,17,8,0,670.32
16772,5610,9,12,0,2921.76
16773,5611,22,9,10,1143.15
16774,5611,27,7,0,2428.93
16775,5611,14,3,5,1934.21
16776,5611,7,7,15,3484.02
16777,5611,26,4,0,2192.68
16778,5612,25,2,0,730.94
16779,5612,11,3,0,1112.58
16780,5612,1,12,0,7777.8
16781,5612,13,7,0,1061.41
16782,5613,21,9,0,7280.73
16783,5613,13,4,0,606.52
16784,5613,26,1,0,548.17
16785,5613,15,6,0,3565.32
16786,5614,3,2,0,66.94
16787,5614,12,4,0,1567.64
16788,5614,5,9,0,3807.18
16789,5614,23,9,0,3384.0
16790,5615,1,1,5,615.74
16791,5615,9,3,0,730.44
16792,5615,20,12,0,2918.04
16793,5616,16,11,15,1863.83
16794,5616,14,7,0,4750.69
16795,5616,19,2,10,1010.74
16796,5617,3,7,0,234.29
16797,5617,29,3,0,2509.86
16798,5617,24,8,10,5781.02
16799,5617,1,7,0,4537.05
16800,5618,4,1,0,285.21
16801,5618,20,5,0,1215.85
16802,5619,12,8,0,3135.28
16803,5620,17,3,0,251.37
16804,5620,19,11,10,5559.05
16805,5620,6,11,15,6155.01
16806,5621,23,5,0,1880.0
16807,5621,1,9,0,5833.35
16808,5622,15,7,0,4159.54
16809,5622,23,9,0,3384.0
16810,5622,11,12,0,4450.32
16811,5622,10,7,0,5933.2
16812,5622,14,4,10,2443.21
16813,5623,15,1,0,594.22
16814,5623,19,5,15,2386.46
16815,5623,14,7,0,4750.69
16816,5623,1,6,0,3888.9
16817,5624,20,7,0,1702.19
16818,5624,23,10,5,3572.0
16819,5624,19,9,0,5053.68
16820,5624,21,8,0,6471.76
16821,5624,16,1,0,199.34
16822,5625,2,9,0,319.77
16823,5625,20,4,0,972.68
16824,5625,18,1,0,583.22
16825,5625,25,1,0,365.47
16826,5625,5,5,0,2115.1
16827,5626,19,11,0,6176.72
16828,5626,11,10,0,3708.6
16829,5626,4,11,0,3137.31
16830,5626,26,4,0,2192.68
16831,5627,24,12,10,8671.54
16832,5627,3,2,0,66.94
16833,5628,13,3,0,454.89
16834,5628,12,12,0,4702.92
16835,5628,26,3,5,1562.28
16836,5628,11,12,0,4450.32
16837,5628,15,10,0,5942.2
16838,5629,20,8,0,1945.36
16839,5629,16,1,0,199.34
16840,5630,22,4,15,479.84
16841,5630,28,5,0,1219.85
16842,5630,8,2,0,774.66
16843,5630,18,1,0,583.22
16844,5630,2,5,0,177.65
16845,5631,14,10,0,6786.7
16846,5631,15,2,5,1129.02
16847,5632,14,3,10,1832.41
16848,5632,28,3,10,658.72
16849,5632,22,9,0,1270.17
16850,5632,20,3,0,729.51
16851,5633,5,9,0,3807.18
16852,5634,9,9,0,2191.32
16853,5635,23,7,10,2368.8
16854,5635,22,11,5,1474.81
16855,5635,29,1,0,836.62
16856,5635,3,8,0,267.76
16857,5635,2,6,0,213.18
16858,5636,8,10,0,3873.3
16859,5636,2,12,0,426.36
16860,5636,19,12,15,5727.5
16861,5636,23,9,5,3214.8
16862,5636,6,11,0,7241.19
16863,5637,28,5,0,1219.85
16864,5637,8,10,0,3873.3
16865,5637,12,10,15,3331.24
16866,5637,15,8,0,4753.76
16867,5638,22,6,10,762.1
16868,5639,29,8,0,6692.96
16869,5640,11,9,0,3337.74
16870,5640,5,7,5,2813.08
16871,5640,27,6,0,2081.94
16872,5641,19,12,5,6401.33
16873,5641,9,2,0,486.96
16874,5641,16,9,0,1794.06
16875,5641,5,10,10,3807.18
16876,5641,1,9,5,5541.68
16877,5642,1,7,10,4083.34
16878,5643,15,11,0,6536.42
16879,5643,14,11,15,6345.56
16880,5644,28,7,0,1707.79
16881,5644,9,4,0,973.92
16882,5644,26,2,0,1096.34
16883,5645,15,3,0,1782.66
16884,5646,6,6,0,3949.74
16885,5646,4,8,10,2053.51
16886,5646,26,3,0,1644.51
16887,5647,15,7,5,3951.56
16888,5648,25,7,0,2558.29
16889,5648,29,4,0,3346.48
16890,5648,20,8,0,1945.36
16891,5648,11,9,0,3337.74
16892,5648,17,9,0,754.11
16893,5649,6,4,0,2633.16
16894,5649,12,9,10,3174.47
16895,5649,16,12,15,2033.27
16896,5649,8,12,0,4647.96
16897,5649,25,10,0,3654.7
16898,5650,29,1,0,836.62
16899,5650,12,7,0,2743.37
16900,5650,4,9,0,2566.89
16901,5650,5,3,0,1269.06
16902,5650,9,12,0,2921.76
16903,5651,16,11,0,2192.74
16904,5651,12,1,0,391.91
16905,5652,5,6,15,2157.4
16906,5652,2,4,10,127.91
16907,5652,17,11,0,921.69
16908,5652,12,12,0,4702.92
16909,5653,5,4,0,1692.08
16910,5653,3,12,10,361.48
16911,5653,27,4,10,1249.16
16912,5653,7,7,0,4098.85
16913,5654,21,8,0,6471.76
16914,5655,4,5,15,1212.14
16915,5655,9,10,5,2313.06
16916,5655,13,1,0,151.63
16917,5656,10,12,0,10171.2
16918,5656,25,10,0,3654.7
16919,5656,26,1,5,520.76
16920,5657,10,10,0,8476.0
16921,5657,25,6,15,1863.9
16922,5658,29,9,0,7529.58
16923,5658,7,6,0,3513.3
16924,5658,27,9,0,3122.91
16925,5659,5,4,0,1692.08
16926,5659,22,11,10,1397.19
16927,5659,6,10,0,6582.9
16928,5659,12,10,0,3919.1
16929,5660,28,8,0,1951.76
16930,5660,7,5,0,2927.75
16931,5661,28,11,0,2683.67
16932,5661,9,3,0,730.44
16933,5661,3,3,5,95.39
16934,5661,5,6,0,2538.12
16935,5661,16,6,0,1196.04
16936,5662,5,2,0,846.04
16937,5662,16,10,0,1993.4
16938,5662,26,12,0,6578.04
16939,5663,26,9,0,4933.53
16940,5663,14,2,0,1357.34
16941,5663,4,11,5,2980.44
16942,5664,12,7,0,2743.37
16943,5664,27,3,0,1040.97
16944,5664,23,2,0,752.0
16945,5664,14,12,0,8144.04
16946,5665,3,7,0,234.29
16947,5665,26,1,0,548.17
16948,5666,28,7,0,1707.79
16949,5666,13,4,0,606.52
16950,5666,14,10,0,6786.7
16951,5666,1,10,0,6481.5
16952,5666,17,5,0,418.95
16953,5667,7,4,0,2342.2
16954,5668,17,6,0,502.74
16955,5668,22,4,0,564.52
16956,5668,24,2,0,1605.84
16957,5669,9,1,0,243.48
16958,5669,29,10,0,8366.2
16959,5670,23,10,0,3760.0
16960,5670,26,7,0,3837.19
16961,5670,6,9,0,5924.61
16962,5670,9,11,5,2544.37
16963,5671,12,1,0,391.91
16964,5671,22,11,0,1552.43
16965,5671,14,10,15,5768.7
16966,5671,4,7,0,1996.47
16967,5671,10,12,0,10171.2
16968,5672,26,10,0,5481.7
16969,5672,4,9,15,2181.86
16970,5672,16,8,0,1594.72
16971,5673,17,12,0,1005.48
16972,5673,16,1,10,179.41
16973,5673,10,9,0,7628.4
16974,5674,12,3,0,1175.73
16975,5674,17,12,0,1005.48
16976,5674,3,2,0,66.94
16977,5674,15,8,0,4753.76
16978,5674,14,8,0,5429.36
16979,5675,21,11,0,8898.67
16980,5675,4,2,0,570.42
16981,5675,26,7,10,3453.47
16982,5676,29,2,0,1673.24
16983,5677,18,8,15,3965.9
16984,5677,25,4,5,1388.79
16985,5677,6,7,0,4608.03
16986,5677,16,8,0,1594.72
16987,5677,3,1,0,33.47
16988,5678,19,2,0,1123.04
16989,5678,17,8,0,670.32
16990,5679,23,1,5,357.2
16991,5679,20,12,10,2626.24
16992,5679,29,3,15,2133.38
16993,5680,5,11,5,4420.56
16994,5680,24,3,0,2408.76
16995,5681,23,12,10,4060.8
16996,5682,16,1,0,199.34
16997,5682,10,7,0,5933.2
16998,5683,1,12,0,7777.8
16999,5683,29,4,0,3346.48
17000,5684,4,1,0,285.21
17001,5684,1,2,0,1296.3
17002,5684,14,9,15,5191.83
17003,5685,21,5,0,4044.85
17004,5685,12,5,5,1861.57
17005,5685,11,3,0,1112.58
17006,5686,22,3,0,423.39
17007,5686,26,11,0,6029.87
17008,5686,1,11,0,7129.65
17009,5687,10,4,5,3220.88
17010,5687,19,6,0,3369.12
17011,5687,12,1,0,391.91
17012,5688,3,8,0,267.76
17013,5688,29,7,0,5856.34
17014,5688,18,6,5,3324.35
17015,5689,23,11,10,3722.4
17016,5690,17,11,0,921.69
17017,5690,4,2,0,570.42
17018,5690,7,6,0,3513.3
17019,5690,9,7,10,1533.92
17020,5691,13,10,0,1516.3
17021,5691,15,5,10,2673.99
17022,5691,8,2,0,774.66
17023,5691,18,5,0,2916.1
17024,5691,16,8,0,1594.72
17025,5692,23,9,10,3045.6
17026,5692,5,10,0,4230.2
17027,5692,1,12,0,7777.8
17028,5692,27,2,5,659.28
17029,5692,4,4,0,1140.84
17030,5693,10,5,0,4238.0
17031,5693,21,11,0,8898.67
17032,5693,25,3,0,1096.41
17033,5694,2,11,0,390.83
17034,5695,26,9,0,4933.53
17035,5696,15,2,0,1188.44
17036,5696,10,11,0,9323.6
17037,5696,20,2,0,486.34
17038,5696,8,1,10,348.6
17039,5697,6,7,0,4608.03
17040,5697,27,6,0,2081.94
17041,5697,4,10,15,2424.28
17042,5698,20,10,0,2431.7
17043,5698,11,3,0,1112.58
17044,5698,4,1,0,285.21
17045,5698,27,11,5,3626.05
17046,5698,13,3,0,454.89
17047,5699,2,12,0,426.36
17048,5699,7,7,0,4098.85
17049,5699,24,7,0,5620.44
17050,5699,21,10,0,8089.7
17051,5700,7,3,5,1668.82
17052,5700,24,3,0,2408.76
17053,5700,4,10,0,2852.1
17054,5700,26,6,10,2960.12
17055,5700,29,4,0,3346.48
17056,5701,23,2,10,676.8
17057,5701,6,10,0,6582.9
17058,5701,22,5,0,705.65
17059,5701,24,2,15,1364.96
17060,5702,13,4,0,606.52
17061,5702,5,10,0,4230.2
17062,5702,9,11,0,2678.28
17063,5702,2,1,0,35.53
17064,5702,26,10,0,5481.7
17065,5703,8,3,0,1161.99
17066,5703,19,5,0,2807.6
17067,5703,26,11,0,6029.87
17068,5704,17,1,0,83.79
17069,5704,25,7,0,2558.29
17070,5704,24,7,0,5620.44
17071,5705,28,12,5,2781.26
17072,5705,27,4,0,1387.96
17073,5705,9,5,0,1217.4
17074,5705,25,7,10,2302.46
17075,5705,1,4,0,2592.6
17076,5706,28,9,0,2195.73
17077,5706,2,10,0,355.3
17078,5706,21,4,0,3235.88
17079,5706,16,4,0,797.36
17080,5706,4,5,10,1283.44
17081,5707,12,2,5,744.63
17082,5707,11,12,0,4450.32
17083,5707,13,9,0,1364.67
17084,5708,11,5,0,1854.3
17085,5708,6,12,0,7899.48
17086,5708,12,1,0,391.91
17087,5708,4,9,0,2566.89
17088,5708,17,7,15,498.55
17089,5709,28,3,0,731.91
17090,5709,14,5,0,3393.35
17091,5709,25,4,0,1461.88
17092,5710,12,7,0,2743.37
17093,5710,15,10,10,5347.98
17094,5711,20,6,0,1459.02
17095,5711,16,1,0,199.34
17096,5711,27,8,0,2775.92
17097,5712,17,1,0,83.79
17098,5712,23,10,5,3572.0
17099,5712,19,6,5,3200.66
17100,5713,18,10,0,5832.2
17101,5713,1,6,0,3888.9
17102,5713,28,10,0,2439.7
17103,5713,19,5,0,2807.6
17104,5713,9,8,0,1947.84
17105,5714,19,4,0,2246.08
17106,5715,8,7,0,2711.31
17107,5715,28,5,0,1219.85
17108,5715,23,6,0,2256.0
17109,5715,15,4,0,2376.88
17110,5715,16,6,10,1076.44
17111,5716,22,7,0,987.91
17112,5716,24,6,15,4094.89
17113,5716,28,1,0,243.97
17114,5716,5,5,0,2115.1
17115,5717,25,9,0,3289.23
17116,5717,18,4,10,2099.59
17117,5717,22,1,10,127.02
17118,5717,29,1,0,836.62
17119,5717,23,10,0,3760.0
17120,5718,15,5,5,2822.54
17121,5718,20,3,0,729.51
17122,5718,5,9,5,3616.82
17123,5719,15,5,10,2673.99
17124,5719,11,5,5,1761.58
17125,5720,28,11,0,2683.67
17126,5720,4,7,5,1896.65
17127,5720,3,11,0,368.17
17128,5720,15,7,0,4159.54
17129,5720,8,9,0,3485.97
17130,5721,23,9,0,3384.0
17131,5721,16,10,0,1993.4
17132,5721,12,10,0,3919.1
17133,5721,10,5,0,4238.0
17134,5721,27,8,0,2775.92
17135,5722,4,8,0,2281.68
17136,5723,16,7,0,1395.38
17137,5724,26,5,0,2740.85
17138,5725,20,2,0,486.34
17139,5726,21,5,10,3640.36
17140,5726,27,12,0,4163.88
17141,5726,28,8,5,1854.17
17142,5726,4,2,0,570.42
17143,5726,23,6,0,2256.0
17144,5727,6,7,0,4608.03
17145,5727,3,12,0,401.64
17146,5727,17,6,0,502.74
17147,5727,24,1,0,802.92
17148,5728,21,9,10,6552.66
17149,5729,7,1,0,585.55
17150,5729,4,11,5,2980.44
17151,5729,23,2,0,752.0
17152,5729,26,7,10,3453.47
17153,5730,19,5,0,2807.6
17154,5730,10,10,0,8476.0
17155,5730,25,12,10,3947.08
17156,5731,10,5,0,4238.0
17157,5731,23,12,5,4286.4
17158,5732,26,11,5,5728.38
17159,5732,8,7,15,2304.61
17160,5732,19,10,0,5615.2
17161,5732,29,9,10,6776.62
17162,5732,27,6,0,2081.94
17163,5733,3,1,10,30.12
17164,5733,11,11,5,3875.49
17165,5733,26,6,0,3289.02
17166,5734,14,12,0,8144.04
17167,5734,24,10,0,8029.2
17168,5734,9,4,5,925.22
17169,5734,20,8,0,1945.36
17170,5735,19,3,0,1684.56
17171,5736,7,3,0,1756.65
17172,5736,29,9,0,7529.58
17173,5736,6,7,0,4608.03
17174,5737,7,10,0,5855.5
17175,5737,26,3,0,1644.51
17176,5737,19,6,0,3369.12
17177,5737,11,8,0,2966.88
17178,5737,22,2,0,282.26
17179,5738,13,6,0,909.78
17180,5738,15,1,5,564.51
17181,5739,17,9,0,754.11
17182,5739,16,6,0,1196.04
17183,5740,27,7,5,2307.48
17184,5740,18,12,0,6998.64
17185,5740,13,3,0,454.89
17186,5740,1,7,0,4537.05
17187,5741,2,2,0,71.06
17188,5741,1,11,0,7129.65
17189,5741,12,7,0,2743.37
17190,5741,6,4,0,2633.16
17191,5741,20,9,0,2188.53
17192,5742,8,4,0,1549.32
17193,5742,28,12,0,2927.64
17194,5742,18,7,0,4082.54
17195,5742,4,9,0,2566.89
17196,5742,24,1,0,802.92
17197,5743,19,6,5,3200.66
17198,5743,3,9,0,301.23
17199,5744,24,1,0,802.92
17200,5745,3,8,5,254.37
17201,5745,7,9,0,5269.95
17202,5746,1,6,0,3888.9
17203,5746,10,2,0,1695.2
17204,5746,22,10,0,1411.3
17205,5746,12,11,5,4095.46
17206,5746,25,4,0,1461.88
17207,5747,20,6,0,1459.02
17208,5747,13,3,0,454.89
17209,5747,3,12,5,381.56
17210,5747,29,8,0,6692.96
17211,5747,4,8,0,2281.68
17212,5748,18,8,15,3965.9
17213,5748,16,1,0,199.34
17214,5748,10,4,0,3390.4
17215,5748,8,7,0,2711.31
17216,5749,19,1,5,533.44
17217,5749,8,4,0,1549.32
17218,5750,7,5,0,2927.75
17219,5750,28,5,0,1219.85
17220,5751,23,11,10,3722.4
17221,5751,25,10,0,3654.7
17222,5752,25,10,0,3654.7
17223,5752,21,7,0,5662.79
17224,5752,27,12,0,4163.88
17225,5752,10,12,0,10171.2
17226,5752,5,12,0,5076.24
17227,5753,9,9,0,2191.32
17228,5754,5,4,0,1692.08
17229,5754,6,4,10,2369.84
17230,5755,11,2,0,741.72
17231,5755,6,8,0,5266.32
17232,5755,23,12,0,4512.0
17233,5755,1,12,5,7388.91
17234,5756,14,2,0,1357.34
17235,5756,6,8,0,5266.32
17236,5757,10,8,10,6102.72
17237,5757,11,8,0,2966.88
17238,5757,15,7,0,4159.54
17239,5758,9,3,0,730.44
17240,5758,15,7,0,4159.54
17241,5758,20,4,0,972.68
17242,5758,27,7,15,2064.59
17243,5759,5,12,0,5076.24
17244,5759,23,1,10,338.4
17245,5759,14,9,0,6108.03
17246,5760,27,8,0,2775.92
17247,5760,29,8,0,6692.96
17248,5760,12,5,15,1665.62
17249,5760,19,8,0,4492.16
17250,5760,14,6,0,4072.02
17251,5761,22,11,0,1552.43
17252,5761,8,4,10,1394.39
17253,5761,25,5,0,1827.35
17254,5762,6,3,0,1974.87
17255,5762,26,10,0,5481.7
17256,5762,28,6,5,1390.63
17257,5763,4,12,0,3422.52
17258,5763,2,8,0,284.24
17259,5763,22,5,5,670.37
17260,5763,21,1,0,808.97
17261,5764,17,7,0,586.53
17262,5764,13,8,0,1213.04
17263,5764,23,7,0,2632.0
17264,5764,10,9,0,7628.4
17265,5765,22,5,0,705.65
17266,5766,18,8,0,4665.76
17267,5767,27,2,0,693.98
17268,5767,9,5,5,1156.53
17269,5767,20,10,0,2431.7
17270,5768,1,5,0,3240.75
17271,5768,21,2,0,1617.94
17272,5769,27,4,5,1318.56
17273,5769,28,11,0,2683.67
17274,5769,10,4,5,3220.88
17275,5769,20,1,5,231.01
17276,5770,4,1,0,285.21
17277,5771,14,10,0,6786.7
17278,5772,5,7,0,2961.14
17279,5773,3,12,10,361.48
17280,5773,21,9,0,7280.73
17281,5773,12,3,0,1175.73
17282,5774,18,12,5,6648.71
17283,5774,11,5,0,1854.3
17284,5774,5,6,0,2538.12
17285,5775,12,11,0,4311.01
17286,5775,20,11,10,2407.38
17287,5775,21,7,0,5662.79
17288,5776,12,3,0,1175.73
17289,5776,29,4,0,3346.48
17290,5776,18,11,0,6415.42
17291,5777,29,1,5,794.79
17292,5777,21,11,0,8898.67
17293,5777,13,11,0,1667.93
17294,5777,24,11,0,8832.12
17295,5778,6,5,15,2797.73
17296,5779,4,12,0,3422.52
17297,5779,1,2,5,1231.48
17298,5779,6,2,0,1316.58
17299,5779,25,1,0,365.47
17300,5779,3,12,10,361.48
17301,5780,8,11,0,4260.63
17302,5780,13,6,0,909.78
17303,5780,26,7,0,3837.19
17304,5780,18,2,0,1166.44
17305,5780,14,2,0,1357.34
17306,5781,7,9,0,5269.95
17307,5781,4,10,0,2852.1
17308,5781,26,10,0,5481.7
17309,5781,25,12,10,3947.08
17310,5781,21,7,5,5379.65
17311,5782,17,2,10,150.82
17312,5783,4,9,0,2566.89
17313,5783,19,4,0,2246.08
17314,5783,17,12,0,1005.48
17315,5784,27,7,0,2428.93
17316,5784,29,2,0,1673.24
17317,5784,15,5,0,2971.1
17318,5784,26,12,0,6578.04
17319,5785,24,7,0,5620.44
17320,5785,23,2,0,752.0
17321,5785,15,9,0,5347.98
17322,5785,10,11,0,9323.6
17323,5786,5,9,5,3616.82
17324,5786,17,8,0,670.32
17325,5786,22,11,0,1552.43
17326,5786,4,1,0,285.21
17327,5787,18,12,0,6998.64
17328,5787,23,10,5,3572.0
17329,5787,28,7,0,1707.79
17330,5787,10,7,5,5636.54
17331,5788,24,9,0,7226.28
17332,5788,2,3,0,106.59
17333,5788,14,12,5,7736.84
17334,5788,20,10,10,2188.53
17335,5789,11,12,0,4450.32
17336,5789,28,3,0,731.91
17337,5789,6,6,0,3949.74
17338,5790,18,10,0,5832.2
17339,5790,12,6,0,2351.46
17340,5790,5,1,10,380.72
17341,5790,8,9,0,3485.97
17342,5790,27,11,5,3626.05
17343,5791,14,12,0,8144.04
17344,5791,28,3,5,695.31
17345,5791,21,12,10,8736.88
17346,5792,3,1,0,33.47
17347,5792,27,12,15,3539.3
17348,5793,14,8,5,5157.89
17349,5793,19,7,0,3930.64
17350,5794,3,5,10,150.62
17351,5794,27,8,0,2775.92
17352,5794,2,11,0,390.83
17353,5795,16,7,0,1395.38
17354,5795,26,3,0,1644.51
17355,5795,15,3,0,1782.66
17356,5795,22,2,5,268.15
17357,5795,23,5,10,1692.0
17358,5796,17,4,0,335.16
17359,5797,12,7,0,2743.37
17360,5797,15,1,0,594.22
17361,5797,21,5,0,4044.85
17362,5797,13,8,0,1213.04
17363,5798,4,4,0,1140.84
17364,5798,9,9,0,2191.32
17365,5799,3,8,15,227.6
17366,5799,18,12,0,6998.64
17367,5799,21,12,0,9707.64
17368,5800,15,5,5,2822.54
17369,5800,9,8,0,1947.84
17370,5801,25,1,0,365.47
17371,5801,11,4,0,1483.44
17372,5802,12,5,0,1959.55
17373,5802,9,2,0,486.96
17374,5802,14,1,0,678.67
17375,5803,19,12,0,6738.24
17376,5803,15,4,0,2376.88
17377,5804,22,11,0,1552.43
17378,5804,14,4,0,2714.68
17379,5804,11,6,0,2225.16
17380,5804,2,2,0,71.06
17381,5805,11,7,5,2466.22
17382,5805,14,5,0,3393.35
17383,5805,1,8,0,5185.2
17384,5805,2,8,0,284.24
17385,5806,25,2,0,730.94
17386,5806,13,4,0,606.52
17387,5807,14,11,5,7092.1
17388,5807,21,4,0,3235.88
17389,5807,13,1,0,151.63
17390,5807,20,3,0,729.51
17391,5807,29,6,0,5019.72
17392,5808,19,5,15,2386.46
17393,5808,28,7,0,1707.79
17394,5809,17,2,0,167.58
17395,5809,14,6,0,4072.02
17396,5809,15,4,10,2139.19
17397,5809,5,10,15,3595.67
17398,5809,24,9,0,7226.28
17399,5810,28,11,0,2683.67
17400,5810,10,3,15,2161.38
17401,5810,17,12,0,1005.48
17402,5811,23,10,10,3384.0
17403,5811,14,6,0,4072.02
17404,5811,9,6,0,1460.88
17405,5811,26,10,0,5481.7
17406,5811,5,10,5,4018.69
17407,5812,1,5,0,3240.75
17408,5812,12,12,0,4702.92
17409,5812,25,11,15,3417.14
17410,5812,28,2,0,487.94
17411,5812,2,3,0,106.59
17412,5813,14,6,5,3868.42
17413,5813,28,9,0,2195.73
17414,5813,8,2,5,735.93
17415,5814,2,10,0,355.3
17416,5814,24,3,15,2047.45
17417,5814,28,4,0,975.88
17418,5815,6,10,0,6582.9
17419,5816,2,10,0,355.3
17420,5816,26,2,0,1096.34
17421,5816,28,9,0,2195.73
17422,5816,25,12,0,4385.64
17423,5816,7,1,10,527.0
17424,5817,28,9,5,2085.94
17425,5817,24,2,0,1605.84
17426,5818,4,4,0,1140.84
17427,5818,6,5,0,3291.45
17428,5818,3,3,0,100.41
17429,5818,9,12,0,2921.76
17430,5819,17,6,0,502.74
17431,5819,7,10,10,5269.95
17432,5819,12,8,10,2821.75
17433,5819,1,12,0,7777.8
17434,5819,14,4,0,2714.68
17435,5820,8,12,10,4183.16
17436,5820,1,2,0,1296.3
17437,5820,5,3,15,1078.7
17438,5820,6,2,15,1119.09
17439,5820,25,9,0,3289.23
17440,5821,1,4,0,2592.6
17441,5821,26,5,10,2466.76
17442,5821,10,2,0,1695.2
17443,5821,22,2,5,268.15
17444,5822,27,2,0,693.98
17445,5822,28,4,10,878.29
17446,5822,16,4,0,797.36
17447,5822,6,2,10,1184.92
17448,5823,23,6,0,2256.0
17449,5823,14,4,10,2443.21
17450,5823,16,1,0,199.34
17451,5824,12,4,5,1489.26
17452,5825,4,1,0,285.21
17453,5825,22,8,0,1129.04
17454,5825,20,8,5,1848.09
17455,5826,23,1,10,338.4
17456,5827,8,6,0,2323.98
17457,5827,18,10,5,5540.59
17458,5827,10,9,0,7628.4
17459,5827,29,5,0,4183.1
17460,5828,9,8,0,1947.84
17461,5828,21,7,0,5662.79
17462,5828,10,12,0,10171.2
17463,5829,29,4,0,3346.48
17464,5829,28,12,0,2927.64
17465,5829,13,5,0,758.15
17466,5829,2,6,0,213.18
17467,5830,18,12,0,6998.64
17468,5830,14,3,0,2036.01
17469,5830,21,10,0,8089.7
17470,5830,7,10,0,5855.5
17471,5830,15,2,0,1188.44
17472,5831,23,10,0,3760.0
17473,5831,20,5,0,1215.85
17474,5831,15,6,10,3208.79
17475,5831,21,3,10,2184.22
17476,5831,27,1,0,346.99
17477,5832,11,10,0,3708.6
17478,5833,9,7,0,1704.36
17479,5834,1,11,0,7129.65
17480,5834,11,7,0,2596.02
17481,5834,20,12,0,2918.04
17482,5834,18,10,0,5832.2
17483,5835,25,12,0,4385.64
17484,5836,22,3,0,423.39
17485,5836,17,11,0,921.69
17486,5837,3,7,10,210.86
17487,5838,22,9,0,1270.17
17488,5838,23,3,0,1128.0
17489,5838,24,3,0,2408.76
17490,5838,20,11,0,2674.87
17491,5839,27,6,15,1769.65
17492,5839,26,11,0,6029.87
17493,5839,11,7,5,2466.22
17494,5839,4,3,0,855.63
17495,5840,7,10,0,5855.5
17496,5840,13,7,0,1061.41
17497,5840,10,3,0,2542.8
17498,5840,28,1,5,231.77
17499,5840,22,9,0,1270.17
17500,5841,12,8,0,3135.28
17501,5841,4,10,0,2852.1
17502,5841,14,12,0,8144.04
17503,5842,18,1,0,583.22
17504,5843,17,3,0,251.37
17505,5843,11,11,0,4079.46
17506,5844,25,8,0,2923.76
17507,5844,20,3,0,729.51
17508,5844,26,3,0,1644.51
17509,5845,29,1,0,836.62
17510,5845,10,12,10,9154.08
17511,5845,11,4,10,1335.1
17512,5845,15,3,0,1782.66
17513,5846,19,11,0,6176.72
17514,5847,4,9,0,2566.89
17515,5847,10,6,15,4322.76
17516,5847,23,10,5,3572.0
17517,5848,16,5,0,996.7
17518,5848,5,4,0,1692.08
17519,5849,22,3,10,381.05
17520,5850,4,5,0,1426.05
17521,5851,24,6,0,4817.52
17522,5852,12,12,5,4467.77
17523,5853,28,7,0,1707.79
17524,5853,12,1,0,391.91
17525,5853,6,7,0,4608.03
17526,5853,4,1,0,285.21
17527,5853,5,5,0,2115.1
17528,5854,3,3,0,100.41
17529,5854,12,5,0,1959.55
17530,5855,7,8,0,4684.4
17531,5855,2,5,0,177.65
17532,5855,10,8,5,6441.76
17533,5856,3,6,0,200.82
17534,5856,4,1,15,242.43
17535,5856,12,12,0,4702.92
17536,5856,24,10,0,8029.2
17537,5856,10,1,0,847.6
17538,5857,17,12,0,1005.48
17539,5857,25,10,0,3654.7
17540,5857,4,9,0,2566.89
17541,5857,26,6,0,3289.02
17542,5857,2,7,0,248.71
17543,5858,5,4,0,1692.08
17544,5858,15,1,0,594.22
17545,5858,26,2,5,1041.52
17546,5859,24,7,0,5620.44
17547,5859,26,3,0,1644.51
17548,5859,6,4,5,2501.5
17549,5860,5,9,0,3807.18
17550,5860,17,9,0,754.11
17551,5860,2,9,10,287.79
17552,5860,16,8,0,1594.72
17553,5861,2,12,10,383.72
17554,5861,1,10,0,6481.5
17555,5861,4,10,5,2709.5
17556,5861,7,4,0,2342.2
17557,5862,18,11,5,6094.65
17558,5862,1,1,10,583.34
17559,5862,5,7,0,2961.14
17560,5862,13,11,0,1667.93
17561,5863,7,1,0,585.55
17562,5863,13,2,0,303.26
17563,5863,6,2,0,1316.58
17564,5863,23,12,0,4512.0
17565,5863,27,4,0,1387.96
17566,5864,5,5,0,2115.1
17567,5865,7,11,0,6441.05
17568,5865,3,8,0,267.76
17569,5865,15,2,0,1188.44
17570,5866,1,1,10,583.34
17571,5866,17,4,0,335.16
17572,5866,8,9,10,3137.37
17573,5866,21,1,5,768.52
17574,5866,15,4,0,2376.88
17575,5867,12,9,0,3527.19
17576,5867,21,10,0,8089.7
17577,5867,11,6,0,2225.16
17578,5868,11,3,0,1112.58
17579,5868,3,12,0,401.64
17580,5868,4,10,15,2424.28
17581,5868,17,5,5,398.0
17582,5868,22,5,10,635.08
17583,5869,17,5,0,418.95
17584,5870,3,6,0,200.82
17585,5871,28,3,0,731.91
17586,5871,24,9,0,7226.28
17587,5871,16,4,5,757.49
17588,5871,21,10,15,6876.25
17589,5872,26,8,0,4385.36
17590,5872,21,4,0,3235.88
17591,5872,14,11,0,7465.37
17592,5872,27,1,10,312.29
17593,5873,17,12,0,1005.48
17594,5873,22,4,0,564.52
17595,5873,8,3,0,1161.99
17596,5874,7,8,0,4684.4
17597,5874,14,1,0,678.67
17598,5874,29,9,0,7529.58
17599,5874,17,5,0,418.95
17600,5875,19,7,0,3930.64
17601,5875,8,11,0,4260.63
17602,5875,11,9,0,3337.74
17603,5875,5,12,0,5076.24
17604,5875,29,7,0,5856.34
17605,5876,8,12,0,4647.96
17606,5876,1,11,0,7129.65
17607,5876,9,3,10,657.4
17608,5876,19,10,0,5615.2
17609,5877,18,11,0,6415.42
17610,5877,4,3,0,855.63
17611,5877,26,3,10,1480.06
17612,5877,1,9,5,5541.68
17613,5877,3,3,0,100.41
17614,5878,21,2,5,1537.04
17615,5879,14,4,0,2714.68
17616,5879,24,6,0,4817.52
17617,5880,9,9,5,2081.75
17618,5880,25,9,0,3289.23
17619,5880,19,6,5,3200.66
17620,5880,6,7,0,4608.03
17621,5881,27,11,0,3816.89
17622,5881,28,7,0,1707.79
17623,5881,15,8,0,4753.76
17624,5882,13,9,0,1364.67
17625,5882,11,1,0,370.86
17626,5882,12,10,10,3527.19
17627,5882,10,7,5,5636.54
17628,5883,28,4,0,975.88
17629,5883,26,8,0,4385.36
17630,5883,12,5,0,1959.55
17631,5883,24,12,0,9635.04
17632,5883,6,5,0,3291.45
17633,5884,17,8,0,670.32
17634,5884,22,6,0,846.78
17635,5884,5,3,0,1269.06
17636,5884,28,2,0,487.94
17637,5884,26,4,15,1863.78
17638,5885,18,2,0,1166.44
17639,5885,29,8,0,6692.96
17640,5886,14,10,0,6786.7
17641,5886,24,11,0,8832.12
17642,5886,22,3,10,381.05
17643,5887,18,8,10,4199.18
17644,5887,15,5,0,2971.1
17645,5887,8,9,0,3485.97
17646,5887,26,12,0,6578.04
17647,5887,17,8,0,670.32
17648,5888,2,12,5,405.04
17649,5889,2,7,0,248.71
17650,5889,1,11,0,7129.65
17651,5889,25,3,0,1096.41
17652,5889,27,7,0,2428.93
17653,5889,18,8,0,4665.76
17654,5890,19,10,0,5615.2
17655,5891,27,5,0,1734.95
17656,5891,11,6,0,2225.16
17657,5891,19,4,10,2021.47
17658,5891,1,5,0,3240.75
17659,5892,14,6,0,4072.02
17660,5892,11,2,5,704.63
17661,5892,28,6,0,1463.82
17662,5893,3,5,0,167.35
17663,5893,14,2,0,1357.34
17664,5893,20,10,5,2310.11
17665,5893,11,7,5,2466.22
17666,5894,11,7,0,2596.02
17667,5894,2,4,0,142.12
17668,5894,27,12,5,3955.69
17669,5894,10,1,0,847.6
17670,5894,19,1,0,561.52
17671,5895,3,12,0,401.64
17672,5895,22,9,0,1270.17
17673,5895,25,3,0,1096.41
17674,5896,14,4,0,2714.68
17675,5896,20,1,0,243.17
17676,5896,15,2,0,1188.44
17677,5896,28,12,0,2927.64
17678,5897,14,11,0,7465.37
17679,5897,16,11,10,1973.47
17680,5897,2,3,0,106.59
17681,5897,17,3,0,251.37
17682,5898,15,9,0,5347.98
17683,5898,25,5,0,1827.35
17684,5899,15,5,0,2971.1
17685,5899,22,11,0,1552.43
17686,5900,21,7,0,5662.79
17687,5900,5,7,10,2665.03
17688,5900,26,9,0,4933.53
17689,5900,17,1,0,83.79
17690,5901,15,11,0,6536.42
17691,5901,12,12,0,4702.92
17692,5901,4,1,0,285.21
17693,5901,24,2,0,1605.84
17694,5902,3,1,0,33.47
17695,5902,15,5,0,2971.1
17696,5902,29,1,0,836.62
17697,5902,19,4,0,2246.08
17698,5902,27,4,0,1387.96
17699,5903,20,2,10,437.71
17700,5904,18,8,0,4665.76
17701,5904,6,12,0,7899.48
17702,5905,25,7,5,2430.38
17703,5905,17,7,0,586.53
17704,5905,19,12,0,6738.24
17705,5905,12,8,0,3135.28
17706,5905,18,2,0,1166.44
17707,5906,12,5,0,1959.55
17708,5906,27,7,5,2307.48
17709,5906,8,1,15,329.23
17710,5907,9,7,0,1704.36
17711,5907,23,1,0,376.0
17712,5908,7,5,0,2927.75
17713,5908,2,12,0,426.36
17714,5908,23,7,0,2632.0
17715,5908,6,11,0,7241.19
17716,5909,8,3,0,1161.99
17717,5909,18,1,0,583.22
17718,5909,19,11,0,6176.72
17719,5909,20,6,0,1459.02
17720,5910,29,12,10,9035.5
17721,5910,21,5,0,4044.85
17722,5910,26,10,5,5207.62
17723,5910,27,10,0,3469.9
17724,5911,11,12,15,3782.77
17725,5911,4,3,0,855.63
17726,5911,9,12,0,2921.76
17727,5911,22,9,5,1206.66
17728,5911,8,6,0,2323.98
17729,5912,10,9,15,6484.14
17730,5912,21,6,0,4853.82
17731,5913,25,2,5,694.39
17732,5913,6,6,0,3949.74
17733,5914,25,9,0,3289.23
17734,5914,17,4,15,284.89
17735,5915,5,8,0,3384.16
17736,5915,4,6,0,1711.26
17737,5915,7,6,0,3513.3
17738,5915,19,9,0,5053.68
17739,5916,23,7,0,2632.0
17740,5916,19,3,0,1684.56
17741,5917,26,10,0,5481.7
17742,5917,16,6,0,1196.04
17743,5918,7,5,0,2927.75
17744,5918,9,5,0,1217.4
17745,5918,1,12,0,7777.8
17746,5918,18,7,0,4082.54
17747,5918,28,1,0,243.97
17748,5919,17,1,0,83.79
17749,5919,6,8,0,5266.32
17750,5919,29,6,0,5019.72
17751,5919,8,2,0,774.66
17752,5919,9,11,0,2678.28
17753,5920,20,2,0,486.34
17754,5920,1,10,0,6481.5
17755,5920,18,9,0,5248.98
17756,5920,14,2,0,1357.34
17757,5920,5,8,5,3214.95
17758,5921,18,2,0,1166.44
17759,5921,15,3,0,1782.66
17760,5921,11,10,0,3708.6
17761,5922,23,5,10,1692.0
17762,5922,14,2,10,1221.61
17763,5922,18,5,0,2916.1
17764,5923,6,4,0,2633.16
17765,5923,17,11,10,829.52
17766,5923,13,2,0,303.26
17767,5924,20,9,0,2188.53
17768,5924,27,3,5,988.92
17769,5924,13,9,0,1364.67
17770,5924,12,11,15,3664.36
17771,5924,2,4,0,142.12
17772,5925,16,11,5,2083.1
17773,5925,13,10,5,1440.48
17774,5925,15,8,0,4753.76
17775,5926,23,7,0,2632.0
17776,5926,19,6,0,3369.12
17777,5926,6,7,0,4608.03
17778,5926,18,6,0,3499.32
17779,5927,5,1,0,423.02
17780,5927,4,6,0,1711.26
17781,5927,8,6,0,2323.98
17782,5927,7,5,15,2488.59
17783,5928,18,11,0,6415.42
17784,5928,10,12,0,10171.2
17785,5928,25,4,15,1242.6
17786,5929,1,7,0,4537.05
17787,5929,2,9,0,319.77
17788,5930,7,2,0,1171.1
17789,5930,29,6,0,5019.72
17790,5930,17,7,15,498.55
17791,5930,28,10,0,2439.7
17792,5931,24,10,10,7226.28
17793,5932,17,8,0,670.32
17794,5933,6,5,0,3291.45
17795,5933,26,2,0,1096.34
17796,5934,26,10,15,4659.44
17797,5934,1,8,5,4925.94
17798,5934,15,8,0,4753.76
17799,5935,2,2,0,71.06
17800,5936,20,8,0,1945.36
17801,5936,28,8,0,1951.76
17802,5936,10,4,0,3390.4
17803,5937,29,5,0,4183.1
17804,5937,24,4,0,3211.68
17805,5937,4,11,0,3137.31
17806,5937,23,2,10,676.8
17807,5937,8,11,0,4260.63
17808,5938,19,8,10,4042.94
17809,5938,3,3,0,100.41
17810,5938,5,3,10,1142.15
17811,5938,15,6,0,3565.32
17812,5938,2,6,5,202.52
17813,5939,23,7,0,2632.0
17814,5939,18,5,0,2916.1
17815,5939,14,2,10,1221.61
17816,5940,24,11,0,8832.12
17817,5940,9,12,10,2629.58
17818,5940,6,11,0,7241.19
17819,5941,19,9,10,4548.31
17820,5941,17,6,5,477.6
17821,5941,6,11,15,6155.01
17822,5941,13,6,0,909.78
17823,5942,16,11,5,2083.1
17824,5942,20,6,0,1459.02
17825,5942,7,3,0,1756.65
17826,5942,27,4,0,1387.96
17827,5942,21,3,0,2426.91
17828,5943,26,6,0,3289.02
17829,5943,29,9,0,7529.58
17830,5943,10,1,0,847.6
17831,5944,9,6,10,1314.79
17832,5944,13,8,0,1213.04
17833,5944,7,12,0,7026.6
17834,5944,8,10,0,3873.3
17835,5944,14,5,0,3393.35
17836,5945,13,9,0,1364.67
17837,5945,9,2,0,486.96
17838,5945,25,11,0,4020.17
17839,5946,10,3,0,2542.8
17840,5947,6,11,15,6155.01
17841,5947,16,11,0,2192.74
17842,5947,21,2,0,1617.94
17843,5948,17,4,0,335.16
17844,5948,29,4,10,3011.83
17845,5949,29,8,0,6692.96
17846,5949,27,1,5,329.64
17847,5949,21,5,0,4044.85
17848,5950,11,5,15,1576.16
17849,5951,7,11,0,6441.05
17850,5951,2,12,5,405.04
17851,5951,15,2,0,1188.44
17852,5951,27,5,0,1734.95
17853,5952,27,8,0,2775.92
17854,5952,10,12,0,10171.2
17855,5952,29,12,10,9035.5
17856,5952,15,4,0,2376.88
17857,5952,16,5,15,847.2
17858,5953,5,12,0,5076.24
17859,5953,6,6,0,3949.74
17860,5953,29,10,0,8366.2
17861,5954,6,12,0,7899.48
17862,5954,22,4,0,564.52
17863,5954,20,8,0,1945.36
17864,5954,3,5,5,158.98
17865,5954,28,6,0,1463.82
17866,5955,22,2,0,282.26
17867,5956,4,10,5,2709.5
17868,5956,21,7,0,5662.79
17869,5957,23,8,0,3008.0
17870,5958,6,11,15,6155.01
17871,5959,19,8,0,4492.16
17872,5960,22,8,0,1129.04
17873,5960,7,10,0,5855.5
17874,5960,10,11,0,9323.6
17875,5960,17,5,0,418.95
17876,5961,25,9,0,3289.23
17877,5961,20,7,0,1702.19
17878,5961,24,12,0,9635.04
17879,5961,8,10,0,3873.3
17880,5962,7,6,15,2986.3
17881,5962,6,11,0,7241.19
17882,5962,20,2,0,486.34
17883,5963,20,2,0,486.34
17884,5963,22,12,0,1693.56
17885,5964,4,4,0,1140.84
17886,5964,5,11,0,4653.22
17887,5964,12,9,0,3527.19
17888,5964,24,10,15,6824.82
17889,5964,3,7,0,234.29
17890,5965,24,6,5,4576.64
17891,5965,9,4,10,876.53
17892,5966,10,4,0,3390.4
17893,5966,17,6,10,452.47
17894,5966,14,11,0,7465.37
17895,5966,26,6,0,3289.02
17896,5967,28,7,0,1707.79
17897,5967,21,1,10,728.07
17898,5967,17,8,0,670.32
17899,5967,5,1,0,423.02
17900,5967,18,8,0,4665.76
17901,5968,6,9,0,5924.61
17902,5968,18,4,0,2332.88
17903,5968,15,5,15,2525.44
17904,5968,11,2,0,741.72
17905,5968,17,4,0,335.16
17906,5969,13,4,0,606.52
17907,5970,9,5,0,1217.4
17908,5971,22,8,0,1129.04
17909,5971,8,5,0,1936.65
17910,5971,26,3,0,1644.51
17911,5971,2,8,0,284.24
17912,5971,1,11,10,6416.68
17913,5972,7,7,0,4098.85
17914,5972,22,7,0,987.91
17915,5973,29,6,5,4768.73
17916,5973,13,8,5,1152.39
17917,5974,18,7,0,4082.54
17918,5974,10,8,0,6780.8
17919,5974,27,2,0,693.98
17920,5974,17,12,0,1005.48
17921,5974,1,5,0,3240.75
17922,5975,29,12,0,10039.44
17923,5975,23,11,10,3722.4
17924,5976,18,8,10,4199.18
17925,5977,25,6,15,1863.9
17926,5977,26,11,0,6029.87
17927,5978,18,3,0,1749.66
17928,5978,14,7,10,4275.62
17929,5978,9,1,10,219.13
17930,5978,4,9,0,2566.89
17931,5978,10,3,0,2542.8
17932,5979,25,11,0,4020.17
17933,5979,22,7,0,987.91
17934,5980,15,10,15,5050.87
17935,5980,10,5,0,4238.0
17936,5980,12,12,10,4232.63
17937,5980,22,2,0,282.26
17938,5981,4,7,0,1996.47
17939,5981,23,7,0,2632.0
17940,5981,24,10,15,6824.82
17941,5981,1,2,0,1296.3
17942,5981,27,2,10,624.58
17943,5982,2,4,0,142.12
17944,5982,10,3,5,2415.66
17945,5983,15,6,0,3565.32
17946,5983,9,3,0,730.44
17947,5984,12,2,0,783.82
17948,5985,17,10,0,837.9
17949,5985,28,3,0,731.91
17950,5985,11,6,0,2225.16
17951,5985,20,10,0,2431.7
17952,5985,21,5,0,4044.85
17953,5986,23,5,0,1880.0
17954,5986,13,11,0,1667.93
17955,5986,18,11,0,6415.42
17956,5986,10,5,0,4238.0
17957,5987,17,3,0,251.37
17958,5987,16,6,0,1196.04
17959,5988,15,5,0,2971.1
17960,5988,8,2,0,774.66
17961,5988,21,2,0,1617.94
17962,5989,26,11,0,6029.87
17963,5989,13,12,0,1819.56
17964,5989,27,6,0,2081.94
17965,5989,21,2,5,1537.04
17966,5989,24,4,0,3211.68
17967,5990,5,9,0,3807.18
17968,5990,27,1,0,346.99
17969,5991,4,1,10,256.69
17970,5991,17,4,0,335.16
17971,5992,28,2,5,463.54
17972,5992,9,12,0,2921.76
17973,5992,1,10,0,6481.5
17974,5992,2,4,10,127.91
17975,5992,24,8,0,6423.36
17976,5993,15,9,0,5347.98
17977,5993,24,5,0,4014.6
17978,5993,14,2,10,1221.61
17979,5993,3,9,0,301.23
17980,5994,18,2,0,1166.44
17981,5994,9,5,0,1217.4
17982,5994,8,7,0,2711.31
17983,5994,4,11,0,3137.31
17984,5995,3,2,10,60.25
17985,5996,23,4,0,1504.0
17986,5996,24,4,0,3211.68
17987,5996,2,4,0,142.12
17988,5996,1,6,0,3888.9
17989,5996,9,5,0,1217.4
17990,5997,12,3,10,1058.16
17991,5998,23,4,0,1504.0
17992,5998,2,7,0,248.71
17993,5998,20,1,0,243.17
17994,5998,4,4,5,1083.8
17995,5998,16,1,0,199.34
17996,5999,6,5,0,3291.45
17997,5999,16,8,5,1514.98
17998,5999,15,8,0,4753.76
17999,5999,28,1,10,219.57
18000,6000,11,7,0,2596.02
18001,6001,23,7,0,2632.0
18002,6001,22,2,15,239.92
18003,6001,7,9,0,5269.95
18004,6001,5,4,10,1522.87
18005,6002,11,3,0,1112.58
18006,6002,24,12,0,9635.04
18007,6002,9,10,0,2434.8
18008,6002,28,6,0,1463.82
18009,6003,12,11,0,4311.01
18010,6003,10,8,0,6780.8
18011,6003,14,12,0,8144.04
18012,6003,15,2,10,1069.6
18013,6004,12,2,0,783.82
18014,6004,2,8,0,284.24
18015,6005,28,9,0,2195.73
18016,6005,13,9,0,1364.67
18017,6005,24,9,0,7226.28
18018,6006,10,11,0,9323.6
18019,6007,26,7,0,3837.19
18020,6007,22,10,0,1411.3
18021,6007,4,4,0,1140.84
18022,6007,9,1,0,243.48
18023,6007,1,4,0,2592.6
18024,6008,23,7,0,2632.0
18025,6008,8,5,0,1936.65
18026,6009,9,5,15,1034.79
18027,6009,19,10,0,5615.2
18028,6009,24,7,0,5620.44
18029,6009,1,8,0,5185.2
18030,6010,10,10,0,8476.0
18031,6010,2,2,0,71.06
18032,6010,29,7,0,5856.34
18033,6010,4,1,10,256.69
18034,6010,24,6,0,4817.52
18035,6011,15,10,15,5050.87
18036,6011,17,11,10,829.52
18037,6012,27,10,0,3469.9
18038,6012,24,1,0,802.92
18039,6012,11,10,0,3708.6
18040,6013,9,11,10,2410.45
18041,6013,2,1,0,35.53
18042,6013,29,4,5,3179.16
18043,6013,22,5,0,705.65
18044,6014,10,12,0,10171.2
18045,6015,14,2,0,1357.34
18046,6016,28,9,0,2195.73
18047,6016,19,10,0,5615.2
18048,6016,17,2,0,167.58
18049,6017,24,3,0,2408.76
18050,6017,14,10,10,6108.03
18051,6017,15,7,0,4159.54
18052,6017,29,8,0,6692.96
18053,6017,25,1,0,365.47
18054,6018,27,2,0,693.98
18055,6018,28,6,15,1244.25
18056,6019,9,4,0,973.92
18057,6019,1,11,0,7129.65
18058,6019,28,7,0,1707.79
18059,6019,19,12,0,6738.24
18060,6019,24,3,0,2408.76
18061,6020,2,7,0,248.71
18062,6020,10,1,0,847.6
18063,6021,29,7,0,5856.34
18064,6022,2,8,0,284.24
18065,6022,20,6,10,1313.12
18066,6022,12,5,0,1959.55
18067,6022,8,9,10,3137.37
18068,6022,15,1,0,594.22
18069,6023,27,4,0,1387.96
18070,6023,10,6,5,4831.32
18071,6024,10,5,0,4238.0
18072,6024,16,4,10,717.62
18073,6024,12,11,0,4311.01
18074,6024,17,10,0,837.9
18075,6024,13,11,5,1584.53
18076,6025,24,6,10,4335.77
18077,6025,8,8,0,3098.64
18078,6025,20,4,0,972.68
18079,6025,28,6,0,1463.82
18080,6026,1,5,0,3240.75
18081,6026,7,6,0,3513.3
18082,6026,27,5,0,1734.95
18083,6026,8,7,0,2711.31
18084,6027,16,2,0,398.68
18085,6027,7,1,0,585.55
18086,6027,5,3,0,1269.06
18087,6028,21,1,10,728.07
18088,6028,8,2,10,697.19
18089,6028,4,3,0,855.63
18090,6029,5,2,15,719.13
18091,6029,24,10,0,8029.2
18092,6030,22,11,5,1474.81
18093,6030,18,10,0,5832.2
18094,6030,23,12,0,4512.0
18095,6030,15,8,0,4753.76
18096,6030,2,10,0,355.3
18097,6031,3,6,10,180.74
18098,6031,20,10,0,2431.7
18099,6032,28,8,5,1854.17
18100,6032,19,2,15,954.58
18101,6032,1,8,5,4925.94
18102,6032,24,12,5,9153.29
18103,6033,15,6,0,3565.32
18104,6034,17,1,0,83.79
18105,6034,23,10,0,3760.0
18106,6034,3,5,10,150.62
18107,6034,9,2,5,462.61
18108,6035,11,1,0,370.86
18109,6035,10,6,0,5085.6
18110,6035,20,2,0,486.34
18111,6035,29,7,0,5856.34
18112,6036,5,11,0,4653.22
18113,6036,10,11,0,9323.6
18114,6037,25,4,0,1461.88
18115,6037,18,4,0,2332.88
18116,6037,10,8,0,6780.8
18117,6038,18,2,0,1166.44
18118,6038,5,9,0,3807.18
18119,6038,21,8,0,6471.76
18120,6039,10,8,0,6780.8
18121,6039,20,11,0,2674.87
18122,6039,14,7,0,4750.69
18123,6039,3,1,0,33.47
18124,6040,28,4,0,975.88
18125,6040,3,5,0,167.35
18126,6040,17,6,0,502.74
18127,6041,2,12,10,383.72
18128,6041,26,8,0,4385.36
18129,6041,12,11,0,4311.01
18130,6041,14,11,10,6718.83
18131,6041,24,11,0,8832.12
18132,6042,28,11,0,2683.67
18133,6043,29,1,0,836.62
18134,6043,23,4,0,1504.0
18135,6044,7,10,5,5562.72
18136,6044,27,7,5,2307.48
18137,6044,1,12,0,7777.8
18138,6045,19,6,0,3369.12
18139,6045,22,8,0,1129.04
18140,6045,5,5,5,2009.34
18141,6045,25,6,10,1973.54
18142,6046,1,9,10,5250.02
18143,6046,17,5,0,418.95
18144,6046,15,9,0,5347.98
18145,6047,7,5,0,2927.75
18146,6047,1,12,0,7777.8
18147,6047,3,8,0,267.76
18148,6047,11,12,0,4450.32
18149,6047,5,4,0,1692.08
18150,6048,19,2,5,1066.89
18151,6048,12,6,0,2351.46
18152,6048,1,7,0,4537.05
18153,6048,14,1,0,678.67
18154,6048,11,6,0,2225.16
18155,6049,19,8,15,3818.34
18156,6049,17,1,0,83.79
18157,6050,19,6,5,3200.66
18158,6050,13,10,0,1516.3
18159,6050,5,12,0,5076.24
18160,6050,4,5,0,1426.05
18161,6050,27,8,0,2775.92
18162,6051,18,2,0,1166.44
18163,6052,17,8,5,636.8
18164,6052,25,7,5,2430.38
18165,6052,1,5,10,2916.68
18166,6052,13,8,0,1213.04
18167,6052,27,6,0,2081.94
18168,6053,27,7,0,2428.93
18169,6053,16,6,0,1196.04
18170,6053,19,8,10,4042.94
18171,6054,26,8,0,4385.36
18172,6054,20,3,10,656.56
18173,6054,13,3,10,409.4
18174,6054,22,7,0,987.91
18175,6054,6,11,10,6517.07
18176,6055,2,9,0,319.77
18177,6055,5,6,0,2538.12
18178,6055,24,5,0,4014.6
18179,6056,29,10,0,8366.2
18180,6056,11,1,0,370.86
18181,6057,12,11,0,4311.01
18182,6057,23,7,0,2632.0
18183,6057,3,9,0,301.23
18184,6058,5,1,0,423.02
18185,6058,17,7,5,557.2
18186,6058,19,7,0,3930.64
18187,6058,15,12,0,7130.64
18188,6059,15,3,0,1782.66
18189,6059,17,11,0,921.69
18190,6059,21,12,10,8736.88
18191,6059,16,7,5,1325.61
18192,6059,22,2,0,282.26
18193,6060,25,7,0,2558.29
18194,6060,16,9,0,1794.06
18195,6061,22,8,15,959.68
18196,6061,15,8,0,4753.76
18197,6061,1,8,0,5185.2
18198,6061,24,8,0,6423.36
18199,6061,11,10,0,3708.6
18200,6062,15,11,0,6536.42
18201,6063,17,7,0,586.53
18202,6063,8,3,0,1161.99
18203,6063,12,7,0,2743.37
18204,6063,15,4,0,2376.88
18205,6063,5,8,0,3384.16
18206,6064,5,12,10,4568.62
18207,6064,27,8,0,2775.92
18208,6065,11,1,0,370.86
18209,6066,7,2,0,1171.1
18210,6066,9,3,0,730.44
18211,6066,28,9,0,2195.73
18212,6067,29,3,0,2509.86
18213,6067,5,11,10,4187.9
18214,6068,24,9,0,7226.28
18215,6068,9,11,0,2678.28
18216,6068,29,3,5,2384.37
18217,6068,10,5,5,4026.1
18218,6069,3,4,10,120.49
18219,6069,28,11,5,2549.49
18220,6070,16,3,5,568.12
18221,6071,23,4,5,1428.8
18222,6071,22,5,0,705.65
18223,6071,2,5,0,177.65
18224,6071,12,7,5,2606.2
18225,6071,9,1,0,243.48
18226,6072,22,7,10,889.12
18227,6073,6,11,0,7241.19
18228,6073,21,1,0,808.97
18229,6074,2,11,0,390.83
18230,6074,22,3,0,423.39
18231,6074,27,4,0,1387.96
18232,6075,13,7,10,955.27
18233,6075,5,6,0,2538.12
18234,6075,25,3,0,1096.41
18235,6075,20,10,0,2431.7
18236,6075,10,5,5,4026.1
18237,6076,6,6,0,3949.74
18238,6076,12,4,0,1567.64
18239,6076,13,8,5,1152.39
18240,6076,5,12,0,5076.24
18241,6076,21,1,0,808.97
18242,6077,6,5,0,3291.45
18243,6077,16,9,0,1794.06
18244,6077,1,9,0,5833.35
18245,6078,21,8,5,6148.17
18246,6078,26,6,0,3289.02
18247,6078,9,4,0,973.92
18248,6078,14,2,0,1357.34
18249,6078,1,2,0,1296.3
18250,6079,7,1,0,585.55
18251,6079,5,5,0,2115.1
18252,6079,25,3,0,1096.41
18253,6079,22,6,10,762.1
18254,6079,11,6,5,2113.9
18255,6080,12,1,0,391.91
18256,6080,20,6,0,1459.02
18257,6080,7,4,15,1990.87
18258,6080,25,8,0,2923.76
18259,6080,15,7,0,4159.54
18260,6081,7,6,10,3161.97
18261,6081,27,6,0,2081.94
18262,6082,13,9,0,1364.67
18263,6082,2,7,0,248.71
18264,6082,3,9,5,286.17
18265,6082,17,9,0,754.11
18266,6083,26,11,0,6029.87
18267,6084,16,12,0,2392.08
18268,6084,6,10,0,6582.9
18269,6085,6,4,5,2501.5
18270,6086,19,2,0,1123.04
18271,6087,17,9,0,754.11
18272,6087,11,7,0,2596.02
18273,6087,20,7,5,1617.08
18274,6088,14,9,0,6108.03
18275,6088,22,8,0,1129.04
18276,6089,17,3,0,251.37
18277,6089,1,9,5,5541.68
18278,6089,23,8,0,3008.0
18279,6089,9,4,0,973.92
18280,6090,7,5,0,2927.75
18281,6091,13,10,0,1516.3
18282,6091,9,6,5,1387.84
18283,6091,29,7,10,5270.71
18284,6092,16,8,0,1594.72
18285,6093,27,5,0,1734.95
18286,6093,26,5,0,2740.85
18287,6093,11,2,5,704.63
18288,6093,8,7,0,2711.31
18289,6094,18,3,0,1749.66
18290,6094,28,9,0,2195.73
18291,6095,1,8,10,4666.68
18292,6096,12,2,10,705.44
18293,6096,25,12,0,4385.64
18294,6096,29,1,5,794.79
18295,6097,20,5,10,1094.26
18296,6097,10,6,0,5085.6
18297,6097,25,11,0,4020.17
18298,6097,19,2,0,1123.04
18299,6098,24,11,0,8832.12
18300,6098,5,3,5,1205.61
18301,6099,29,2,0,1673.24
18302,6100,21,5,0,4044.85
18303,6100,7,6,0,3513.3
18304,6100,12,5,15,1665.62
18305,6101,14,9,0,6108.03
18306,6101,8,8,0,3098.64
18307,6101,10,10,0,8476.0
18308,6102,5,1,0,423.02
18309,6103,18,7,0,4082.54
18310,6103,28,3,0,731.91
18311,6103,9,8,0,1947.84
18312,6103,25,6,0,2192.82
18313,6104,25,2,0,730.94
18314,6105,15,11,0,6536.42
18315,6105,28,11,0,2683.67
18316,6105,11,10,0,3708.6
18317,6105,25,8,0,2923.76
18318,6106,11,1,0,370.86
18319,6106,23,4,5,1428.8
18320,6107,9,1,5,231.31
18321,6107,14,8,5,5157.89
18322,6107,7,9,0,5269.95
18323,6107,23,6,0,2256.0
18324,6108,8,4,0,1549.32
18325,6108,18,4,10,2099.59
18326,6108,24,1,0,802.92
18327,6108,3,10,0,334.7
18328,6108,27,6,5,1977.84
18329,6109,20,4,0,972.68
18330,6109,6,12,0,7899.48
18331,6110,14,9,0,6108.03
18332,6110,29,12,0,10039.44
18333,6110,21,11,0,8898.67
18334,6110,22,1,0,141.13
18335,6111,15,6,0,3565.32
18336,6111,24,8,0,6423.36
18337,6111,10,10,0,8476.0
18338,6112,11,7,0,2596.02
18339,6112,22,8,0,1129.04
18340,6113,4,6,0,1711.26
18341,6113,22,9,0,1270.17
18342,6113,14,12,5,7736.84
18343,6113,29,2,0,1673.24
18344,6113,5,10,0,4230.2
18345,6114,10,2,5,1610.44
18346,6115,27,10,0,3469.9
18347,6116,29,8,0,6692.96
18348,6116,6,11,10,6517.07
18349,6116,24,3,0,2408.76
18350,6116,15,1,0,594.22
18351,6116,12,10,10,3527.19
18352,6117,10,10,0,8476.0
18353,6118,2,9,0,319.77
18354,6119,17,3,0,251.37
18355,6119,8,4,0,1549.32
18356,6119,6,4,0,2633.16
18357,6120,22,8,0,1129.04
18358,6120,26,1,10,493.35
18359,6120,7,5,0,2927.75
18360,6120,6,10,0,6582.9
18361,6120,8,11,0,4260.63
18362,6121,17,10,15,712.22
18363,6121,18,6,0,3499.32
18364,6121,16,9,0,1794.06
18365,6121,15,3,0,1782.66
18366,6122,26,9,10,4440.18
18367,6122,4,11,0,3137.31
18368,6122,23,6,0,2256.0
18369,6123,18,7,0,4082.54
18370,6124,25,11,15,3417.14
18371,6124,7,8,0,4684.4
18372,6124,26,2,10,986.71
18373,6124,24,5,10,3613.14
18374,6124,14,10,0,6786.7
18375,6125,19,6,0,3369.12
18376,6125,4,8,0,2281.68
18377,6125,12,5,0,1959.55
18378,6125,28,12,10,2634.88
18379,6126,23,3,0,1128.0
18380,6126,26,5,0,2740.85
18381,6126,4,9,0,2566.89
18382,6127,20,10,0,2431.7
18383,6127,8,7,0,2711.31
18384,6128,6,6,0,3949.74
18385,6128,1,10,10,5833.35
18386,6129,8,4,5,1471.85
18387,6129,15,12,0,7130.64
18388,6129,19,2,0,1123.04
18389,6129,1,3,0,1944.45
18390,6129,27,5,0,1734.95
18391,6130,2,12,0,426.36
18392,6130,7,8,0,4684.4
18393,6130,3,4,0,133.88
18394,6130,20,11,0,2674.87
18395,6131,23,8,0,3008.0
18396,6131,18,3,0,1749.66
18397,6131,2,5,0,177.65
18398,6131,17,5,0,418.95
18399,6132,29,4,0,3346.48
18400,6132,3,11,0,368.17
18401,6132,25,6,0,2192.82
18402,6133,11,8,0,2966.88
18403,6133,17,9,0,754.11
18404,6133,26,8,0,4385.36
18405,6133,14,3,0,2036.01
18406,6133,18,10,0,5832.2
18407,6134,16,8,15,1355.51
18408,6134,7,2,0,1171.1
18409,6134,20,6,0,1459.02
18410,6135,20,4,0,972.68
18411,6135,23,9,0,3384.0
18412,6135,25,11,0,4020.17
18413,6136,7,10,0,5855.5
18414,6136,19,10,0,5615.2
18415,6137,7,9,15,4479.46
18416,6137,25,11,5,3819.16
18417,6137,24,1,0,802.92
18418,6138,8,5,0,1936.65
18419,6138,3,8,10,240.98
18420,6139,6,11,0,7241.19
18421,6140,12,10,0,3919.1
18422,6141,2,2,0,71.06
18423,6141,25,7,0,2558.29
18424,6141,6,12,5,7504.51
18425,6141,27,6,0,2081.94
18426,6141,3,8,0,267.76
18427,6142,18,3,0,1749.66
18428,6142,12,5,0,1959.55
18429,6142,15,3,0,1782.66
18430,6142,25,7,0,2558.29
18431,6143,15,3,0,1782.66
18432,6143,3,6,0,200.82
18433,6144,14,1,10,610.8
18434,6144,21,4,0,3235.88
18435,6145,18,1,0,583.22
18436,6145,1,10,5,6157.42
18437,6146,25,11,0,4020.17
18438,6146,9,1,0,243.48
18439,6146,18,2,0,1166.44
18440,6147,6,2,0,1316.58
18441,6147,19,12,10,6064.42
18442,6148,18,3,0,1749.66
18443,6148,12,7,0,2743.37
18444,6149,17,8,0,670.32
18445,6149,29,6,0,5019.72
18446,6149,9,7,0,1704.36
18447,6150,14,11,5,7092.1
18448,6151,4,10,0,2852.1
18449,6151,1,4,0,2592.6
18450,6152,2,9,0,319.77
18451,6152,18,12,10,6298.78
18452,6152,5,5,0,2115.1
18453,6152,23,8,0,3008.0
18454,6152,15,5,0,2971.1
18455,6153,19,9,0,5053.68
18456,6153,21,11,0,8898.67
18457,6153,22,4,0,564.52
18458,6153,18,11,0,6415.42
18459,6153,11,6,5,2113.9
18460,6154,3,12,0,401.64
18461,6154,13,8,5,1152.39
18462,6154,28,8,0,1951.76
18463,6154,22,2,0,282.26
18464,6155,18,1,0,583.22
18465,6155,19,3,0,1684.56
18466,6155,4,3,0,855.63
18467,6155,8,7,0,2711.31
18468,6155,21,3,0,2426.91
18469,6156,1,12,0,7777.8
18470,6156,2,4,0,142.12
18471,6156,13,7,0,1061.41
18472,6156,25,6,0,2192.82
18473,6157,28,3,0,731.91
18474,6157,19,10,0,5615.2
18475,6158,4,1,0,285.21
18476,6158,7,12,5,6675.27
18477,6158,8,11,10,3834.57
18478,6158,26,1,0,548.17
18479,6158,17,7,0,586.53
18480,6159,27,2,0,693.98
18481,6159,29,11,0,9202.82
18482,6159,10,5,0,4238.0
18483,6159,18,5,10,2624.49
18484,6160,4,8,10,2053.51
18485,6160,16,4,0,797.36
18486,6160,15,12,0,7130.64
18487,6160,13,12,0,1819.56
18488,6160,28,6,0,1463.82
18489,6161,16,12,10,2152.87
18490,6162,25,2,0,730.94
18491,6162,22,7,10,889.12
18492,6163,8,3,10,1045.79
18493,6163,17,12,0,1005.48
18494,6163,5,12,0,5076.24
18495,6163,21,12,10,8736.88
18496,6163,14,1,0,678.67
18497,6164,19,6,0,3369.12
18498,6164,24,5,0,4014.6
18499,6164,23,10,0,3760.0
18500,6164,26,4,0,2192.68
18501,6165,20,4,5,924.05
18502,6165,1,11,0,7129.65
18503,6165,2,10,5,337.54
18504,6166,22,5,5,670.37
18505,6167,2,3,10,95.93
18506,6167,6,12,5,7504.51
18507,6167,24,6,0,4817.52
18508,6167,3,3,0,100.41
18509,6167,9,9,0,2191.32
18510,6168,9,6,10,1314.79
18511,6168,8,8,0,3098.64
18512,6169,18,2,5,1108.12
18513,6169,3,4,0,133.88
18514,6169,25,4,0,1461.88
18515,6169,24,1,0,802.92
18516,6169,2,8,0,284.24
18517,6170,15,4,0,2376.88
18518,6170,16,11,0,2192.74
18519,6170,24,11,0,8832.12
18520,6171,7,4,5,2225.09
18521,6171,4,7,0,1996.47
18522,6172,11,3,5,1056.95
18523,6172,15,5,0,2971.1
18524,6173,3,1,0,33.47
18525,6173,26,11,15,5125.39
18526,6173,1,10,0,6481.5
18527,6174,18,12,0,6998.64
18528,6174,5,8,10,3045.74
18529,6175,12,4,0,1567.64
18530,6175,6,6,0,3949.74
18531,6176,5,7,0,2961.14
18532,6177,7,3,0,1756.65
18533,6177,28,6,0,1463.82
18534,6178,23,12,0,4512.0
18535,6178,20,2,0,486.34
18536,6178,8,6,0,2323.98
18537,6178,18,6,0,3499.32
18538,6179,18,1,10,524.9
18539,6179,16,10,0,1993.4
18540,6179,22,5,5,670.37
18541,6179,10,11,0,9323.6
18542,6180,25,3,0,1096.41
18543,6180,9,3,0,730.44
18544,6180,12,11,0,4311.01
18545,6181,27,6,0,2081.94
18546,6181,6,7,0,4608.03
18547,6181,17,5,0,418.95
18548,6182,16,10,15,1694.39
18549,6182,14,3,0,2036.01
18550,6182,4,6,0,1711.26
18551,6182,11,6,0,2225.16
18552,6182,9,2,0,486.96
18553,6183,9,9,0,2191.32
18554,6183,5,1,0,423.02
18555,6184,10,10,15,7204.6
18556,6185,25,1,0,365.47
18557,6185,23,6,5,2143.2
18558,6185,28,12,0,2927.64
18559,6186,7,10,0,5855.5
18560,6186,16,5,0,996.7
18561,6186,19,2,0,1123.04
18562,6187,24,2,0,1605.84
18563,6187,3,6,0,200.82
18564,6187,27,12,0,4163.88
18565,6187,5,8,0,3384.16
18566,6188,18,7,0,4082.54
18567,6189,25,9,5,3124.77
18568,6189,29,11,0,9202.82
18569,6190,6,7,0,4608.03
18570,6190,15,4,0,2376.88
18571,6190,4,1,0,285.21
18572,6191,8,12,0,4647.96
18573,6192,20,11,10,2407.38
18574,6193,5,12,10,4568.62
18575,6193,27,7,10,2186.04
18576,6193,28,4,0,975.88
18577,6194,11,8,10,2670.19
18578,6195,11,1,0,370.86
18579,6195,18,5,10,2624.49
18580,6195,5,3,0,1269.06
18581,6196,5,9,0,3807.18
18582,6196,18,11,0,6415.42
18583,6196,8,7,0,2711.31
18584,6196,28,9,0,2195.73
18585,6196,13,6,0,909.78
18586,6197,20,10,0,2431.7
18587,6197,8,8,5,2943.71
18588,6197,29,8,0,6692.96
18589,6197,10,2,0,1695.2
18590,6198,6,12,0,7899.48
18591,6198,21,7,0,5662.79
18592,6199,21,12,0,9707.64
18593,6200,15,1,0,594.22
18594,6201,20,12,0,2918.04
18595,6201,13,2,0,303.26
18596,6201,29,1,10,752.96
18597,6201,10,12,0,10171.2
18598,6202,7,8,0,4684.4
18599,6202,3,9,0,301.23
18600,6203,4,2,0,570.42
18601,6203,27,9,15,2654.47
18602,6203,20,10,0,2431.7
18603,6203,22,4,0,564.52
18604,6203,21,1,0,808.97
18605,6204,22,7,0,987.91
18606,6205,2,2,0,71.06
18607,6205,7,7,0,4098.85
18608,6205,14,9,10,5497.23
18609,6205,24,8,0,6423.36
18610,6205,18,12,0,6998.64
18611,6206,23,2,0,752.0
18612,6206,10,9,0,7628.4
18613,6206,5,11,0,4653.22
18614,6207,22,1,0,141.13
18615,6207,11,6,0,2225.16
18616,6207,4,11,0,3137.31
18617,6207,10,1,5,805.22
18618,6207,27,11,0,3816.89
18619,6208,19,9,0,5053.68
18620,6208,14,9,0,6108.03
18621,6208,28,3,0,731.91
18622,6208,26,7,0,3837.19
18623,6209,8,1,10,348.6
18624,6209,27,1,0,346.99
18625,6209,3,8,0,267.76
18626,6209,5,3,0,1269.06
18627,6209,22,12,0,1693.56
18628,6210,4,12,15,2909.14
18629,6211,1,8,5,4925.94
18630,6211,27,3,0,1040.97
18631,6211,18,11,0,6415.42
18632,6212,8,6,0,2323.98
18633,6212,2,7,15,211.4
18634,6213,22,9,0,1270.17
18635,6213,9,4,5,925.22
18636,6213,14,12,0,8144.04
18637,6213,24,12,0,9635.04
18638,6214,2,4,5,135.01
18639,6214,11,1,0,370.86
18640,6214,7,7,0,4098.85
18641,6214,10,10,0,8476.0
18642,6214,3,8,0,267.76
18643,6215,20,11,0,2674.87
18644,6215,13,10,0,1516.3
18645,6215,2,6,10,191.86
18646,6215,29,2,5,1589.58
18647,6215,24,11,0,8832.12
18648,6216,24,10,0,8029.2
18649,6216,27,9,0,3122.91
18650,6216,12,4,0,1567.64
18651,6217,28,5,0,1219.85
18652,6218,18,10,0,5832.2
18653,6218,1,1,0,648.15
18654,6218,6,7,0,4608.03
18655,6219,2,12,0,426.36
18656,6219,24,7,15,4777.37
18657,6219,6,8,0,5266.32
18658,6219,29,6,0,5019.72
18659,6219,25,2,10,657.85
18660,6220,3,8,5,254.37
18661,6220,17,2,0,167.58
18662,6220,10,2,0,1695.2
18663,6221,21,7,0,5662.79
18664,6221,1,1,5,615.74
18665,6221,2,6,0,213.18
18666,6222,27,7,10,2186.04
18667,6222,11,4,0,1483.44
18668,6222,22,5,0,705.65
18669,6223,5,1,10,380.72
18670,6223,2,11,0,390.83
18671,6223,26,11,0,6029.87
18672,6223,21,8,5,6148.17
18673,6223,18,4,5,2216.24
18674,6224,17,12,0,1005.48
18675,6225,8,9,0,3485.97
18676,6225,18,6,0,3499.32
18677,6225,26,7,0,3837.19
18678,6226,4,8,0,2281.68
18679,6226,23,12,0,4512.0
18680,6227,24,1,0,802.92
18681,6227,22,11,0,1552.43
18682,6228,22,8,0,1129.04
18683,6228,24,12,0,9635.04
18684,6228,7,9,0,5269.95
18685,6228,9,8,0,1947.84
18686,6229,28,7,0,1707.79
18687,6229,6,2,0,1316.58
18688,6230,8,8,0,3098.64
18689,6230,5,11,15,3955.24
18690,6230,15,3,10,1604.39
18691,6230,29,1,0,836.62
18692,6230,12,2,0,783.82
18693,6231,15,3,0,1782.66
18694,6232,28,6,0,1463.82
18695,6232,3,1,10,30.12
18696,6232,14,11,0,7465.37
18697,6233,21,10,0,8089.7
18698,6233,11,1,0,370.86
18699,6233,15,9,0,5347.98
18700,6234,9,11,0,2678.28
18701,6235,20,4,0,972.68
18702,6235,15,10,0,5942.2
18703,6235,16,8,0,1594.72
18704,6235,25,7,5,2430.38
18705,6235,23,11,0,4136.0
18706,6236,24,9,0,7226.28
18707,6236,20,8,5,1848.09
18708,6236,11,3,0,1112.58
18709,6236,9,5,0,1217.4
18710,6236,2,7,10,223.84
18711,6237,19,1,0,561.52
18712,6237,8,4,0,1549.32
18713,6238,11,9,0,3337.74
18714,6238,6,4,15,2238.19
18715,6239,22,1,0,141.13
18716,6240,11,5,0,1854.3
18717,6241,17,10,0,837.9
18718,6241,9,5,0,1217.4
18719,6242,15,8,0,4753.76
18720,6243,24,2,0,1605.84
18721,6243,28,8,0,1951.76
18722,6243,29,10,10,7529.58
18723,6244,4,6,0,1711.26
18724,6244,10,5,0,4238.0
18725,6244,20,7,0,1702.19
18726,6244,29,7,10,5270.71
18727,6245,25,8,0,2923.76
18728,6245,13,12,0,1819.56
18729,6245,28,4,0,975.88
18730,6245,5,6,0,2538.12
18731,6245,20,2,0,486.34
18732,6246,29,3,0,2509.86
18733,6246,11,3,0,1112.58
18734,6246,23,6,15,1917.6
18735,6246,16,3,0,598.02
18736,6247,13,1,0,151.63
18737,6247,2,1,0,35.53
18738,6247,6,3,0,1974.87
18739,6247,17,3,0,251.37
18740,6248,17,4,0,335.16
18741,6248,9,5,5,1156.53
18742,6249,8,12,0,4647.96
18743,6249,5,8,0,3384.16
18744,6249,20,8,5,1848.09
18745,6249,24,2,0,1605.84
18746,6250,20,11,0,2674.87
18747,6251,25,12,5,4166.36
18748,6251,10,1,5,805.22
18749,6251,21,5,0,4044.85
18750,6251,12,2,0,783.82
18751,6251,2,9,10,287.79
18752,6252,13,9,0,1364.67
18753,6252,25,1,0,365.47
18754,6253,1,7,5,4310.2
18755,6253,14,7,0,4750.69
18756,6253,15,1,5,564.51
18757,6253,16,12,5,2272.48
18758,6254,21,4,0,3235.88
18759,6254,7,10,15,4977.18
18760,6255,21,9,10,6552.66
18761,6255,7,5,5,2781.36
18762,6255,27,5,0,1734.95
18763,6255,22,8,0,1129.04
18764,6255,8,11,15,3621.54
18765,6256,13,9,0,1364.67
18766,6256,6,7,0,4608.03
18767,6256,24,4,0,3211.68
18768,6256,3,7,0,234.29
18769,6256,22,2,10,254.03
18770,6257,16,7,0,1395.38
18771,6257,15,10,5,5645.09
18772,6257,7,6,10,3161.97
18773,6257,18,9,15,4461.63
18774,6258,9,5,0,1217.4
18775,6258,3,3,0,100.41
18776,6258,23,1,0,376.0
18777,6259,16,12,0,2392.08
18778,6259,11,9,0,3337.74
18779,6259,28,3,0,731.91
18780,6260,25,7,15,2174.55
18781,6260,16,4,5,757.49
18782,6260,18,12,0,6998.64
18783,6260,14,2,10,1221.61
18784,6260,13,4,0,606.52
18785,6261,9,8,0,1947.84
18786,6261,27,2,0,693.98
18787,6262,26,4,0,2192.68
18788,6263,3,1,15,28.45
18789,6263,14,12,0,8144.04
18790,6263,5,3,0,1269.06
18791,6263,6,7,0,4608.03
18792,6263,19,11,10,5559.05
18793,6264,8,2,0,774.66
18794,6264,23,5,0,1880.0
18795,6264,1,2,0,1296.3
18796,6264,11,10,0,3708.6
18797,6264,28,4,0,975.88
18798,6265,4,1,0,285.21
18799,6265,7,7,0,4098.85
18800,6265,25,2,5,694.39
18801,6265,18,1,0,583.22
18802,6266,2,9,0,319.77
18803,6267,4,2,0,570.42
18804,6268,24,3,0,2408.76
18805,6268,11,12,0,4450.32
18806,6268,23,6,10,2030.4
18807,6268,19,7,0,3930.64
18808,6268,18,11,0,6415.42
18809,6269,11,5,0,1854.3
18810,6269,25,12,0,4385.64
18811,6270,17,9,0,754.11
18812,6270,7,11,0,6441.05
18813,6270,10,4,0,3390.4
18814,6270,28,5,5,1158.86
18815,6270,14,2,0,1357.34
18816,6271,16,2,15,338.88
18817,6271,3,5,0,167.35
18818,6271,5,2,0,846.04
18819,6272,24,2,0,1605.84
18820,6272,8,2,0,774.66
18821,6272,3,9,0,301.23
18822,6272,17,11,5,875.61
18823,6272,21,2,0,1617.94
18824,6273,13,2,0,303.26
18825,6273,23,12,5,4286.4
18826,6273,24,12,0,9635.04
18827,6274,3,11,0,368.17
18828,6274,9,2,0,486.96
18829,6274,25,8,0,2923.76
18830,6275,7,5,10,2634.98
18831,6276,6,9,0,5924.61
18832,6277,20,10,0,2431.7
18833,6278,16,7,0,1395.38
18834,6279,27,11,5,3626.05
18835,6279,21,9,10,6552.66
18836,6279,23,8,0,3008.0
18837,6280,8,1,0,387.33
18838,6281,24,6,0,4817.52
18839,6281,28,7,0,1707.79
18840,6281,8,5,0,1936.65
18841,6282,13,3,15,386.66
18842,6282,26,8,5,4166.09
18843,6283,20,10,0,2431.7
18844,6283,14,5,0,3393.35
18845,6283,1,1,0,648.15
18846,6283,2,8,10,255.82
18847,6284,14,4,5,2578.95
18848,6285,3,5,0,167.35
18849,6285,11,10,0,3708.6
18850,6285,25,11,0,4020.17
18851,6286,26,8,0,4385.36
18852,6286,23,1,15,319.6
18853,6286,6,10,0,6582.9
18854,6286,4,4,0,1140.84
18855,6286,12,4,0,1567.64
18856,6287,14,7,0,4750.69
18857,6287,27,12,0,4163.88
18858,6288,28,3,10,658.72
18859,6289,10,5,0,4238.0
18860,6289,19,2,10,1010.74
18861,6289,23,1,10,338.4
18862,6289,26,7,0,3837.19
18863,6290,4,7,10,1796.82
18864,6290,10,8,0,6780.8
18865,6291,12,12,15,3997.48
18866,6292,15,6,0,3565.32
18867,6293,25,2,10,657.85
18868,6293,15,11,5,6209.6
18869,6294,3,1,0,33.47
18870,6295,22,11,0,1552.43
18871,6295,14,6,0,4072.02
18872,6295,25,5,5,1735.98
18873,6295,28,7,0,1707.79
18874,6296,25,6,0,2192.82
18875,6296,6,4,0,2633.16
18876,6297,9,5,0,1217.4
18877,6297,14,1,0,678.67
18878,6297,20,1,0,243.17
18879,6297,13,5,5,720.24
18880,6298,9,7,0,1704.36
18881,6298,3,8,0,267.76
18882,6298,12,10,0,3919.1
18883,6298,23,5,10,1692.0
18884,6298,22,9,5,1206.66
18885,6299,12,9,0,3527.19
18886,6299,24,10,5,7627.74
18887,6299,10,5,0,4238.0
18888,6299,1,9,0,5833.35
18889,6299,25,5,0,1827.35
18890,6300,17,1,15,71.22
18891,6300,8,11,0,4260.63
18892,6300,15,4,0,2376.88
18893,6300,9,7,10,1533.92
18894,6301,1,1,0,648.15
18895,6302,23,2,0,752.0
18896,6303,19,11,0,6176.72
18897,6303,23,8,0,3008.0
18898,6304,27,10,0,3469.9
18899,6304,25,4,5,1388.79
18900,6304,11,4,10,1335.1
18901,6305,5,9,0,3807.18
18902,6305,24,2,10,1445.26
18903,6305,10,2,0,1695.2
18904,6305,20,2,0,486.34
18905,6306,10,12,0,10171.2
18906,6306,24,7,0,5620.44
18907,6306,16,1,0,199.34
18908,6306,9,1,0,243.48
18909,6306,3,5,10,150.62
18910,6307,5,2,0,846.04
18911,6307,1,5,0,3240.75
18912,6308,7,6,0,3513.3
18913,6309,5,8,5,3214.95
18914,6309,18,5,0,2916.1
18915,6309,11,4,0,1483.44
18916,6309,4,4,0,1140.84
18917,6310,21,5,0,4044.85
18918,6310,26,11,0,6029.87
18919,6310,12,10,0,3919.1
18920,6310,15,12,0,7130.64
18921,6310,27,7,10,2186.04
18922,6311,2,3,0,106.59
18923,6311,23,4,10,1353.6
18924,6311,28,10,0,2439.7
18925,6312,25,4,0,1461.88
18926,6313,9,4,0,973.92
18927,6313,26,1,10,493.35
18928,6313,23,1,5,357.2
18929,6314,3,10,0,334.7
18930,6314,11,3,0,1112.58
18931,6314,27,7,0,2428.93
18932,6314,14,11,0,7465.37
18933,6314,4,7,0,1996.47
18934,6315,10,12,0,10171.2
18935,6315,12,2,0,783.82
18936,6315,24,12,0,9635.04
18937,6315,3,10,0,334.7
18938,6316,26,4,0,2192.68
18939,6316,6,2,10,1184.92
18940,6316,19,8,0,4492.16
18941,6316,21,4,0,3235.88
18942,6317,10,12,0,10171.2
18943,6317,4,3,0,855.63
18944,6317,29,5,10,3764.79
18945,6317,16,9,0,1794.06
18946,6318,5,4,0,1692.08
18947,6318,17,12,0,1005.48
18948,6319,12,9,10,3174.47
18949,6319,28,7,0,1707.79
18950,6319,8,6,0,2323.98
18951,6320,28,3,0,731.91
18952,6320,29,8,0,6692.96
18953,6320,16,11,10,1973.47
18954,6320,19,7,0,3930.64
18955,6320,12,9,15,2998.11
18956,6321,14,5,10,3054.02
18957,6322,13,2,0,303.26
18958,6322,3,8,0,267.76
18959,6323,9,1,0,243.48
18960,6323,5,7,0,2961.14
18961,6323,3,1,0,33.47
18962,6323,25,6,0,2192.82
18963,6324,3,8,0,267.76
18964,6325,18,8,15,3965.9
18965,6325,20,10,0,2431.7
18966,6325,23,3,0,1128.0
18967,6326,29,7,5,5563.52
18968,6327,9,7,0,1704.36
18969,6328,29,10,5,7947.89
18970,6328,20,4,0,972.68
18971,6328,23,6,10,2030.4
18972,6328,16,5,10,897.03
18973,6328,24,7,0,5620.44
18974,6329,26,10,10,4933.53
18975,6329,3,9,0,301.23
18976,6330,19,1,0,561.52
18977,6330,26,2,0,1096.34
18978,6330,12,5,0,1959.55
18979,6330,2,11,0,390.83
18980,6331,23,6,0,2256.0
18981,6331,6,8,10,4739.69
18982,6331,8,1,15,329.23
18983,6332,20,12,10,2626.24
18984,6332,23,4,0,1504.0
18985,6332,27,5,0,1734.95
18986,6332,4,11,5,2980.44
18987,6332,12,3,0,1175.73
18988,6333,2,12,15,362.41
18989,6334,16,12,0,2392.08
18990,6334,13,10,0,1516.3
18991,6334,21,3,0,2426.91
18992,6334,22,6,0,846.78
18993,6335,5,6,0,2538.12
18994,6336,23,7,0,2632.0
18995,6336,17,1,0,83.79
18996,6337,12,2,0,783.82
18997,6338,2,2,5,67.51
18998,6339,12,2,0,783.82
18999,6339,23,7,5,2500.4
19000,6339,28,2,0,487.94
19001,6339,22,10,15,1199.6
19002,6340,2,5,0,177.65
19003,6340,10,5,0,4238.0
19004,6340,16,12,0,2392.08
19005,6340,11,10,0,3708.6
19006,6340,14,11,5,7092.1
19007,6341,28,2,10,439.15
19008,6341,21,4,5,3074.09
19009,6342,16,9,0,1794.06
19010,6342,17,3,0,251.37
19011,6342,22,11,0,1552.43
19012,6342,4,4,0,1140.84
19013,6342,5,9,0,3807.18
19014,6343,2,10,5,337.54
19015,6343,29,10,0,8366.2
19016,6343,26,1,0,548.17
19017,6343,13,11,0,1667.93
19018,6344,10,7,10,5339.88
19019,6344,7,8,0,4684.4
19020,6344,27,3,5,988.92
19021,6344,15,4,0,2376.88
19022,6344,9,11,15,2276.54
19023,6345,11,5,0,1854.3
19024,6346,10,2,0,1695.2
19025,6346,1,8,5,4925.94
19026,6346,28,11,10,2415.3
19027,6346,2,8,0,284.24
19028,6346,23,11,5,3929.2
19029,6347,14,6,0,4072.02
19030,6347,13,6,0,909.78
19031,6347,1,12,0,7777.8
19032,6347,19,7,15,3341.04
19033,6348,22,3,0,423.39
19034,6348,7,2,0,1171.1
19035,6349,25,3,0,1096.41
19036,6349,3,3,0,100.41
19037,6349,21,1,5,768.52
19038,6349,9,7,0,1704.36
19039,6349,14,4,0,2714.68
19040,6350,7,12,10,6323.94
19041,6350,17,7,0,586.53
19042,6350,3,5,0,167.35
19043,6350,28,2,0,487.94
19044,6350,14,8,10,4886.42
19045,6351,3,1,0,33.47
19046,6351,18,3,0,1749.66
19047,6352,7,2,0,1171.1
19048,6352,9,12,5,2775.67
19049,6352,16,11,0,2192.74
19050,6353,21,7,0,5662.79
19051,6353,26,9,15,4193.5
19052,6354,13,10,0,1516.3
19053,6354,20,2,0,486.34
19054,6354,6,7,0,4608.03
19055,6354,10,8,0,6780.8
19056,6354,4,7,15,1697.0
19057,6355,13,3,0,454.89
19058,6355,6,4,0,2633.16
19059,6356,9,12,0,2921.76
19060,6357,24,11,0,8832.12
19061,6357,14,3,0,2036.01
19062,6358,29,3,0,2509.86
19063,6358,19,11,0,6176.72
19064,6358,10,7,0,5933.2
19065,6358,14,8,0,5429.36
19066,6358,5,2,0,846.04
19067,6359,17,4,0,335.16
19068,6359,8,8,0,3098.64
19069,6359,5,10,0,4230.2
19070,6359,21,5,0,4044.85
19071,6359,15,10,0,5942.2
19072,6360,21,6,0,4853.82
19073,6360,20,3,10,656.56
19074,6360,25,3,15,931.95
19075,6360,24,6,5,4576.64
19076,6360,1,3,0,1944.45
19077,6361,15,5,0,2971.1
19078,6361,16,5,0,996.7
19079,6361,14,11,0,7465.37
19080,6362,8,12,0,4647.96
19081,6362,9,11,10,2410.45
19082,6363,4,7,10,1796.82
19083,6363,28,9,0,2195.73
19084,6363,2,2,0,71.06
19085,6363,11,2,0,741.72
19086,6363,24,2,0,1605.84
19087,6364,28,1,0,243.97
19088,6364,10,7,0,5933.2
19089,6365,18,12,0,6998.64
19090,6365,7,9,0,5269.95
19091,6365,22,1,0,141.13
19092,6365,6,6,10,3554.77
19093,6365,14,9,0,6108.03
19094,6366,13,6,0,909.78
19095,6367,19,10,0,5615.2
19096,6367,13,11,0,1667.93
19097,6367,1,11,10,6416.68
19098,6368,9,11,0,2678.28
19099,6369,17,8,0,670.32
19100,6369,18,9,10,4724.08
19101,6370,16,3,0,598.02
19102,6371,13,12,5,1728.58
19103,6372,21,7,0,5662.79
19104,6372,20,4,5,924.05
19105,6372,3,8,0,267.76
19106,6373,28,3,0,731.91
19107,6373,19,12,0,6738.24
19108,6373,21,7,0,5662.79
19109,6373,6,7,0,4608.03
19110,6374,5,3,0,1269.06
19111,6374,20,4,5,924.05
19112,6375,1,2,0,1296.3
19113,6375,29,9,0,7529.58
19114,6375,2,1,10,31.98
19115,6376,6,6,0,3949.74
19116,6376,15,11,0,6536.42
19117,6376,21,10,0,8089.7
19118,6377,29,8,0,6692.96
19119,6377,25,4,0,1461.88
19120,6377,2,12,0,426.36
19121,6377,28,8,0,1951.76
19122,6378,3,10,0,334.7
19123,6378,4,6,0,1711.26
19124,6379,25,6,0,2192.82
19125,6379,9,2,0,486.96
19126,6379,13,10,0,1516.3
19127,6380,15,12,0,7130.64
19128,6380,6,8,0,5266.32
19129,6380,26,5,0,2740.85
19130,6381,22,2,0,282.26
19131,6382,4,8,0,2281.68
19132,6382,22,1,0,141.13
19133,6382,27,4,0,1387.96
19134,6382,7,12,0,7026.6
19135,6383,26,6,5,3124.57
19136,6383,16,7,0,1395.38
19137,6384,1,2,0,1296.3
19138,6384,4,2,0,570.42
19139,6384,24,3,0,2408.76
19140,6384,25,6,0,2192.82
19141,6385,19,4,0,2246.08
19142,6385,21,4,10,2912.29
19143,6386,20,1,0,243.17
19144,6386,12,6,0,2351.46
19145,6386,17,7,0,586.53
19146,6386,13,4,15,515.54
19147,6386,26,1,0,548.17
19148,6387,5,10,0,4230.2
19149,6387,24,3,0,2408.76
19150,6388,24,3,0,2408.76
19151,6388,15,9,0,5347.98
19152,6388,3,8,5,254.37
19153,6388,25,4,10,1315.69
19154,6388,19,3,0,1684.56
19155,6389,29,8,0,6692.96
19156,6390,1,9,5,5541.68
19157,6390,14,4,0,2714.68
19158,6390,27,2,0,693.98
19159,6390,15,3,10,1604.39
19160,6390,24,11,0,8832.12
19161,6391,2,6,0,213.18
19162,6391,14,5,10,3054.02
19163,6391,7,9,0,5269.95
19164,6391,27,6,0,2081.94
19165,6392,9,8,0,1947.84
19166,6393,14,10,0,6786.7
19167,6394,17,5,5,398.0
19168,6394,19,3,10,1516.1
19169,6394,13,9,0,1364.67
19170,6394,28,8,15,1659.0
19171,6394,10,5,15,3602.3
19172,6395,4,7,0,1996.47
19173,6396,20,8,0,1945.36
19174,6396,12,10,10,3527.19
19175,6397,3,11,0,368.17
19176,6397,29,7,0,5856.34
19177,6398,23,10,10,3384.0
19178,6398,25,12,0,4385.64
19179,6399,22,6,0,846.78
19180,6399,14,2,0,1357.34
19181,6399,18,11,0,6415.42
19182,6400,5,6,15,2157.4
19183,6401,26,2,0,1096.34
19184,6401,8,10,0,3873.3
19185,6401,15,5,0,2971.1
19186,6401,20,12,0,2918.04
19187,6401,14,9,0,6108.03
19188,6402,7,3,15,1493.15
19189,6402,1,7,10,4083.34
19190,6403,28,1,0,243.97
19191,6404,25,8,0,2923.76
19192,6405,29,6,5,4768.73
19193,6405,17,1,0,83.79
19194,6406,14,4,15,2307.48
19195,6406,6,1,0,658.29
19196,6406,20,12,0,2918.04
19197,6406,10,4,0,3390.4
19198,6406,11,11,0,4079.46
19199,6407,12,11,10,3879.91
19200,6407,29,5,0,4183.1
19201,6408,2,4,0,142.12
19202,6408,25,10,0,3654.7
19203,6408,3,2,0,66.94
19204,6409,13,9,10,1228.2
19205,6409,17,1,0,83.79
19206,6410,16,7,0,1395.38
19207,6411,7,2,0,1171.1
19208,6411,28,7,0,1707.79
19209,6412,2,7,0,248.71
19210,6412,20,9,0,2188.53
19211,6412,26,8,0,4385.36
19212,6412,1,12,0,7777.8
19213,6412,4,11,0,3137.31
19214,6413,25,4,0,1461.88
19215,6413,28,1,10,219.57
19216,6414,21,5,0,4044.85
19217,6414,9,2,0,486.96
19218,6414,2,1,10,31.98
19219,6415,2,7,10,223.84
19220,6415,15,5,0,2971.1
19221,6415,21,10,0,8089.7
19222,6415,28,8,0,1951.76
19223,6416,7,5,0,2927.75
19224,6416,26,5,10,2466.76
19225,6416,4,12,0,3422.52
19226,6416,29,6,0,5019.72
19227,6416,6,9,0,5924.61
19228,6417,1,12,0,7777.8
19229,6417,28,11,0,2683.67
19230,6417,7,2,0,1171.1
19231,6418,14,3,0,2036.01
19232,6418,13,10,5,1440.48
19233,6418,11,7,0,2596.02
19234,6419,4,9,10,2310.2
19235,6419,3,1,0,33.47
19236,6420,22,2,0,282.26
19237,6420,6,2,5,1250.75
19238,6420,13,6,0,909.78
19239,6421,28,7,0,1707.79
19240,6421,12,10,0,3919.1
19241,6421,23,10,15,3196.0
19242,6421,3,12,10,361.48
19243,6421,15,7,0,4159.54
19244,6422,17,2,0,167.58
19245,6422,3,6,0,200.82
19246,6423,7,3,10,1580.98
19247,6423,24,12,0,9635.04
19248,6423,15,4,10,2139.19
19249,6424,12,11,0,4311.01
19250,6424,2,9,0,319.77
19251,6425,28,9,15,1866.37
19252,6425,2,4,0,142.12
19253,6425,15,8,0,4753.76
19254,6425,27,11,0,3816.89
19255,6425,18,8,0,4665.76
19256,6426,16,6,0,1196.04
19257,6426,22,5,0,705.65
19258,6427,3,8,10,240.98
19259,6427,11,7,0,2596.02
19260,6427,7,3,0,1756.65
19261,6428,1,10,0,6481.5
19262,6428,22,6,10,762.1
19263,6429,28,2,15,414.75
19264,6430,10,6,0,5085.6
19265,6430,4,9,0,2566.89
19266,6430,7,11,0,6441.05
19267,6431,3,8,0,267.76
19268,6431,10,12,0,10171.2
19269,6431,22,9,0,1270.17
19270,6431,15,9,0,5347.98
19271,6432,11,1,10,333.77
19272,6432,7,4,0,2342.2
19273,6432,4,2,0,570.42
19274,6432,6,8,0,5266.32
19275,6433,11,1,0,370.86
19276,6433,7,4,0,2342.2
19277,6433,18,1,0,583.22
19278,6433,23,5,0,1880.0
19279,6433,12,6,0,2351.46
19280,6434,11,1,0,370.86
19281,6434,14,12,0,8144.04
19282,6434,23,10,0,3760.0
19283,6434,27,8,0,2775.92
19284,6434,16,2,0,398.68
19285,6435,1,2,0,1296.3
19286,6435,6,5,10,2962.3
19287,6435,18,3,10,1574.69
19288,6435,9,3,0,730.44
19289,6436,28,12,0,2927.64
19290,6436,21,6,0,4853.82
19291,6436,24,12,10,8671.54
19292,6437,19,10,0,5615.2
19293,6437,24,3,0,2408.76
19294,6437,9,1,15,206.96
19295,6438,20,10,0,2431.7
19296,6438,2,7,0,248.71
19297,6438,9,8,10,1753.06
19298,6439,12,10,0,3919.1
19299,6439,1,10,0,6481.5
19300,6439,29,2,10,1505.92
19301,6439,14,2,0,1357.34
19302,6440,4,9,0,2566.89
19303,6440,20,4,0,972.68
19304,6440,16,1,0,199.34
19305,6440,19,12,0,6738.24
19306,6440,12,5,10,1763.6
19307,6441,27,7,10,2186.04
19308,6441,10,3,0,2542.8
19309,6441,1,8,0,5185.2
19310,6441,5,5,0,2115.1
19311,6442,1,2,0,1296.3
19312,6443,27,10,0,3469.9
19313,6443,17,6,0,502.74
19314,6443,25,9,0,3289.23
19315,6443,2,10,0,355.3
19316,6443,13,8,0,1213.04
19317,6444,12,11,15,3664.36
19318,6444,15,3,0,1782.66
19319,6444,11,3,0,1112.58
19320,6445,21,7,10,5096.51
19321,6445,25,12,0,4385.64
19322,6446,24,1,0,802.92
19323,6446,16,1,0,199.34
19324,6446,3,9,0,301.23
19325,6446,2,4,0,142.12
19326,6447,25,11,0,4020.17
19327,6447,7,12,0,7026.6
19328,6447,3,2,0,66.94
19329,6447,15,3,0,1782.66
19330,6448,6,10,0,6582.9
19331,6448,11,10,10,3337.74
19332,6448,18,12,0,6998.64
19333,6448,21,4,5,3074.09
19334,6448,12,1,10,352.72
19335,6449,6,7,0,4608.03
19336,6449,24,2,0,1605.84
19337,6449,22,12,0,1693.56
19338,6450,5,12,0,5076.24
19339,6450,10,10,0,8476.0
19340,6451,11,10,0,3708.6
19341,6451,14,10,0,6786.7
19342,6451,9,3,0,730.44
19343,6451,1,8,10,4666.68
19344,6452,23,12,0,4512.0
19345,6452,15,7,0,4159.54
19346,6452,10,1,10,762.84
19347,6453,28,9,10,1976.16
19348,6453,6,11,0,7241.19
19349,6454,7,9,0,5269.95
19350,6454,6,11,0,7241.19
19351,6454,3,6,0,200.82
19352,6454,2,3,0,106.59
19353,6454,13,9,0,1364.67
19354,6455,10,10,0,8476.0
19355,6455,28,9,5,2085.94
19356,6455,16,7,0,1395.38
19357,6455,15,9,0,5347.98
19358,6455,23,11,0,4136.0
19359,6456,25,4,10,1315.69
19360,6456,4,10,0,2852.1
19361,6456,11,8,0,2966.88
19362,6457,18,1,0,583.22
19363,6457,24,12,0,9635.04
19364,6458,14,8,0,5429.36
19365,6459,8,10,0,3873.3
19366,6459,27,10,10,3122.91
19367,6459,26,10,0,5481.7
19368,6460,27,5,0,1734.95
19369,6460,8,6,0,2323.98
19370,6460,17,8,0,670.32
19371,6461,4,5,10,1283.44
19372,6461,9,5,15,1034.79
19373,6461,3,2,10,60.25
19374,6462,8,7,0,2711.31
19375,6462,22,10,0,1411.3
19376,6462,23,3,0,1128.0
19377,6462,12,12,0,4702.92
19378,6463,9,11,10,2410.45
19379,6463,21,6,0,4853.82
19380,6463,11,5,5,1761.58
19381,6463,28,11,0,2683.67
19382,6464,19,10,0,5615.2
19383,6464,8,2,0,774.66
19384,6464,3,12,0,401.64
19385,6465,27,4,0,1387.96
19386,6465,18,6,15,2974.42
19387,6465,24,10,0,8029.2
19388,6466,16,10,15,1694.39
19389,6466,13,9,0,1364.67
19390,6467,10,12,10,9154.08
19391,6467,16,1,0,199.34
19392,6467,3,8,0,267.76
19393,6467,4,10,5,2709.5
19394,6467,5,12,5,4822.43
19395,6468,17,6,0,502.74
19396,6468,18,9,5,4986.53
19397,6468,4,6,5,1625.7
19398,6468,8,8,0,3098.64
19399,6469,29,6,15,4266.76
19400,6469,24,7,15,4777.37
19401,6469,17,11,15,783.44
19402,6469,13,9,0,1364.67
19403,6470,19,9,0,5053.68
19404,6470,20,5,0,1215.85
19405,6470,25,4,0,1461.88
19406,6470,16,5,0,996.7
19407,6471,23,12,0,4512.0
19408,6471,26,4,0,2192.68
19409,6471,2,1,0,35.53
19410,6471,24,8,0,6423.36
19411,6472,17,11,0,921.69
19412,6473,1,7,0,4537.05
19413,6473,6,2,5,1250.75
19414,6473,16,11,0,2192.74
19415,6473,17,11,0,921.69
19416,6474,29,11,0,9202.82
19417,6474,18,1,10,524.9
19418,6474,9,11,0,2678.28
19419,6475,14,9,0,6108.03
19420,6475,7,9,10,4742.96
19421,6475,23,4,0,1504.0
19422,6475,1,7,5,4310.2
19423,6476,10,4,5,3220.88
19424,6476,14,4,0,2714.68
19425,6477,14,6,0,4072.02
19426,6477,5,5,0,2115.1
19427,6477,24,1,0,802.92
19428,6477,20,4,0,972.68
19429,6477,12,4,0,1567.64
19430,6478,13,10,10,1364.67
19431,6478,3,6,0,200.82
19432,6478,11,3,0,1112.58
19433,6478,22,9,0,1270.17
19434,6478,26,6,0,3289.02
19435,6479,26,4,0,2192.68
19436,6479,14,2,0,1357.34
19437,6480,20,6,5,1386.07
19438,6480,23,4,0,1504.0
19439,6480,11,3,0,1112.58
19440,6480,6,8,0,5266.32
19441,6481,14,2,0,1357.34
19442,6481,20,5,0,1215.85
19443,6481,24,10,0,8029.2
19444,6482,3,10,0,334.7
19445,6482,1,12,0,7777.8
19446,6482,8,1,5,367.96
19447,6483,23,4,0,1504.0
19448,6483,16,5,5,946.86
19449,6484,22,5,0,705.65
19450,6485,18,1,0,583.22
19451,6485,3,10,5,317.96
19452,6485,20,4,0,972.68
19453,6486,4,6,0,1711.26
19454,6486,22,6,0,846.78
19455,6486,17,12,0,1005.48
19456,6487,17,1,5,79.6
19457,6487,7,1,5,556.27
19458,6488,19,5,0,2807.6
19459,6488,7,2,0,1171.1
19460,6488,8,4,0,1549.32
19461,6488,15,7,0,4159.54
19462,6489,28,10,15,2073.74
19463,6489,11,5,10,1668.87
19464,6489,1,8,5,4925.94
19465,6490,20,3,0,729.51
19466,6491,14,4,5,2578.95
19467,6491,27,11,0,3816.89
19468,6491,20,10,0,2431.7
19469,6491,8,2,0,774.66
19470,6491,23,11,0,4136.0
19471,6492,23,7,10,2368.8
19472,6493,17,12,0,1005.48
19473,6493,3,7,10,210.86
19474,6493,23,2,5,714.4
19475,6493,15,3,10,1604.39
19476,6494,10,11,5,8857.42
19477,6494,12,4,0,1567.64
19478,6494,24,11,10,7948.91
19479,6494,5,12,0,5076.24
19480,6494,19,11,0,6176.72
19481,6495,3,5,10,150.62
19482,6495,6,5,0,3291.45
19483,6495,17,7,0,586.53
19484,6495,29,9,10,6776.62
19485,6496,21,11,10,8008.8
19486,6496,13,1,0,151.63
19487,6497,28,6,0,1463.82
19488,6497,14,6,0,4072.02
19489,6497,8,10,0,3873.3
19490,6498,18,7,0,4082.54
19491,6498,22,4,0,564.52
19492,6499,20,1,5,231.01
19493,6499,15,8,10,4278.38
19494,6499,24,8,15,5459.86
19495,6499,28,8,0,1951.76
19496,6500,2,11,0,390.83
19497,6500,22,5,0,705.65
19498,6500,7,4,0,2342.2
19499,6500,24,4,5,3051.1
19500,6500,4,11,0,3137.31
19501,6501,27,4,0,1387.96
19502,6501,20,10,10,2188.53
19503,6501,28,12,0,2927.64
19504,6501,16,10,5,1893.73
19505,6502,21,1,0,808.97
19506,6502,20,1,0,243.17
19507,6502,9,9,0,2191.32
19508,6502,16,3,0,598.02
19509,6503,21,7,0,5662.79
19510,6503,8,10,0,3873.3
19511,6504,5,7,0,2961.14
19512,6504,9,10,0,2434.8
19513,6505,9,3,0,730.44
19514,6505,7,1,0,585.55
19515,6506,26,6,0,3289.02
19516,6506,2,11,0,390.83
19517,6506,14,1,0,678.67
19518,6507,10,10,0,8476.0
19519,6507,16,1,5,189.37
19520,6507,14,7,0,4750.69
19521,6507,18,11,0,6415.42
19522,6508,20,6,15,1240.17
19523,6509,6,1,0,658.29
19524,6509,2,1,0,35.53
19525,6510,13,5,0,758.15
19526,6510,15,5,0,2971.1
19527,6511,8,7,0,2711.31
19528,6511,28,10,0,2439.7
19529,6511,17,8,15,569.77
19530,6511,5,3,0,1269.06
19531,6512,20,12,0,2918.04
19532,6512,9,2,0,486.96
19533,6513,2,11,0,390.83
19534,6513,1,4,0,2592.6
19535,6514,22,10,0,1411.3
19536,6514,5,12,15,4314.8
19537,6515,11,3,10,1001.32
19538,6515,20,10,0,2431.7
19539,6515,12,7,5,2606.2
19540,6515,28,11,10,2415.3
19541,6515,25,10,0,3654.7
19542,6516,13,6,0,909.78
19543,6517,13,3,0,454.89
19544,6518,25,1,10,328.92
19545,6519,4,9,0,2566.89
19546,6519,17,4,5,318.4
19547,6520,23,12,0,4512.0
19548,6520,8,5,0,1936.65
19549,6520,3,3,0,100.41
19550,6520,7,8,0,4684.4
19551,6521,7,5,15,2488.59
19552,6521,5,10,0,4230.2
19553,6521,4,9,0,2566.89
19554,6522,19,9,0,5053.68
19555,6522,21,8,0,6471.76
19556,6522,6,3,0,1974.87
19557,6522,2,9,0,319.77
19558,6522,15,3,0,1782.66
19559,6523,29,3,0,2509.86
19560,6523,22,3,0,423.39
19561,6524,8,12,15,3950.77
19562,6524,24,12,5,9153.29
19563,6524,4,12,0,3422.52
19564,6524,7,1,0,585.55
19565,6524,11,2,10,667.55
19566,6525,6,9,0,5924.61
19567,6525,2,1,0,35.53
19568,6525,11,5,5,1761.58
19569,6525,8,5,10,1742.98
19570,6525,19,7,0,3930.64
19571,6526,18,9,0,5248.98
19572,6526,1,10,0,6481.5
19573,6526,16,6,0,1196.04
19574,6527,23,8,10,2707.2
19575,6527,7,7,10,3688.96
19576,6527,9,1,0,243.48
19577,6528,15,12,0,7130.64
19578,6528,24,1,0,802.92
19579,6528,10,11,5,8857.42
19580,6528,3,7,0,234.29
19581,6529,15,3,0,1782.66
19582,6529,29,12,0,10039.44
19583,6529,22,11,0,1552.43
19584,6529,23,5,0,1880.0
19585,6530,23,6,0,2256.0
19586,6530,6,8,0,5266.32
19587,6531,13,8,0,1213.04
19588,6531,9,12,0,2921.76
19589,6531,1,5,10,2916.68
19590,6531,27,8,0,2775.92
19591,6531,11,8,0,2966.88
19592,6532,4,1,0,285.21
19593,6532,19,8,5,4267.55
19594,6532,9,1,0,243.48
19595,6533,6,5,0,3291.45
19596,6533,2,7,0,248.71
19597,6533,19,6,0,3369.12
19598,6533,27,8,0,2775.92
19599,6533,26,8,0,4385.36
19600,6534,11,2,0,741.72
19601,6534,15,3,0,1782.66
19602,6534,29,10,10,7529.58
19603,6534,12,9,0,3527.19
19604,6535,13,3,0,454.89
19605,6535,27,9,5,2966.76
19606,6535,5,5,10,1903.59
19607,6535,15,3,0,1782.66
19608,6536,1,10,0,6481.5
19609,6537,29,7,0,5856.34
19610,6537,27,11,0,3816.89
19611,6538,17,5,10,377.06
19612,6538,19,2,0,1123.04
19613,6538,9,8,0,1947.84
19614,6538,15,1,10,534.8
19615,6539,24,8,15,5459.86
19616,6539,14,2,0,1357.34
19617,6540,20,1,0,243.17
19618,6540,16,6,0,1196.04
19619,6540,18,7,0,4082.54
19620,6540,9,12,0,2921.76
19621,6541,13,9,5,1296.44
19622,6541,15,1,5,564.51
19623,6541,6,4,0,2633.16
19624,6541,17,2,0,167.58
19625,6541,24,12,0,9635.04
19626,6542,25,7,0,2558.29
19627,6542,24,5,0,4014.6
19628,6542,14,8,0,5429.36
19629,6542,19,10,0,5615.2
19630,6543,24,3,0,2408.76
19631,6544,6,4,0,2633.16
19632,6544,27,2,0,693.98
19633,6544,10,3,0,2542.8
19634,6544,8,5,0,1936.65
19635,6544,14,3,5,1934.21
19636,6545,14,4,0,2714.68
19637,6545,19,6,15,2863.75
19638,6545,10,11,0,9323.6
19639,6546,27,7,0,2428.93
19640,6547,13,10,0,1516.3
19641,6548,25,9,0,3289.23
19642,6548,28,11,0,2683.67
19643,6548,11,5,0,1854.3
19644,6548,17,9,0,754.11
19645,6548,27,1,0,346.99
19646,6549,8,12,0,4647.96
19647,6550,13,12,0,1819.56
19648,6551,3,8,0,267.76
19649,6551,14,2,5,1289.47
19650,6551,15,6,10,3208.79
19651,6551,24,3,5,2288.32
19652,6552,27,11,0,3816.89
19653,6552,25,2,0,730.94
19654,6552,14,12,0,8144.04
19655,6552,2,1,0,35.53
19656,6553,5,5,5,2009.34
19657,6554,9,9,0,2191.32
19658,6554,29,10,0,8366.2
19659,6554,21,6,0,4853.82
19660,6554,12,12,5,4467.77
19661,6555,10,8,0,6780.8
19662,6555,8,12,15,3950.77
19663,6555,3,3,0,100.41
19664,6555,12,11,0,4311.01
19665,6556,18,11,0,6415.42
19666,6557,14,2,0,1357.34
19667,6558,13,1,0,151.63
19668,6559,22,2,0,282.26
19669,6560,16,1,10,179.41
19670,6560,21,12,0,9707.64
19671,6560,28,3,5,695.31
19672,6561,14,3,0,2036.01
19673,6562,13,10,10,1364.67
19674,6562,3,8,10,240.98
19675,6562,17,3,0,251.37
19676,6563,3,12,0,401.64
19677,6563,9,11,0,2678.28
19678,6564,21,2,0,1617.94
19679,6565,7,10,0,5855.5
19680,6565,12,8,5,2978.52
19681,6566,4,8,0,2281.68
19682,6566,6,5,0,3291.45
19683,6566,3,11,5,349.76
19684,6566,15,8,5,4516.07
19685,6566,5,11,15,3955.24
19686,6567,24,11,0,8832.12
19687,6567,6,4,10,2369.84
19688,6567,23,10,0,3760.0
19689,6568,29,12,10,9035.5
19690,6568,28,8,0,1951.76
19691,6568,6,12,0,7899.48
19692,6568,9,5,0,1217.4
19693,6568,21,5,0,4044.85
19694,6569,5,3,0,1269.06
19695,6569,27,7,0,2428.93
19696,6569,13,11,0,1667.93
19697,6570,17,12,0,1005.48
19698,6570,4,5,0,1426.05
19699,6570,10,11,10,8391.24
19700,6570,15,11,0,6536.42
19701,6570,29,3,0,2509.86
19702,6571,2,7,10,223.84
19703,6572,14,12,15,6922.43
19704,6572,27,4,5,1318.56
19705,6572,18,8,0,4665.76
19706,6573,24,2,0,1605.84
19707,6573,21,4,0,3235.88
19708,6573,7,4,0,2342.2
19709,6574,4,8,0,2281.68
19710,6574,5,7,0,2961.14
19711,6575,19,11,0,6176.72
19712,6575,27,10,0,3469.9
19713,6575,18,8,0,4665.76
19714,6575,4,7,5,1896.65
19715,6575,3,9,0,301.23
19716,6576,13,1,0,151.63
19717,6576,2,9,0,319.77
19718,6576,12,6,0,2351.46
19719,6576,28,6,0,1463.82
19720,6577,29,5,0,4183.1
19721,6577,5,10,0,4230.2
19722,6577,19,11,0,6176.72
19723,6577,16,1,10,179.41
19724,6578,27,5,10,1561.46
19725,6578,9,10,0,2434.8
19726,6578,1,12,0,7777.8
19727,6578,17,7,10,527.88
19728,6578,19,9,15,4295.63
19729,6579,25,5,0,1827.35
19730,6579,21,10,0,8089.7
19731,6579,27,10,0,3469.9
19732,6580,25,4,0,1461.88
19733,6581,21,7,0,5662.79
19734,6581,10,3,15,2161.38
19735,6581,22,5,0,705.65
19736,6581,16,12,0,2392.08
19737,6581,11,1,0,370.86
19738,6582,13,5,5,720.24
19739,6582,8,5,0,1936.65
19740,6582,12,6,0,2351.46
19741,6582,29,1,10,752.96
19742,6583,7,9,0,5269.95
19743,6583,25,7,0,2558.29
19744,6583,21,4,5,3074.09
19745,6583,27,3,0,1040.97
19746,6583,11,5,0,1854.3
19747,6584,10,3,0,2542.8
19748,6584,29,8,0,6692.96
19749,6584,11,12,10,4005.29
19750,6585,25,2,0,730.94
19751,6586,21,12,0,9707.64
19752,6587,7,9,0,5269.95
19753,6588,19,9,0,5053.68
19754,6588,28,10,0,2439.7
19755,6588,26,9,10,4440.18
19756,6588,9,11,0,2678.28
19757,6589,9,4,15,827.83
19758,6589,19,3,10,1516.1
19759,6589,16,2,0,398.68
19760,6589,4,4,15,969.71
19761,6589,26,6,10,2960.12
19762,6590,3,2,10,60.25
19763,6590,15,9,0,5347.98
19764,6590,22,11,10,1397.19
19765,6590,28,4,15,829.5
19766,6591,4,12,0,3422.52
19767,6591,3,12,5,381.56
19768,6591,5,4,0,1692.08
19769,6591,28,11,10,2415.3
19770,6592,15,1,0,594.22
19771,6592,28,1,0,243.97
19772,6592,25,3,0,1096.41
19773,6592,29,3,0,2509.86
19774,6592,17,11,0,921.69
19775,6593,15,3,0,1782.66
19776,6593,5,6,0,2538.12
19777,6593,10,10,0,8476.0
19778,6594,19,1,0,561.52
19779,6594,3,6,5,190.78
19780,6595,8,9,0,3485.97
19781,6595,6,3,0,1974.87
19782,6595,13,10,0,1516.3
19783,6596,19,2,0,1123.04
19784,6596,25,12,10,3947.08
19785,6596,15,10,15,5050.87
19786,6596,18,3,0,1749.66
19787,6596,2,2,0,71.06
19788,6597,7,11,0,6441.05
19789,6597,2,5,0,177.65
19790,6597,29,10,0,8366.2
19791,6597,13,12,0,1819.56
19792,6598,12,5,0,1959.55
19793,6598,18,7,0,4082.54
19794,6598,24,1,0,802.92
19795,6598,7,5,0,2927.75
19796,6599,6,8,0,5266.32
19797,6599,16,2,0,398.68
19798,6600,15,5,10,2673.99
19799,6600,25,11,0,4020.17
19800,6600,29,8,0,6692.96
19801,6600,5,3,0,1269.06
19802,6600,20,2,15,413.39
19803,6601,26,8,0,4385.36
19804,6602,10,9,0,7628.4
19805,6602,20,1,0,243.17
19806,6602,26,5,0,2740.85
19807,6603,17,3,5,238.8
19808,6603,19,7,0,3930.64
19809,6603,8,8,0,3098.64
19810,6603,1,7,0,4537.05
19811,6603,4,10,0,2852.1
19812,6604,25,8,10,2631.38
19813,6604,23,10,0,3760.0
19814,6604,29,9,0,7529.58
19815,6604,4,9,0,2566.89
19816,6604,26,8,0,4385.36
19817,6605,10,5,0,4238.0
19818,6605,1,6,0,3888.9
19819,6605,14,9,0,6108.03
19820,6606,18,2,10,1049.8
19821,6606,10,4,0,3390.4
19822,6606,6,5,0,3291.45
19823,6607,23,12,0,4512.0
19824,6607,12,10,0,3919.1
19825,6608,3,1,0,33.47
19826,6608,6,12,10,7109.53
19827,6608,10,6,0,5085.6
19828,6608,22,10,0,1411.3
19829,6609,10,6,0,5085.6
19830,6609,16,11,0,2192.74
19831,6609,29,2,0,1673.24
19832,6609,8,12,5,4415.56
19833,6610,19,7,0,3930.64
19834,6610,8,4,0,1549.32
19835,6610,27,9,0,3122.91
19836,6611,9,3,5,693.92
19837,6612,1,5,5,3078.71
19838,6612,6,5,0,3291.45
19839,6612,26,8,0,4385.36
19840,6612,7,10,0,5855.5
19841,6612,18,4,0,2332.88
19842,6613,4,7,0,1996.47
19843,6613,29,2,0,1673.24
19844,6613,22,2,0,282.26
19845,6614,3,7,0,234.29
19846,6614,20,3,0,729.51
19847,6614,9,12,0,2921.76
19848,6614,15,3,0,1782.66
19849,6614,21,12,0,9707.64
19850,6615,1,1,0,648.15
19851,6615,14,11,0,7465.37
19852,6615,26,7,0,3837.19
19853,6615,28,6,0,1463.82
19854,6616,10,1,0,847.6
19855,6616,14,6,0,4072.02
19856,6616,17,4,0,335.16
19857,6616,20,2,15,413.39
19858,6616,18,7,0,4082.54
19859,6617,10,8,0,6780.8
19860,6617,23,11,0,4136.0
19861,6618,15,1,15,505.09
19862,6618,9,4,0,973.92
19863,6619,9,11,0,2678.28
19864,6619,23,12,0,4512.0
19865,6620,8,9,0,3485.97
19866,6621,18,5,0,2916.1
19867,6621,28,5,0,1219.85
19868,6622,29,4,0,3346.48
19869,6622,22,2,0,282.26
19870,6622,8,2,0,774.66
19871,6622,17,3,0,251.37
19872,6623,7,9,15,4479.46
19873,6623,17,12,0,1005.48
19874,6624,12,3,0,1175.73
19875,6624,10,9,0,7628.4
19876,6624,9,8,0,1947.84
19877,6624,17,9,0,754.11
19878,6624,13,1,0,151.63
19879,6625,7,6,0,3513.3
19880,6626,18,10,0,5832.2
19881,6626,17,9,0,754.11
19882,6626,5,6,0,2538.12
19883,6627,5,4,15,1438.27
19884,6627,8,6,0,2323.98
19885,6627,22,7,0,987.91
19886,6627,10,6,0,5085.6
19887,6628,9,9,0,2191.32
19888,6629,25,11,0,4020.17
19889,6629,23,9,0,3384.0
19890,6629,20,3,0,729.51
19891,6629,9,6,0,1460.88
19892,6629,4,3,0,855.63
19893,6630,3,12,0,401.64
19894,6630,22,9,5,1206.66
19895,6630,5,7,10,2665.03
19896,6630,6,7,0,4608.03
19897,6630,9,10,0,2434.8
19898,6631,9,5,0,1217.4
19899,6631,25,7,5,2430.38
19900,6631,15,10,0,5942.2
19901,6631,17,12,0,1005.48
19902,6631,6,10,10,5924.61
19903,6632,4,9,10,2310.2
19904,6632,6,9,10,5332.15
19905,6633,8,5,0,1936.65
19906,6633,23,8,0,3008.0
19907,6633,7,1,0,585.55
19908,6633,13,6,0,909.78
19909,6633,27,3,0,1040.97
19910,6634,4,11,0,3137.31
19911,6635,8,10,0,3873.3
19912,6635,9,9,5,2081.75
19913,6636,16,12,0,2392.08
19914,6637,27,12,0,4163.88
19915,6637,16,3,0,598.02
19916,6638,5,7,5,2813.08
19917,6638,17,9,0,754.11
19918,6638,6,7,0,4608.03
19919,6638,24,5,0,4014.6
19920,6639,25,9,0,3289.23
19921,6639,12,7,0,2743.37
19922,6639,8,3,0,1161.99
19923,6639,19,7,0,3930.64
19924,6640,15,3,15,1515.26
19925,6640,17,8,0,670.32
19926,6640,22,3,5,402.22
19927,6641,10,1,0,847.6
19928,6641,20,12,10,2626.24
19929,6641,5,4,15,1438.27
19930,6641,11,3,15,945.69
19931,6642,15,8,5,4516.07
19932,6642,5,9,0,3807.18
19933,6642,1,4,0,2592.6
19934,6642,6,5,0,3291.45
19935,6643,11,7,0,2596.02
19936,6644,26,4,10,1973.41
19937,6644,17,4,0,335.16
19938,6644,21,5,10,3640.36
19939,6644,7,11,0,6441.05
19940,6644,16,11,0,2192.74
19941,6645,14,8,0,5429.36
19942,6645,17,4,0,335.16
19943,6645,8,6,15,1975.38
19944,6646,12,11,10,3879.91
19945,6646,18,3,0,1749.66
19946,6647,19,11,0,6176.72
19947,6647,1,12,0,7777.8
19948,6647,10,1,0,847.6
19949,6647,26,1,0,548.17
19950,6648,4,6,0,1711.26
19951,6648,24,9,0,7226.28
19952,6649,27,8,0,2775.92
19953,6649,12,4,0,1567.64
19954,6649,24,1,0,802.92
19955,6649,25,3,0,1096.41
19956,6649,20,8,0,1945.36
19957,6650,4,3,0,855.63
19958,6650,2,9,0,319.77
19959,6651,7,5,0,2927.75
19960,6652,26,1,0,548.17
19961,6652,21,12,0,9707.64
19962,6652,12,3,0,1175.73
19963,6653,20,5,0,1215.85
19964,6653,17,7,0,586.53
19965,6653,7,9,0,5269.95
19966,6654,13,10,0,1516.3
19967,6654,26,8,0,4385.36
19968,6655,17,5,0,418.95
19969,6656,5,8,5,3214.95
19970,6656,12,9,15,2998.11
19971,6656,19,9,5,4801.0
19972,6656,21,2,5,1537.04
19973,6657,4,11,15,2666.71
19974,6657,6,5,5,3126.88
19975,6657,18,7,0,4082.54
19976,6657,20,11,0,2674.87
19977,6658,13,7,0,1061.41
19978,6658,16,6,10,1076.44
19979,6658,14,7,5,4513.16
19980,6658,24,10,0,8029.2
19981,6658,29,1,0,836.62
19982,6659,2,11,0,390.83
19983,6659,23,5,0,1880.0
19984,6659,12,12,0,4702.92
19985,6659,16,11,5,2083.1
19986,6659,9,7,0,1704.36
19987,6660,28,4,0,975.88
19988,6660,10,3,10,2288.52
19989,6661,13,2,0,303.26
19990,6661,2,12,0,426.36
19991,6661,18,3,15,1487.21
19992,6661,29,5,0,4183.1
19993,6661,26,9,10,4440.18
19994,6662,5,9,10,3426.46
19995,6662,11,8,5,2818.54
19996,6662,23,12,0,4512.0
19997,6663,3,11,10,331.35
19998,6664,16,4,15,677.76
19999,6664,21,11,10,8008.8
20000,6665,16,10,5,1893.73
20001,6665,19,10,0,5615.2
20002,6665,13,11,0,1667.93
20003,6666,14,7,10,4275.62
20004,6666,15,5,0,2971.1
20005,6667,25,1,0,365.47
20006,6667,21,11,0,8898.67
20007,6667,19,9,10,4548.31
20008,6667,11,10,0,3708.6
20009,6668,26,2,0,1096.34
20010,6669,10,4,0,3390.4
20011,6670,3,9,0,301.23
20012,6670,16,1,0,199.34
20013,6670,14,12,0,8144.04
20014,6670,11,2,0,741.72
20015,6670,25,4,0,1461.88
20016,6671,8,2,0,774.66
20017,6671,6,7,0,4608.03
20018,6671,23,3,0,1128.0
20019,6671,28,9,0,2195.73
20020,6672,14,7,5,4513.16
20021,6672,28,9,0,2195.73
20022,6672,1,10,0,6481.5
20023,6673,14,2,10,1221.61
20024,6673,22,1,0,141.13
20025,6673,15,9,0,5347.98
20026,6673,12,11,0,4311.01
20027,6673,17,1,0,83.79
20028,6674,3,4,0,133.88
20029,6674,20,8,0,1945.36
20030,6675,26,7,0,3837.19
20031,6675,8,8,0,3098.64
20032,6675,10,1,0,847.6
20033,6676,17,8,10,603.29
20034,6676,9,3,0,730.44
20035,6676,21,9,0,7280.73
20036,6676,27,8,0,2775.92
20037,6677,11,10,0,3708.6
20038,6677,8,7,0,2711.31
20039,6677,19,11,0,6176.72
20040,6678,18,12,0,6998.64
20041,6678,27,10,0,3469.9
20042,6678,22,11,0,1552.43
20043,6678,13,5,10,682.34
20044,6679,14,6,10,3664.82
20045,6679,26,10,10,4933.53
20046,6679,6,10,0,6582.9
20047,6679,25,6,0,2192.82
20048,6679,19,6,0,3369.12
20049,6680,13,11,0,1667.93
20050,6680,25,4,0,1461.88
20051,6680,27,12,0,4163.88
20052,6681,21,10,0,8089.7
20053,6681,10,12,0,10171.2
20054,6682,20,2,0,486.34
20055,6682,7,5,0,2927.75
20056,6682,4,9,0,2566.89
20057,6682,28,6,0,1463.82
20058,6683,12,9,15,2998.11
20059,6684,29,3,0,2509.86
20060,6684,7,12,0,7026.6
20061,6684,3,6,10,180.74
20062,6685,1,3,0,1944.45
20063,6685,3,1,0,33.47
20064,6685,18,8,0,4665.76
20065,6686,6,3,0,1974.87
20066,6686,10,2,0,1695.2
20067,6686,7,7,10,3688.96
20068,6686,15,11,15,5555.96
20069,6686,25,6,0,2192.82
20070,6687,8,11,0,4260.63
20071,6687,23,12,10,4060.8
20072,6687,11,3,10,1001.32
20073,6687,3,2,0,66.94
20074,6687,26,5,5,2603.81
20075,6688,24,5,10,3613.14
20076,6688,8,12,0,4647.96
20077,6688,14,5,5,3223.68
20078,6688,7,6,5,3337.64
20079,6689,25,1,5,347.2
20080,6689,8,11,0,4260.63
20081,6690,6,10,0,6582.9
20082,6690,20,5,0,1215.85
20083,6690,13,8,0,1213.04
20084,6690,16,4,0,797.36
20085,6691,11,3,0,1112.58
20086,6691,23,5,0,1880.0
20087,6691,26,1,0,548.17
20088,6691,14,4,0,2714.68
20089,6691,13,12,10,1637.6
20090,6692,6,3,10,1777.38
20091,6692,27,12,10,3747.49
20092,6693,7,5,0,2927.75
20093,6693,16,1,0,199.34
20094,6693,21,12,5,9222.26
20095,6694,9,4,5,925.22
20096,6694,24,7,0,5620.44
20097,6694,19,4,0,2246.08
20098,6694,12,5,0,1959.55
20099,6694,26,11,0,6029.87
20100,6695,19,5,0,2807.6
20101,6695,6,2,0,1316.58
20102,6695,3,3,0,100.41
20103,6695,2,12,0,426.36
20104,6695,16,2,0,398.68
20105,6696,10,6,0,5085.6
20106,6697,7,6,0,3513.3
20107,6697,16,8,0,1594.72
20108,6698,15,10,0,5942.2
20109,6698,23,1,0,376.0
20110,6698,7,12,0,7026.6
20111,6698,28,1,0,243.97
20112,6698,22,5,0,705.65
20113,6699,25,5,5,1735.98
20114,6699,23,2,10,676.8
20115,6699,4,3,0,855.63
20116,6699,13,11,5,1584.53
20117,6699,9,4,0,973.92
20118,6700,16,7,0,1395.38
20119,6700,10,1,0,847.6
20120,6700,2,2,0,71.06
20121,6701,27,2,5,659.28
20122,6702,10,5,10,3814.2
20123,6702,4,9,0,2566.89
20124,6703,7,2,0,1171.1
20125,6703,12,4,0,1567.64
20126,6703,11,4,0,1483.44
20127,6703,15,10,5,5645.09
20128,6704,20,7,0,1702.19
20129,6704,11,12,0,4450.32
20130,6704,5,3,0,1269.06
20131,6704,18,8,5,4432.47
20132,6704,4,7,0,1996.47
20133,6705,19,8,0,4492.16
20134,6705,29,4,15,2844.51
20135,6706,8,2,0,774.66
20136,6707,29,10,0,8366.2
20137,6707,6,2,15,1119.09
20138,6708,1,9,10,5250.02
20139,6708,24,2,0,1605.84
20140,6709,4,5,0,1426.05
20141,6710,28,1,15,207.37
20142,6710,12,3,5,1116.94
20143,6710,9,10,5,2313.06
20144,6710,18,9,5,4986.53
20145,6710,26,10,0,5481.7
20146,6711,24,11,15,7507.3
20147,6711,28,9,0,2195.73
20148,6711,19,12,0,6738.24
20149,6711,7,2,0,1171.1
20150,6711,10,10,0,8476.0
20151,6712,6,5,0,3291.45
20152,6712,26,6,5,3124.57
20153,6712,19,3,10,1516.1
20154,6712,20,4,5,924.05
20155,6713,1,11,0,7129.65
20156,6714,21,9,10,6552.66
20157,6715,4,4,0,1140.84
20158,6715,2,6,0,213.18
20159,6716,26,2,0,1096.34
20160,6716,11,8,0,2966.88
20161,6717,3,11,0,368.17
20162,6717,29,7,0,5856.34
20163,6717,17,8,10,603.29
20164,6717,1,1,0,648.15
20165,6718,24,8,10,5781.02
20166,6719,26,12,5,6249.14
20167,6719,2,9,0,319.77
20168,6720,13,2,10,272.93
20169,6720,25,9,0,3289.23
20170,6720,12,8,0,3135.28
20171,6720,9,5,10,1095.66
20172,6720,10,1,0,847.6
20173,6721,13,4,0,606.52
20174,6722,4,1,0,285.21
20175,6722,11,4,0,1483.44
20176,6723,2,6,0,213.18
20177,6723,12,7,0,2743.37
20178,6723,27,1,0,346.99
20179,6723,5,8,0,3384.16
20180,6723,25,2,0,730.94
20181,6724,18,7,10,3674.29
20182,6724,24,6,5,4576.64
20183,6724,20,1,0,243.17
20184,6724,22,12,0,1693.56
20185,6725,29,12,0,10039.44
20186,6725,20,3,0,729.51
20187,6725,16,6,0,1196.04
20188,6726,21,3,15,2062.87
20189,6726,4,4,0,1140.84
20190,6726,11,2,0,741.72
20191,6726,20,7,0,1702.19
20192,6727,22,2,15,239.92
20193,6727,17,7,0,586.53
20194,6728,10,11,0,9323.6
20195,6728,21,9,0,7280.73
20196,6728,18,12,0,6998.64
20197,6728,23,2,0,752.0
20198,6729,23,6,5,2143.2
20199,6730,18,1,0,583.22
20200,6730,5,4,5,1607.48
20201,6730,12,10,0,3919.1
20202,6730,17,10,0,837.9
20203,6731,12,7,10,2469.03
20204,6732,24,1,0,802.92
20205,6733,9,7,0,1704.36
20206,6733,6,10,0,6582.9
20207,6733,7,7,0,4098.85
20208,6734,3,4,0,133.88
20209,6734,16,12,5,2272.48
20210,6734,29,3,5,2384.37
20211,6734,19,4,0,2246.08
20212,6734,11,4,0,1483.44
20213,6735,25,1,0,365.47
20214,6736,21,9,0,7280.73
20215,6736,28,1,0,243.97
20216,6736,16,1,0,199.34
20217,6737,18,5,0,2916.1
20218,6738,13,7,15,902.2
20219,6738,11,4,0,1483.44
20220,6738,17,4,0,335.16
20221,6738,29,3,0,2509.86
20222,6738,28,4,5,927.09
20223,6739,3,7,5,222.58
20224,6740,29,5,0,4183.1
20225,6740,14,5,0,3393.35
20226,6740,18,12,15,5948.84
20227,6740,20,9,0,2188.53
20228,6741,2,4,5,135.01
20229,6741,26,10,0,5481.7
20230,6741,18,11,0,6415.42
20231,6741,5,3,0,1269.06
20232,6741,23,4,0,1504.0
20233,6742,22,12,0,1693.56
20234,6742,16,1,0,199.34
20235,6742,18,10,15,4957.37
20236,6742,28,8,5,1854.17
20237,6742,3,3,0,100.41
20238,6743,22,9,0,1270.17
20239,6743,9,12,0,2921.76
20240,6743,7,3,10,1580.98
20241,6744,2,6,0,213.18
20242,6744,12,6,0,2351.46
20243,6744,22,2,5,268.15
20244,6745,15,10,0,5942.2
20245,6746,7,5,0,2927.75
20246,6746,8,9,10,3137.37
20247,6747,9,7,5,1619.14
20248,6747,1,8,0,5185.2
20249,6748,5,9,0,3807.18
20250,6748,28,12,0,2927.64
20251,6749,12,10,0,3919.1
20252,6749,19,11,0,6176.72
20253,6749,22,4,10,508.07
20254,6749,10,3,0,2542.8
20255,6750,23,1,0,376.0
20256,6751,7,7,0,4098.85
20257,6751,24,5,0,4014.6
20258,6752,21,5,0,4044.85
20259,6752,26,7,0,3837.19
20260,6752,29,7,0,5856.34
20261,6752,5,5,0,2115.1
20262,6752,12,9,0,3527.19
20263,6753,4,12,15,2909.14
20264,6753,5,5,0,2115.1
20265,6753,22,2,0,282.26
20266,6753,9,7,0,1704.36
20267,6754,8,3,10,1045.79
20268,6755,12,2,0,783.82
20269,6755,20,8,0,1945.36
20270,6756,12,10,0,3919.1
20271,6756,27,8,0,2775.92
20272,6757,20,2,0,486.34
20273,6758,2,5,0,177.65
20274,6758,22,1,0,141.13
20275,6758,17,9,0,754.11
20276,6758,28,2,0,487.94
20277,6758,18,2,0,1166.44
20278,6759,4,2,0,570.42
20279,6759,1,6,5,3694.45
20280,6759,14,8,0,5429.36
20281,6760,19,12,0,6738.24
20282,6760,16,4,5,757.49
20283,6760,5,12,0,5076.24
20284,6761,18,7,0,4082.54
20285,6762,1,2,0,1296.3
20286,6763,8,4,0,1549.32
20287,6764,19,9,0,5053.68
20288,6765,6,12,0,7899.48
20289,6765,3,12,0,401.64
20290,6765,27,1,10,312.29
20291,6765,11,6,0,2225.16
20292,6766,24,7,5,5339.42
20293,6766,29,6,0,5019.72
20294,6766,28,5,0,1219.85
20295,6767,7,9,0,5269.95
20296,6767,1,4,0,2592.6
20297,6767,22,7,0,987.91
20298,6767,14,9,0,6108.03
20299,6768,3,8,0,267.76
20300,6768,2,8,0,284.24
20301,6769,1,4,0,2592.6
20302,6770,13,11,0,1667.93
20303,6770,23,11,15,3515.6
20304,6770,5,6,5,2411.21
20305,6771,21,6,5,4611.13
20306,6771,1,11,0,7129.65
20307,6771,29,7,0,5856.34
20308,6771,20,7,0,1702.19
20309,6771,4,1,10,256.69
20310,6772,17,2,5,159.2
20311,6773,27,11,0,3816.89
20312,6773,6,3,0,1974.87
20313,6773,25,3,15,931.95
20314,6773,16,8,0,1594.72
20315,6774,21,9,0,7280.73
20316,6774,4,7,0,1996.47
20317,6775,8,5,0,1936.65
20318,6775,3,11,0,368.17
20319,6775,13,3,0,454.89
20320,6775,6,12,5,7504.51
20321,6776,25,12,5,4166.36
20322,6776,23,4,10,1353.6
20323,6776,5,7,0,2961.14
20324,6776,12,9,5,3350.83
20325,6777,6,11,0,7241.19
20326,6777,25,1,0,365.47
20327,6777,19,10,0,5615.2
20328,6778,16,1,0,199.34
20329,6778,1,10,0,6481.5
20330,6778,22,4,0,564.52
20331,6778,29,5,0,4183.1
20332,6779,11,10,0,3708.6
20333,6779,27,2,0,693.98
20334,6779,14,7,0,4750.69
20335,6779,10,11,0,9323.6
20336,6779,22,6,0,846.78
20337,6780,18,2,0,1166.44
20338,6781,29,1,10,752.96
20339,6781,8,4,0,1549.32
20340,6781,15,5,0,2971.1
20341,6782,12,9,0,3527.19
20342,6782,8,5,0,1936.65
20343,6782,29,4,10,3011.83
20344,6783,5,8,0,3384.16
20345,6783,24,1,0,802.92
20346,6783,6,1,0,658.29
20347,6783,22,12,0,1693.56
20348,6784,15,10,0,5942.2
20349,6784,7,6,0,3513.3
20350,6784,26,12,0,6578.04
20351,6784,2,11,0,390.83
20352,6785,14,5,0,3393.35
20353,6786,10,6,0,5085.6
20354,6786,24,5,5,3813.87
20355,6786,6,5,0,3291.45
20356,6786,9,10,10,2191.32
20357,6786,25,12,0,4385.64
20358,6787,12,6,0,2351.46
20359,6787,29,5,0,4183.1
20360,6787,15,3,0,1782.66
20361,6787,14,2,0,1357.34
20362,6787,23,12,0,4512.0
20363,6788,1,12,0,7777.8
20364,6788,21,12,0,9707.64
20365,6788,16,6,5,1136.24
20366,6788,3,7,0,234.29
20367,6789,19,3,0,1684.56
20368,6789,23,9,0,3384.0
20369,6789,26,1,5,520.76
20370,6790,6,12,10,7109.53
20371,6790,19,12,0,6738.24
20372,6790,10,2,0,1695.2
20373,6790,25,11,0,4020.17
20374,6791,19,5,0,2807.6
20375,6791,27,8,0,2775.92
20376,6791,13,10,0,1516.3
20377,6792,26,10,0,5481.7
20378,6792,2,3,0,106.59
20379,6792,10,4,5,3220.88
20380,6793,16,7,10,1255.84
20381,6794,18,4,0,2332.88
20382,6794,6,3,0,1974.87
20383,6794,25,7,0,2558.29
20384,6794,22,5,0,705.65
20385,6794,13,12,0,1819.56
20386,6795,27,11,0,3816.89
20387,6796,26,2,0,1096.34
20388,6797,6,9,0,5924.61
20389,6797,27,2,0,693.98
20390,6797,19,3,0,1684.56
20391,6797,20,11,0,2674.87
20392,6798,7,11,0,6441.05
20393,6798,16,11,0,2192.74
20394,6798,1,6,0,3888.9
20395,6799,11,12,0,4450.32
20396,6800,4,5,0,1426.05
20397,6801,17,9,0,754.11
20398,6801,28,5,0,1219.85
20399,6801,29,2,10,1505.92
20400,6802,9,11,0,2678.28
20401,6802,5,12,0,5076.24
20402,6803,2,12,0,426.36
20403,6803,11,6,0,2225.16
20404,6803,28,3,0,731.91
20405,6804,13,11,15,1417.74
20406,6804,23,4,5,1428.8
20407,6805,20,8,0,1945.36
20408,6805,25,12,10,3947.08
20409,6805,21,6,0,4853.82
20410,6805,2,7,0,248.71
20411,6805,19,11,0,6176.72
20412,6806,14,2,0,1357.34
20413,6806,1,11,0,7129.65
20414,6806,25,4,10,1315.69
20415,6806,10,1,0,847.6
20416,6806,11,3,0,1112.58
20417,6807,15,5,5,2822.54
20418,6807,18,11,15,5453.11
20419,6807,14,8,0,5429.36
20420,6807,23,12,0,4512.0
20421,6808,9,6,10,1314.79
20422,6809,6,12,0,7899.48
20423,6809,8,12,0,4647.96
20424,6810,24,1,0,802.92
20425,6810,17,11,0,921.69
20426,6810,26,9,0,4933.53
20427,6810,12,10,0,3919.1
20428,6811,5,8,0,3384.16
20429,6812,21,2,0,1617.94
20430,6813,3,5,0,167.35
20431,6814,9,7,0,1704.36
20432,6814,29,12,0,10039.44
20433,6814,2,11,0,390.83
20434,6815,6,9,10,5332.15
20435,6815,5,4,0,1692.08
20436,6815,29,1,0,836.62
20437,6815,16,10,0,1993.4
20438,6815,19,8,0,4492.16
20439,6816,29,12,5,9537.47
20440,6816,8,5,0,1936.65
20441,6817,18,12,0,6998.64
20442,6817,4,11,0,3137.31
20443,6818,2,12,0,426.36
20444,6818,9,3,0,730.44
20445,6818,25,4,0,1461.88
20446,6819,15,5,0,2971.1
20447,6819,29,9,0,7529.58
20448,6819,14,11,0,7465.37
20449,6819,11,12,0,4450.32
20450,6820,2,1,0,35.53
20451,6821,5,2,0,846.04
20452,6821,3,11,10,331.35
20453,6821,26,3,0,1644.51
20454,6821,2,6,15,181.2
20455,6821,21,4,15,2750.5
20456,6822,27,3,10,936.87
20457,6823,9,1,0,243.48
20458,6823,6,9,0,5924.61
20459,6823,28,3,0,731.91
20460,6823,17,3,0,251.37
20461,6823,27,7,0,2428.93
20462,6824,27,1,0,346.99
20463,6824,23,10,0,3760.0
20464,6824,20,7,0,1702.19
20465,6824,29,11,0,9202.82
20466,6824,16,7,0,1395.38
20467,6825,28,3,0,731.91
20468,6826,11,9,5,3170.85
20469,6826,25,4,0,1461.88
20470,6827,16,8,0,1594.72
20471,6827,21,2,0,1617.94
20472,6827,23,7,0,2632.0
20473,6828,6,3,0,1974.87
20474,6828,16,2,0,398.68
20475,6828,10,12,0,10171.2
20476,6828,29,1,0,836.62
20477,6828,2,1,0,35.53
20478,6829,19,1,10,505.37
20479,6829,21,12,15,8251.49
20480,6829,16,10,0,1993.4
20481,6829,4,1,0,285.21
20482,6830,25,8,0,2923.76
20483,6830,10,9,0,7628.4
20484,6831,4,11,0,3137.31
20485,6831,18,9,0,5248.98
20486,6831,3,12,0,401.64
20487,6831,14,7,10,4275.62
20488,6831,23,12,0,4512.0
20489,6832,7,4,5,2225.09
20490,6832,21,3,0,2426.91
20491,6832,26,1,5,520.76
20492,6832,17,8,0,670.32
20493,6832,25,12,0,4385.64
20494,6833,1,4,0,2592.6
20495,6833,19,5,0,2807.6
20496,6833,8,9,0,3485.97
20497,6833,21,5,0,4044.85
20498,6833,7,10,0,5855.5
20499,6834,26,8,0,4385.36
20500,6834,13,12,0,1819.56
20501,6834,23,5,0,1880.0
20502,6834,5,9,0,3807.18
20503,6835,14,10,10,6108.03
20504,6835,4,7,0,1996.47
20505,6836,14,5,0,3393.35
20506,6836,20,11,0,2674.87
20507,6836,1,5,15,2754.64
20508,6836,21,6,0,4853.82
20509,6837,21,3,5,2305.56
20510,6837,22,7,0,987.91
20511,6837,25,8,0,2923.76
20512,6837,3,7,0,234.29
20513,6838,12,2,0,783.82
20514,6838,21,10,0,8089.7
20515,6838,27,9,0,3122.91
20516,6839,12,8,0,3135.28
20517,6840,18,8,0,4665.76
20518,6840,21,10,0,8089.7
20519,6840,8,6,0,2323.98
20520,6840,26,1,0,548.17
20521,6841,8,5,0,1936.65
20522,6841,20,6,15,1240.17
20523,6842,24,1,0,802.92
20524,6842,29,3,10,2258.87
20525,6843,4,10,0,2852.1
20526,6843,18,4,0,2332.88
20527,6843,17,1,10,75.41
20528,6843,29,4,15,2844.51
20529,6844,12,11,0,4311.01
20530,6844,17,5,0,418.95
20531,6844,9,6,0,1460.88
20532,6844,25,3,5,1041.59
20533,6845,21,4,0,3235.88
20534,6845,23,1,0,376.0
20535,6846,12,8,0,3135.28
20536,6847,29,12,15,8533.52
20537,6848,25,2,0,730.94
20538,6848,7,7,0,4098.85
20539,6848,24,9,0,7226.28
20540,6849,29,5,0,4183.1
20541,6849,19,8,0,4492.16
20542,6850,21,6,0,4853.82
20543,6850,6,2,5,1250.75
20544,6850,5,3,5,1205.61
20545,6850,25,6,0,2192.82
20546,6851,18,8,0,4665.76
20547,6851,7,11,0,6441.05
20548,6852,18,1,0,583.22
20549,6853,14,7,0,4750.69
20550,6853,28,12,15,2488.49
20551,6854,21,4,15,2750.5
20552,6854,28,4,0,975.88
20553,6854,25,3,0,1096.41
20554,6854,23,8,0,3008.0
20555,6854,2,7,10,223.84
20556,6855,23,3,0,1128.0
20557,6855,24,3,0,2408.76
20558,6855,1,9,0,5833.35
20559,6856,1,3,0,1944.45
20560,6856,21,9,0,7280.73
20561,6856,29,4,5,3179.16
20562,6856,22,8,15,959.68
20563,6857,4,11,0,3137.31
20564,6857,9,3,0,730.44
20565,6857,25,3,0,1096.41
20566,6857,2,6,10,191.86
20567,6858,26,2,10,986.71
20568,6858,3,1,0,33.47
20569,6859,22,12,0,1693.56
20570,6859,4,12,0,3422.52
20571,6859,6,12,10,7109.53
20572,6859,1,1,10,583.34
20573,6860,28,5,0,1219.85
20574,6860,17,3,0,251.37
20575,6860,6,11,10,6517.07
20576,6860,10,4,0,3390.4
20577,6860,12,5,0,1959.55
20578,6861,24,1,0,802.92
20579,6861,2,5,0,177.65
20580,6861,3,4,0,133.88
20581,6861,12,4,0,1567.64
20582,6862,9,11,0,2678.28
20583,6863,22,4,0,564.52
20584,6863,6,9,0,5924.61
20585,6863,1,5,0,3240.75
20586,6863,28,6,10,1317.44
20587,6863,3,7,0,234.29
20588,6864,24,6,0,4817.52
20589,6864,11,11,0,4079.46
20590,6865,2,5,0,177.65
20591,6866,17,2,10,150.82
20592,6866,23,10,0,3760.0
20593,6866,5,9,0,3807.18
20594,6866,14,12,0,8144.04
20595,6867,8,11,0,4260.63
20596,6867,20,11,0,2674.87
20597,6867,9,2,0,486.96
20598,6868,20,11,0,2674.87
20599,6868,1,7,0,4537.05
20600,6868,29,9,15,6400.14
20601,6868,17,1,0,83.79
20602,6868,7,11,15,5474.89
20603,6869,20,6,0,1459.02
20604,6869,11,12,0,4450.32
20605,6869,25,6,0,2192.82
20606,6870,1,2,0,1296.3
20607,6870,17,6,10,452.47
20608,6871,17,4,0,335.16
20609,6871,5,8,0,3384.16
20610,6871,10,10,15,7204.6
20611,6871,11,11,0,4079.46
20612,6871,16,3,0,598.02
20613,6872,15,6,0,3565.32
20614,6873,21,11,0,8898.67
20615,6873,26,8,0,4385.36
20616,6874,29,7,0,5856.34
20617,6874,6,9,0,5924.61
20618,6874,23,9,0,3384.0
20619,6874,26,6,0,3289.02
20620,6874,25,10,0,3654.7
20621,6875,24,9,0,7226.28
20622,6875,23,9,0,3384.0
20623,6876,5,1,0,423.02
20624,6876,4,4,0,1140.84
20625,6876,1,10,0,6481.5
20626,6876,23,8,5,2857.6
20627,6876,20,10,0,2431.7
20628,6877,2,4,0,142.12
20629,6877,6,11,0,7241.19
20630,6877,11,4,0,1483.44
20631,6877,29,2,0,1673.24
20632,6877,17,12,0,1005.48
20633,6878,12,3,0,1175.73
20634,6878,20,2,10,437.71
20635,6879,27,10,15,2949.42
20636,6879,7,11,0,6441.05
20637,6879,8,7,0,2711.31
20638,6880,22,11,0,1552.43
20639,6881,21,3,10,2184.22
20640,6882,17,7,0,586.53
20641,6882,8,7,5,2575.74
20642,6882,25,12,0,4385.64
20643,6882,10,11,10,8391.24
20644,6883,16,7,5,1325.61
20645,6884,23,5,10,1692.0
20646,6884,19,8,0,4492.16
20647,6885,9,5,0,1217.4
20648,6886,16,11,0,2192.74
20649,6886,26,9,0,4933.53
20650,6886,22,7,0,987.91
20651,6886,18,4,10,2099.59
20652,6886,21,3,5,2305.56
20653,6887,25,12,10,3947.08
20654,6887,21,10,0,8089.7
20655,6887,10,2,5,1610.44
20656,6888,10,9,0,7628.4
20657,6888,19,6,0,3369.12
20658,6889,25,8,0,2923.76
20659,6889,19,7,0,3930.64
20660,6890,8,6,0,2323.98
20661,6891,13,4,0,606.52
20662,6891,14,11,0,7465.37
20663,6891,19,8,0,4492.16
20664,6891,1,5,0,3240.75
20665,6892,24,4,15,2729.93
20666,6892,16,10,0,1993.4
20667,6892,27,10,0,3469.9
20668,6892,7,5,10,2634.98
20669,6893,4,1,0,285.21
20670,6893,1,4,0,2592.6
20671,6893,10,9,5,7246.98
20672,6894,21,12,10,8736.88
20673,6894,1,5,0,3240.75
20674,6894,23,7,0,2632.0
20675,6895,3,4,0,133.88
20676,6895,2,2,10,63.95
20677,6895,24,8,10,5781.02
20678,6896,22,4,0,564.52
20679,6896,11,1,0,370.86
20680,6896,5,1,10,380.72
20681,6896,29,3,0,2509.86
20682,6897,20,11,0,2674.87
20683,6898,22,4,15,479.84
20684,6898,25,7,0,2558.29
20685,6898,18,11,15,5453.11
20686,6898,17,7,0,586.53
20687,6899,3,6,0,200.82
20688,6899,4,12,0,3422.52
20689,6900,23,4,0,1504.0
20690,6900,1,12,15,6611.13
20691,6900,14,12,0,8144.04
20692,6900,7,3,0,1756.65
20693,6901,27,5,15,1474.71
20694,6901,13,9,15,1159.97
20695,6902,15,4,5,2258.04
20696,6902,25,10,0,3654.7
20697,6902,6,2,5,1250.75
20698,6902,16,7,0,1395.38
20699,6902,12,11,0,4311.01
20700,6903,8,10,0,3873.3
20701,6904,26,1,0,548.17
20702,6904,2,5,0,177.65
20703,6904,21,9,5,6916.69
20704,6904,13,9,0,1364.67
20705,6904,25,7,5,2430.38
20706,6905,5,12,0,5076.24
20707,6906,20,7,0,1702.19
20708,6906,29,5,0,4183.1
20709,6907,8,10,0,3873.3
20710,6907,5,11,5,4420.56
20711,6907,25,12,15,3727.79
20712,6907,1,4,0,2592.6
20713,6907,18,11,0,6415.42
20714,6908,18,10,0,5832.2
20715,6908,4,6,10,1540.13
20716,6908,5,11,0,4653.22
20717,6909,6,7,0,4608.03
20718,6909,22,1,0,141.13
20719,6909,8,10,0,3873.3
20720,6909,25,11,0,4020.17
20721,6910,12,8,5,2978.52
20722,6910,5,2,0,846.04
20723,6911,1,11,0,7129.65
20724,6911,21,9,0,7280.73
20725,6911,23,2,0,752.0
20726,6912,14,8,5,5157.89
20727,6912,16,4,0,797.36
20728,6912,23,12,0,4512.0
20729,6913,3,10,0,334.7
20730,6913,17,5,0,418.95
20731,6913,28,5,0,1219.85
20732,6913,18,8,0,4665.76
20733,6914,12,9,0,3527.19
20734,6914,23,8,0,3008.0
20735,6915,12,12,10,4232.63
20736,6916,26,3,0,1644.51
20737,6916,3,9,0,301.23
20738,6916,11,10,0,3708.6
20739,6917,1,7,0,4537.05
20740,6917,2,7,0,248.71
20741,6917,6,6,0,3949.74
20742,6918,10,8,10,6102.72
20743,6918,24,9,0,7226.28
20744,6919,7,8,0,4684.4
20745,6919,8,2,10,697.19
20746,6919,19,10,0,5615.2
20747,6919,13,9,0,1364.67
20748,6920,2,4,0,142.12
20749,6920,1,8,5,4925.94
20750,6920,24,5,5,3813.87
20751,6920,18,4,5,2216.24
20752,6920,14,5,0,3393.35
20753,6921,25,7,5,2430.38
20754,6921,3,9,0,301.23
20755,6921,22,6,5,804.44
20756,6921,6,10,0,6582.9
20757,6921,13,4,0,606.52
20758,6922,28,3,0,731.91
20759,6922,29,12,0,10039.44
20760,6922,3,6,0,200.82
20761,6922,15,1,0,594.22
20762,6923,16,9,0,1794.06
20763,6924,15,11,0,6536.42
20764,6924,13,7,0,1061.41
20765,6924,28,5,0,1219.85
20766,6924,11,7,0,2596.02
20767,6924,16,10,0,1993.4
20768,6925,10,4,0,3390.4
20769,6925,23,5,0,1880.0
20770,6925,13,4,0,606.52
20771,6926,20,7,0,1702.19
20772,6926,27,10,0,3469.9
20773,6926,21,6,0,4853.82
20774,6926,7,3,0,1756.65
20775,6926,16,2,15,338.88
20776,6927,8,7,10,2440.18
20777,6927,3,1,5,31.8
20778,6927,12,4,15,1332.49
20779,6928,9,1,0,243.48
20780,6929,17,4,0,335.16
20781,6930,16,10,0,1993.4
20782,6930,9,5,0,1217.4
20783,6930,4,7,0,1996.47
20784,6930,15,7,0,4159.54
20785,6931,18,1,0,583.22
20786,6931,13,4,0,606.52
20787,6931,28,8,0,1951.76
20788,6931,17,7,0,586.53
20789,6931,2,5,0,177.65
20790,6932,2,7,0,248.71
20791,6932,15,12,0,7130.64
20792,6932,4,10,15,2424.28
20793,6932,9,2,0,486.96
20794,6933,8,7,0,2711.31
20795,6934,14,2,0,1357.34
20796,6934,9,6,15,1241.75
20797,6935,25,11,0,4020.17
20798,6935,20,7,5,1617.08
20799,6935,1,12,0,7777.8
20800,6935,16,6,10,1076.44
20801,6935,15,6,10,3208.79
20802,6936,25,12,0,4385.64
20803,6936,2,12,0,426.36
20804,6936,18,2,15,991.47
20805,6936,17,11,0,921.69
20806,6936,9,10,0,2434.8
20807,6937,29,2,0,1673.24
20808,6937,1,6,10,3500.01
20809,6937,2,9,0,319.77
20810,6938,17,4,0,335.16
20811,6938,15,6,0,3565.32
20812,6939,8,12,0,4647.96
20813,6939,10,12,0,10171.2
20814,6939,25,11,0,4020.17
20815,6939,9,7,0,1704.36
20816,6940,2,9,5,303.78
20817,6940,13,6,10,818.8
20818,6941,25,1,0,365.47
20819,6942,2,8,0,284.24
20820,6942,16,4,0,797.36
20821,6942,22,9,0,1270.17
20822,6943,20,2,15,413.39
20823,6944,20,8,0,1945.36
20824,6944,23,2,0,752.0
20825,6944,8,9,0,3485.97
20826,6945,10,1,0,847.6
20827,6945,26,7,0,3837.19
20828,6945,15,12,0,7130.64
20829,6945,29,11,10,8282.54
20830,6945,22,2,0,282.26
20831,6946,9,2,0,486.96
20832,6946,4,4,5,1083.8
20833,6946,25,7,0,2558.29
20834,6946,8,11,0,4260.63
20835,6946,3,12,0,401.64
20836,6947,12,6,0,2351.46
20837,6947,14,2,0,1357.34
20838,6947,2,10,0,355.3
20839,6948,26,4,0,2192.68
20840,6948,2,10,5,337.54
20841,6948,25,7,0,2558.29
20842,6948,1,9,0,5833.35
20843,6948,5,8,10,3045.74
20844,6949,26,2,0,1096.34
20845,6949,18,8,0,4665.76
20846,6949,14,1,5,644.74
20847,6949,15,9,0,5347.98
20848,6950,18,10,0,5832.2
20849,6950,11,3,15,945.69
20850,6950,7,10,15,4977.18
20851,6951,22,9,5,1206.66
20852,6951,7,12,5,6675.27
20853,6952,10,8,0,6780.8
20854,6953,5,7,0,2961.14
20855,6953,1,2,5,1231.48
20856,6953,22,3,0,423.39
20857,6953,4,10,0,2852.1
20858,6953,20,4,0,972.68
20859,6954,1,4,0,2592.6
20860,6955,8,3,0,1161.99
20861,6955,13,3,0,454.89
20862,6955,9,1,0,243.48
20863,6956,1,11,0,7129.65
20864,6957,7,11,0,6441.05
20865,6957,21,2,0,1617.94
20866,6957,3,8,10,240.98
20867,6957,26,8,0,4385.36
20868,6958,15,6,0,3565.32
20869,6958,6,7,0,4608.03
20870,6958,28,3,0,731.91
20871,6958,29,12,0,10039.44
20872,6958,9,8,0,1947.84
20873,6959,5,7,0,2961.14
20874,6960,13,12,0,1819.56
20875,6961,8,12,0,4647.96
20876,6961,11,1,0,370.86
20877,6962,13,7,0,1061.41
20878,6963,16,7,15,1186.07
20879,6964,12,3,0,1175.73
20880,6965,12,7,5,2606.2
20881,6965,5,1,0,423.02
20882,6965,16,11,0,2192.74
20883,6965,8,2,0,774.66
20884,6965,22,9,0,1270.17
20885,6966,25,11,5,3819.16
20886,6966,19,12,0,6738.24
20887,6967,13,10,5,1440.48
20888,6967,5,4,0,1692.08
20889,6967,10,4,10,3051.36
20890,6967,19,1,0,561.52
20891,6967,3,3,15,85.35
20892,6968,24,12,0,9635.04
20893,6968,12,9,0,3527.19
20894,6968,8,8,0,3098.64
20895,6968,23,10,10,3384.0
20896,6968,7,12,0,7026.6
20897,6969,8,3,10,1045.79
20898,6969,7,4,0,2342.2
20899,6969,29,2,0,1673.24
20900,6969,24,5,0,4014.6
20901,6970,29,10,0,8366.2
20902,6970,1,7,0,4537.05
20903,6970,20,9,0,2188.53
20904,6971,14,12,10,7329.64
20905,6971,11,10,0,3708.6
20906,6971,28,2,10,439.15
20907,6971,4,1,0,285.21
20908,6971,18,10,0,5832.2
20909,6972,6,10,0,6582.9
20910,6973,29,1,0,836.62
20911,6973,26,5,0,2740.85
20912,6973,9,6,0,1460.88
20913,6973,27,1,0,346.99
20914,6973,17,6,15,427.33
20915,6974,11,3,0,1112.58
20916,6975,21,1,0,808.97
20917,6975,8,9,0,3485.97
20918,6975,10,2,0,1695.2
20919,6975,17,7,15,498.55
20920,6976,23,1,0,376.0
20921,6976,7,5,0,2927.75
20922,6976,5,5,5,2009.34
20923,6976,26,12,0,6578.04
20924,6976,19,7,5,3734.11
20925,6977,13,12,0,1819.56
20926,6977,1,2,15,1101.86
20927,6977,26,12,0,6578.04
20928,6977,22,10,0,1411.3
20929,6977,16,8,0,1594.72
20930,6978,12,9,0,3527.19
20931,6979,11,7,10,2336.42
20932,6979,29,10,0,8366.2
20933,6979,8,6,0,2323.98
20934,6980,20,6,0,1459.02
20935,6980,17,1,15,71.22
20936,6980,26,7,0,3837.19
20937,6980,24,1,0,802.92
20938,6980,11,10,0,3708.6
20939,6981,8,9,0,3485.97
20940,6981,6,1,0,658.29
20941,6981,29,7,0,5856.34
20942,6982,26,5,0,2740.85
20943,6982,4,6,0,1711.26
20944,6982,14,7,0,4750.69
20945,6982,8,7,0,2711.31
20946,6983,8,11,5,4047.6
20947,6983,20,10,0,2431.7
20948,6984,22,10,0,1411.3
20949,6984,7,11,0,6441.05
20950,6984,21,1,10,728.07
20951,6985,23,10,0,3760.0
20952,6985,5,5,0,2115.1
20953,6986,16,11,0,2192.74
20954,6986,10,10,5,8052.2
20955,6987,8,10,0,3873.3
20956,6987,28,6,10,1317.44
20957,6987,10,8,0,6780.8
20958,6988,10,7,0,5933.2
20959,6988,6,3,0,1974.87
20960,6988,12,6,0,2351.46
20961,6988,22,4,15,479.84
20962,6989,12,5,0,1959.55
20963,6989,16,8,15,1355.51
20964,6989,14,7,5,4513.16
20965,6989,2,7,10,223.84
20966,6989,19,10,0,5615.2
20967,6990,15,4,15,2020.35
20968,6990,24,1,0,802.92
20969,6990,10,2,0,1695.2
20970,6991,17,3,0,251.37
20971,6991,26,9,0,4933.53
20972,6991,28,11,0,2683.67
20973,6991,8,7,0,2711.31
20974,6992,29,11,0,9202.82
20975,6992,14,12,0,8144.04
20976,6992,9,7,0,1704.36
20977,6993,6,1,0,658.29
20978,6993,14,3,0,2036.01
20979,6993,22,11,0,1552.43
20980,6993,19,7,15,3341.04
20981,6993,2,3,0,106.59
20982,6994,29,2,5,1589.58
20983,6994,4,2,0,570.42
20984,6994,7,7,5,3893.91
20985,6994,5,7,0,2961.14
20986,6995,2,7,0,248.71
20987,6995,29,7,0,5856.34
20988,6995,20,1,0,243.17
20989,6995,6,4,0,2633.16
20990,6995,9,5,0,1217.4
20991,6996,17,5,0,418.95
20992,6996,22,7,5,938.51
20993,6997,22,8,15,959.68
20994,6997,1,11,0,7129.65
20995,6997,8,1,0,387.33
20996,6997,25,2,5,694.39
20997,6998,11,3,0,1112.58
20998,6998,17,8,0,670.32
20999,6998,28,12,0,2927.64
21000,6998,15,8,0,4753.76
21001,6999,25,1,15,310.65
21002,6999,29,3,0,2509.86
21003,6999,1,2,0,1296.3
21004,7000,23,4,0,1504.0
21005,7000,8,2,0,774.66
21006,7001,5,3,0,1269.06
21007,7001,4,5,0,1426.05
21008,7001,20,3,0,729.51
21009,7002,22,6,0,846.78
21010,7002,14,12,0,8144.04
21011,7003,22,9,0,1270.17
21012,7004,12,10,15,3331.24
21013,7004,6,5,0,3291.45
21014,7004,16,10,0,1993.4
21015,7004,15,7,0,4159.54
21016,7004,21,2,0,1617.94
21017,7005,7,1,15,497.72
21018,7005,9,6,0,1460.88
21019,7005,25,3,0,1096.41
21020,7006,19,12,5,6401.33
21021,7006,15,4,0,2376.88
21022,7006,25,6,0,2192.82
21023,7007,11,12,0,4450.32
21024,7007,3,2,15,56.9
21025,7008,28,7,0,1707.79
21026,7008,20,1,0,243.17
21027,7008,12,6,10,2116.31
21028,7009,28,5,15,1036.87
21029,7009,9,11,0,2678.28
21030,7010,28,3,0,731.91
21031,7010,17,12,0,1005.48
21032,7011,4,1,0,285.21
21033,7012,22,10,10,1270.17
21034,7012,26,5,10,2466.76
21035,7013,24,12,0,9635.04
21036,7013,14,2,0,1357.34
21037,7014,26,5,5,2603.81
21038,7015,24,8,0,6423.36
21039,7015,17,9,5,716.4
21040,7015,12,4,0,1567.64
21041,7015,2,5,0,177.65
21042,7015,13,12,0,1819.56
21043,7016,16,8,15,1355.51
21044,7016,8,10,0,3873.3
21045,7016,9,9,0,2191.32
21046,7016,18,3,0,1749.66
21047,7017,12,3,0,1175.73
21048,7018,17,9,0,754.11
21049,7018,16,3,0,598.02
21050,7018,14,4,0,2714.68
21051,7018,2,2,0,71.06
21052,7019,22,10,5,1340.74
21053,7019,20,11,0,2674.87
21054,7019,18,12,0,6998.64
21055,7019,8,9,0,3485.97
21056,7019,9,2,0,486.96
21057,7020,22,1,0,141.13
21058,7021,24,7,0,5620.44
21059,7021,14,3,0,2036.01
21060,7021,23,5,0,1880.0
21061,7021,20,3,0,729.51
21062,7021,18,7,0,4082.54
21063,7022,22,10,15,1199.6
21064,7022,12,7,0,2743.37
21065,7022,25,4,0,1461.88
21066,7022,3,11,0,368.17
21067,7022,21,6,15,4125.75
21068,7023,10,8,5,6441.76
21069,7023,27,5,0,1734.95
21070,7023,4,6,0,1711.26
21071,7023,15,3,0,1782.66
21072,7024,26,9,0,4933.53
21073,7024,15,9,0,5347.98
21074,7024,22,9,0,1270.17
21075,7025,21,11,0,8898.67
21076,7025,14,3,0,2036.01
21077,7025,4,6,0,1711.26
21078,7025,23,5,15,1598.0
21079,7026,18,3,0,1749.66
21080,7026,8,11,5,4047.6
21081,7027,9,2,0,486.96
21082,7027,19,2,5,1066.89
21083,7027,4,8,0,2281.68
21084,7028,17,3,10,226.23
21085,7028,20,9,0,2188.53
21086,7028,3,1,0,33.47
21087,7028,14,6,0,4072.02
21088,7028,4,1,0,285.21
21089,7029,12,6,0,2351.46
21090,7029,4,4,0,1140.84
21091,7029,14,9,0,6108.03
21092,7030,9,9,0,2191.32
21093,7030,21,8,0,6471.76
21094,7031,13,8,0,1213.04
21095,7031,15,7,0,4159.54
21096,7031,14,8,0,5429.36
21097,7032,7,12,0,7026.6
21098,7032,20,1,0,243.17
21099,7032,21,9,10,6552.66
21100,7032,4,3,0,855.63
21101,7033,20,5,10,1094.26
21102,7033,10,6,0,5085.6
21103,7033,4,12,0,3422.52
21104,7033,23,12,0,4512.0
21105,7034,25,2,0,730.94
21106,7034,24,12,0,9635.04
21107,7034,27,11,15,3244.36
21108,7034,14,3,0,2036.01
21109,7035,14,6,10,3664.82
21110,7035,16,4,0,797.36
21111,7035,12,2,0,783.82
21112,7035,8,11,15,3621.54
21113,7036,17,9,0,754.11
21114,7036,14,6,0,4072.02
21115,7036,16,10,0,1993.4
21116,7036,6,4,0,2633.16
21117,7037,23,7,0,2632.0
21118,7037,9,3,0,730.44
21119,7038,11,8,0,2966.88
21120,7039,7,5,5,2781.36
21121,7040,10,1,0,847.6
21122,7040,24,11,0,8832.12
21123,7041,4,7,15,1697.0
21124,7042,7,6,0,3513.3
21125,7042,24,3,0,2408.76
21126,7042,10,10,5,8052.2
21127,7043,18,5,0,2916.1
21128,7043,14,6,0,4072.02
21129,7043,20,12,0,2918.04
21130,7043,25,8,5,2777.57
21131,7044,13,4,0,606.52
21132,7044,4,2,10,513.38
21133,7045,14,2,10,1221.61
21134,7045,25,2,0,730.94
21135,7045,19,11,0,6176.72
21136,7045,7,6,0,3513.3
21137,7046,7,5,15,2488.59
21138,7046,12,10,10,3527.19
21139,7047,14,7,10,4275.62
21140,7047,12,10,0,3919.1
21141,7047,8,8,0,3098.64
21142,7047,2,1,0,35.53
21143,7047,16,2,0,398.68
21144,7048,10,11,0,9323.6
21145,7048,22,5,0,705.65
21146,7049,17,10,0,837.9
21147,7049,28,10,5,2317.71
21148,7049,19,8,0,4492.16
21149,7050,26,12,0,6578.04
21150,7050,3,6,0,200.82
21151,7050,7,9,0,5269.95
21152,7050,13,12,5,1728.58
21153,7050,15,7,0,4159.54
21154,7051,22,9,10,1143.15
21155,7051,4,9,0,2566.89
21156,7051,11,2,0,741.72
21157,7051,25,8,5,2777.57
21158,7051,2,9,0,319.77
21159,7052,24,2,0,1605.84
21160,7052,5,6,0,2538.12
21161,7053,14,8,0,5429.36
21162,7053,15,10,0,5942.2
21163,7054,5,4,0,1692.08
21164,7054,2,9,5,303.78
21165,7054,23,3,0,1128.0
21166,7054,18,8,0,4665.76
21167,7055,27,4,0,1387.96
21168,7056,27,3,0,1040.97
21169,7056,22,3,0,423.39
21170,7057,16,5,0,996.7
21171,7057,7,9,0,5269.95
21172,7057,3,1,0,33.47
21173,7058,26,8,0,4385.36
21174,7058,24,4,0,3211.68
21175,7058,14,11,0,7465.37
21176,7059,23,4,0,1504.0
21177,7059,19,7,0,3930.64
21178,7059,25,9,0,3289.23
21179,7059,22,8,15,959.68
21180,7059,29,5,0,4183.1
21181,7060,26,5,0,2740.85
21182,7060,9,1,0,243.48
21183,7060,6,8,5,5003.0
21184,7060,18,1,0,583.22
21185,7061,17,7,0,586.53
21186,7061,3,6,15,170.7
21187,7061,1,7,0,4537.05
21188,7061,10,1,0,847.6
21189,7062,22,7,5,938.51
21190,7062,26,12,0,6578.04
21191,7062,4,3,15,727.29
21192,7062,11,3,0,1112.58
21193,7063,28,2,10,439.15
21194,7063,25,3,10,986.77
21195,7064,26,3,0,1644.51
21196,7064,25,2,10,657.85
21197,7064,27,10,0,3469.9
21198,7064,10,4,0,3390.4
21199,7064,8,9,15,2963.07
21200,7065,3,8,0,267.76
21201,7065,16,9,5,1704.36
21202,7066,7,3,0,1756.65
21203,7066,1,7,0,4537.05
21204,7066,19,5,5,2667.22
21205,7066,24,12,5,9153.29
21206,7067,29,4,5,3179.16
21207,7067,18,4,10,2099.59
21208,7067,16,1,5,189.37
21209,7067,13,5,0,758.15
21210,7067,4,12,10,3080.27
21211,7068,5,7,10,2665.03
21212,7068,7,10,0,5855.5
21213,7068,13,3,0,454.89
21214,7068,22,11,0,1552.43
21215,7068,29,1,0,836.62
21216,7069,22,1,5,134.07
21217,7069,27,5,0,1734.95
21218,7069,24,9,5,6864.97
21219,7069,2,6,0,213.18
21220,7070,22,4,5,536.29
21221,7070,15,5,5,2822.54
21222,7071,28,6,0,1463.82
21223,7071,11,9,0,3337.74
21224,7072,3,10,0,334.7
21225,7072,25,9,0,3289.23
21226,7072,11,2,0,741.72
21227,7073,18,7,0,4082.54
21228,7073,7,6,0,3513.3
21229,7073,17,2,0,167.58
21230,7074,10,2,10,1525.68
21231,7074,8,1,10,348.6
21232,7075,2,8,0,284.24
21233,7075,10,9,0,7628.4
21234,7076,29,12,15,8533.52
21235,7076,24,1,15,682.48
21236,7076,13,5,0,758.15
21237,7076,18,9,5,4986.53
21238,7077,7,7,0,4098.85
21239,7077,21,5,0,4044.85
21240,7078,15,2,0,1188.44
21241,7079,5,10,0,4230.2
21242,7079,10,6,0,5085.6
21243,7079,9,6,0,1460.88
21244,7080,2,2,0,71.06
21245,7080,3,10,0,334.7
21246,7081,26,4,0,2192.68
21247,7081,6,2,5,1250.75
21248,7081,8,4,0,1549.32
21249,7081,20,7,5,1617.08
21250,7081,2,4,10,127.91
21251,7082,7,10,0,5855.5
21252,7082,6,8,0,5266.32
21253,7082,4,3,0,855.63
21254,7083,15,7,0,4159.54
21255,7083,11,9,0,3337.74
21256,7083,5,8,5,3214.95
21257,7083,29,8,0,6692.96
21258,7084,10,4,0,3390.4
21259,7084,15,6,15,3030.52
21260,7084,8,9,15,2963.07
21261,7084,24,7,0,5620.44
21262,7084,21,2,10,1456.15
21263,7085,28,8,10,1756.58
21264,7086,11,10,5,3523.17
21265,7087,21,1,15,687.62
21266,7087,10,9,0,7628.4
21267,7087,8,11,0,4260.63
21268,7087,26,9,10,4440.18
21269,7087,28,5,5,1158.86
21270,7088,23,3,0,1128.0
21271,7088,27,4,0,1387.96
21272,7088,22,4,0,564.52
21273,7088,18,10,0,5832.2
21274,7089,13,7,5,1008.34
21275,7089,28,2,0,487.94
21276,7089,24,6,0,4817.52
21277,7089,29,1,5,794.79
21278,7090,17,2,0,167.58
21279,7091,8,6,0,2323.98
21280,7092,18,5,15,2478.69
21281,7093,7,7,0,4098.85
21282,7093,28,5,0,1219.85
21283,7094,14,2,0,1357.34
21284,7094,2,5,0,177.65
21285,7095,2,2,0,71.06
21286,7096,27,7,0,2428.93
21287,7096,6,2,10,1184.92
21288,7096,23,7,0,2632.0
21289,7096,14,5,0,3393.35
21290,7096,29,8,0,6692.96
21291,7097,24,5,0,4014.6
21292,7098,13,10,5,1440.48
21293,7098,3,2,0,66.94
21294,7098,20,6,0,1459.02
21295,7098,15,8,5,4516.07
21296,7098,10,4,0,3390.4
21297,7099,2,7,0,248.71
21298,7100,4,7,0,1996.47
21299,7100,19,8,0,4492.16
21300,7100,22,11,5,1474.81
21301,7100,16,4,0,797.36
21302,7100,18,7,15,3470.16
21303,7101,24,10,0,8029.2
21304,7102,17,1,0,83.79
21305,7103,25,8,0,2923.76
21306,7103,20,3,0,729.51
21307,7104,4,11,0,3137.31
21308,7104,27,3,0,1040.97
21309,7105,14,7,0,4750.69
21310,7105,3,10,5,317.96
21311,7105,7,10,0,5855.5
21312,7105,20,8,10,1750.82
21313,7105,17,3,0,251.37
21314,7106,10,8,5,6441.76
21315,7106,23,2,0,752.0
21316,7106,21,11,0,8898.67
21317,7106,4,11,0,3137.31
21318,7106,29,6,0,5019.72
21319,7107,21,10,0,8089.7
21320,7107,24,4,0,3211.68
21321,7107,19,3,0,1684.56
21322,7107,23,8,10,2707.2
21323,7108,13,2,10,272.93
21324,7109,14,11,0,7465.37
21325,7109,22,10,0,1411.3
21326,7109,23,2,10,676.8
21327,7110,12,4,0,1567.64
21328,7110,29,11,0,9202.82
21329,7110,5,3,0,1269.06
21330,7110,2,12,0,426.36
21331,7111,7,10,0,5855.5
21332,7112,3,7,0,234.29
21333,7112,23,9,15,2876.4
21334,7112,29,9,0,7529.58
21335,7113,1,7,5,4310.2
21336,7113,20,2,0,486.34
21337,7113,21,1,0,808.97
21338,7113,5,9,0,3807.18
21339,7113,27,6,10,1873.75
21340,7114,17,4,5,318.4
21341,7114,15,6,0,3565.32
21342,7114,23,9,0,3384.0
21343,7114,24,7,0,5620.44
21344,7115,5,4,0,1692.08
21345,7115,27,12,0,4163.88
21346,7115,22,4,0,564.52
21347,7116,20,5,0,1215.85
21348,7116,4,8,15,1939.43
21349,7116,2,1,0,35.53
21350,7117,10,3,0,2542.8
21351,7117,25,8,0,2923.76
21352,7118,9,6,0,1460.88
21353,7118,21,10,0,8089.7
21354,7118,22,7,0,987.91
21355,7118,15,5,0,2971.1
21356,7119,14,8,0,5429.36
21357,7119,6,11,0,7241.19
21358,7119,19,12,0,6738.24
21359,7119,16,7,0,1395.38
21360,7119,26,7,0,3837.19
21361,7120,14,11,0,7465.37
21362,7120,26,5,0,2740.85
21363,7120,6,8,0,5266.32
21364,7120,17,12,0,1005.48
21365,7120,20,2,0,486.34
21366,7121,14,5,0,3393.35
21367,7121,8,8,0,3098.64
21368,7122,14,12,0,8144.04
21369,7123,20,1,0,243.17
21370,7123,21,6,0,4853.82
21371,7123,8,4,0,1549.32
21372,7124,18,10,0,5832.2
21373,7124,24,11,0,8832.12
21374,7125,12,11,0,4311.01
21375,7125,14,12,5,7736.84
21376,7125,9,9,0,2191.32
21377,7126,19,4,0,2246.08
21378,7126,26,11,10,5426.88
21379,7126,28,10,5,2317.71
21380,7127,9,4,0,973.92
21381,7128,7,9,0,5269.95
21382,7128,24,1,5,762.77
21383,7128,21,8,0,6471.76
21384,7129,5,4,0,1692.08
21385,7129,24,9,0,7226.28
21386,7129,21,4,0,3235.88
21387,7130,8,6,0,2323.98
21388,7130,9,7,0,1704.36
21389,7130,17,10,0,837.9
21390,7130,3,4,0,133.88
21391,7130,2,3,0,106.59
21392,7131,2,4,0,142.12
21393,7132,6,5,0,3291.45
21394,7132,7,12,0,7026.6
21395,7132,20,9,0,2188.53
21396,7132,10,1,0,847.6
21397,7133,25,8,0,2923.76
21398,7134,7,1,0,585.55
21399,7134,18,5,5,2770.3
21400,7135,19,4,0,2246.08
21401,7135,8,3,0,1161.99
21402,7135,22,12,0,1693.56
21403,7135,21,5,0,4044.85
21404,7136,27,2,0,693.98
21405,7136,1,1,0,648.15
21406,7136,8,12,0,4647.96
21407,7137,19,4,10,2021.47
21408,7137,8,9,5,3311.67
21409,7137,23,8,5,2857.6
21410,7137,14,11,10,6718.83
21411,7137,1,10,0,6481.5
21412,7138,12,5,0,1959.55
21413,7138,13,7,5,1008.34
21414,7139,28,5,0,1219.85
21415,7139,7,12,0,7026.6
21416,7139,13,7,0,1061.41
21417,7139,5,7,0,2961.14
21418,7140,2,4,0,142.12
21419,7140,24,3,0,2408.76
21420,7141,8,10,0,3873.3
21421,7141,9,8,15,1655.66
21422,7141,23,5,10,1692.0
21423,7141,10,2,0,1695.2
21424,7141,28,6,0,1463.82
21425,7142,27,5,0,1734.95
21426,7142,26,2,0,1096.34
21427,7142,11,1,0,370.86
21428,7142,13,2,0,303.26
21429,7142,3,1,0,33.47
21430,7143,19,7,5,3734.11
21431,7143,7,1,0,585.55
21432,7143,12,8,0,3135.28
21433,7143,18,9,0,5248.98
21434,7144,15,6,0,3565.32
21435,7144,3,2,10,60.25
21436,7144,26,7,10,3453.47
21437,7144,27,5,0,1734.95
21438,7144,16,9,0,1794.06
21439,7145,26,8,0,4385.36
21440,7145,11,10,0,3708.6
21441,7145,12,11,10,3879.91
21442,7145,23,8,5,2857.6
21443,7146,8,4,0,1549.32
21444,7146,3,1,0,33.47
21445,7147,26,5,0,2740.85
21446,7147,8,4,0,1549.32
21447,7147,13,6,0,909.78
21448,7148,26,5,0,2740.85
21449,7148,24,12,0,9635.04
21450,7148,28,8,10,1756.58
21451,7149,16,6,0,1196.04
21452,7149,19,1,0,561.52
21453,7150,18,7,0,4082.54
21454,7150,27,1,0,346.99
21455,7151,9,12,10,2629.58
21456,7152,13,6,0,909.78
21457,7152,1,7,10,4083.34
21458,7152,23,8,0,3008.0
21459,7152,12,1,15,333.12
21460,7153,8,11,5,4047.6
21461,7153,6,2,0,1316.58
21462,7153,29,3,0,2509.86
21463,7153,12,10,0,3919.1
21464,7153,16,3,5,568.12
21465,7154,23,2,0,752.0
21466,7154,24,4,0,3211.68
21467,7154,19,10,0,5615.2
21468,7154,21,2,0,1617.94
21469,7155,16,5,0,996.7
21470,7155,26,6,0,3289.02
21471,7155,24,10,5,7627.74
21472,7155,3,11,10,331.35
21473,7156,28,11,0,2683.67
21474,7156,3,2,0,66.94
21475,7156,6,12,0,7899.48
21476,7157,3,8,5,254.37
21477,7157,16,7,0,1395.38
21478,7158,3,6,5,190.78
21479,7159,25,8,10,2631.38
21480,7160,2,11,10,351.75
21481,7161,9,2,0,486.96
21482,7161,11,1,0,370.86
21483,7161,1,7,0,4537.05
21484,7162,24,1,0,802.92
21485,7162,16,8,0,1594.72
21486,7162,7,9,0,5269.95
21487,7162,27,4,5,1318.56
21488,7163,2,8,0,284.24
21489,7163,28,9,0,2195.73
21490,7163,5,12,0,5076.24
21491,7164,17,1,0,83.79
21492,7164,6,4,0,2633.16
21493,7165,28,8,0,1951.76
21494,7165,20,4,10,875.41
21495,7165,16,7,0,1395.38
21496,7166,16,12,0,2392.08
21497,7166,8,11,0,4260.63
21498,7166,25,1,0,365.47
21499,7167,9,10,0,2434.8
21500,7167,24,3,10,2167.88
21501,7167,19,8,15,3818.34
21502,7168,29,10,0,8366.2
21503,7169,6,8,0,5266.32
21504,7170,1,11,5,6773.17
21505,7170,28,7,15,1451.62
21506,7171,21,12,0,9707.64
21507,7171,12,2,10,705.44
21508,7172,28,6,0,1463.82
21509,7172,10,12,15,8645.52
21510,7172,6,10,0,6582.9
21511,7172,25,9,10,2960.31
21512,7172,26,5,0,2740.85
21513,7173,5,9,0,3807.18
21514,7174,9,6,15,1241.75
21515,7174,24,12,0,9635.04
21516,7174,13,10,0,1516.3
21517,7174,11,4,10,1335.1
21518,7174,18,1,0,583.22
21519,7175,13,8,0,1213.04
21520,7176,7,1,0,585.55
21521,7176,19,12,10,6064.42
21522,7176,2,6,0,213.18
21523,7176,20,3,0,729.51
21524,7177,8,1,0,387.33
21525,7177,23,2,0,752.0
21526,7177,2,12,0,426.36
21527,7177,18,6,0,3499.32
21528,7177,13,3,10,409.4
21529,7178,17,3,0,251.37
21530,7179,16,7,0,1395.38
21531,7179,22,7,0,987.91
21532,7179,29,4,5,3179.16
21533,7179,12,4,0,1567.64
21534,7179,7,1,0,585.55
21535,7180,8,6,0,2323.98
21536,7180,18,7,10,3674.29
21537,7181,17,4,0,335.16
21538,7182,7,11,10,5796.94
21539,7182,3,10,0,334.7
21540,7182,24,2,0,1605.84
21541,7182,1,6,0,3888.9
21542,7182,8,5,0,1936.65
21543,7183,29,11,0,9202.82
21544,7183,8,8,0,3098.64
21545,7184,27,2,0,693.98
21546,7185,13,6,5,864.29
21547,7185,28,4,5,927.09
21548,7185,14,2,0,1357.34
21549,7185,6,9,0,5924.61
21550,7185,3,6,5,190.78
21551,7186,24,3,0,2408.76
21552,7186,22,4,15,479.84
21553,7186,19,2,0,1123.04
21554,7187,27,12,0,4163.88
21555,7187,2,1,0,35.53
21556,7188,10,9,0,7628.4
21557,7188,11,3,0,1112.58
21558,7188,13,1,0,151.63
21559,7188,20,5,0,1215.85
21560,7189,25,10,0,3654.7
21561,7190,24,5,10,3613.14
21562,7190,21,9,0,7280.73
21563,7190,22,5,0,705.65
21564,7191,4,9,0,2566.89
21565,7191,3,6,0,200.82
21566,7192,8,8,10,2788.78
21567,7192,7,4,0,2342.2
21568,7192,1,10,0,6481.5
21569,7192,6,9,0,5924.61
21570,7192,10,12,0,10171.2
21571,7193,27,11,0,3816.89
21572,7193,28,11,10,2415.3
21573,7193,10,6,5,4831.32
21574,7194,7,6,15,2986.3
21575,7195,19,3,5,1600.33
21576,7195,26,8,0,4385.36
21577,7195,27,3,0,1040.97
21578,7195,24,11,5,8390.51
21579,7195,22,4,5,536.29
21580,7196,5,7,0,2961.14
21581,7196,21,5,0,4044.85
21582,7197,21,6,0,4853.82
21583,7197,8,2,0,774.66
21584,7197,15,9,0,5347.98
21585,7197,4,6,0,1711.26
21586,7197,16,3,0,598.02
21587,7198,20,11,0,2674.87
21588,7198,25,8,0,2923.76
21589,7198,15,11,0,6536.42
21590,7199,24,11,0,8832.12
21591,7199,10,12,0,10171.2
21592,7199,25,2,15,621.3
21593,7199,11,6,0,2225.16
21594,7199,6,6,0,3949.74
21595,7200,13,1,5,144.05
21596,7200,20,9,0,2188.53
21597,7201,27,12,10,3747.49
21598,7201,20,12,0,2918.04
21599,7201,29,10,0,8366.2
21600,7201,4,6,0,1711.26
21601,7202,24,12,0,9635.04
21602,7202,7,9,15,4479.46
21603,7202,20,8,0,1945.36
21604,7203,17,1,0,83.79
21605,7203,26,12,0,6578.04
21606,7203,19,5,0,2807.6
21607,7204,5,10,0,4230.2
21608,7204,21,12,0,9707.64
21609,7204,22,2,5,268.15
21610,7205,22,9,0,1270.17
21611,7206,24,5,5,3813.87
21612,7206,26,7,0,3837.19
21613,7206,28,12,0,2927.64
21614,7207,9,6,0,1460.88
21615,7207,12,1,10,352.72
21616,7208,16,6,0,1196.04
21617,7208,22,6,5,804.44
21618,7208,5,6,0,2538.12
21619,7208,9,10,0,2434.8
21620,7208,8,12,0,4647.96
21621,7209,16,6,5,1136.24
21622,7209,4,9,0,2566.89
21623,7209,18,9,5,4986.53
21624,7210,19,12,15,5727.5
21625,7210,23,3,0,1128.0
21626,7210,1,11,0,7129.65
21627,7210,13,3,0,454.89
21628,7210,24,8,0,6423.36
21629,7211,5,8,0,3384.16
21630,7211,21,8,0,6471.76
21631,7211,16,11,0,2192.74
21632,7212,4,6,15,1454.57
21633,7212,17,10,0,837.9
21634,7212,13,3,0,454.89
21635,7213,12,3,0,1175.73
21636,7214,15,3,0,1782.66
21637,7214,17,5,0,418.95
21638,7214,1,12,0,7777.8
21639,7214,22,10,0,1411.3
21640,7215,6,10,0,6582.9
21641,7215,26,8,0,4385.36
21642,7215,9,10,0,2434.8
21643,7215,24,1,0,802.92
21644,7216,4,12,0,3422.52
21645,7217,13,10,10,1364.67
21646,7217,15,5,0,2971.1
21647,7217,10,9,0,7628.4
21648,7218,28,12,5,2781.26
21649,7218,2,12,0,426.36
21650,7218,26,7,0,3837.19
21651,7218,5,8,0,3384.16
21652,7218,7,5,0,2927.75
21653,7219,22,7,0,987.91
21654,7219,11,3,0,1112.58
21655,7219,9,4,0,973.92
21656,7219,14,11,0,7465.37
21657,7220,12,11,0,4311.01
21658,7220,28,8,10,1756.58
21659,7220,27,2,0,693.98
21660,7220,18,3,0,1749.66
21661,7221,13,4,0,606.52
21662,7221,4,6,0,1711.26
21663,7221,17,1,15,71.22
21664,7221,24,3,0,2408.76
21665,7221,28,8,0,1951.76
21666,7222,25,10,0,3654.7
21667,7222,2,12,0,426.36
21668,7222,13,1,0,151.63
21669,7223,29,3,15,2133.38
21670,7224,29,3,10,2258.87
21671,7224,14,11,10,6718.83
21672,7224,18,8,5,4432.47
21673,7224,23,7,0,2632.0
21674,7225,23,5,0,1880.0
21675,7226,23,12,0,4512.0
21676,7227,18,2,0,1166.44
21677,7227,6,8,0,5266.32
21678,7227,9,11,10,2410.45
21679,7228,28,6,10,1317.44
21680,7229,29,9,0,7529.58
21681,7229,18,4,5,2216.24
21682,7229,19,5,10,2526.84
21683,7230,17,6,0,502.74
21684,7230,7,6,0,3513.3
21685,7230,5,7,0,2961.14
21686,7230,18,3,0,1749.66
21687,7230,24,2,0,1605.84
21688,7231,21,12,0,9707.64
21689,7231,15,7,0,4159.54
21690,7231,16,7,0,1395.38
21691,7231,22,9,0,1270.17
21692,7232,19,6,0,3369.12
21693,7232,3,1,0,33.47
21694,7232,12,5,0,1959.55
21695,7232,16,12,0,2392.08
21696,7232,10,10,0,8476.0
21697,7233,25,7,0,2558.29
21698,7233,8,12,0,4647.96
21699,7233,19,1,0,561.52
21700,7233,29,5,0,4183.1
21701,7233,26,4,0,2192.68
21702,7234,3,6,0,200.82
21703,7235,26,9,0,4933.53
21704,7235,17,6,0,502.74
21705,7235,25,3,0,1096.41
21706,7235,13,2,0,303.26
21707,7236,15,8,0,4753.76
21708,7236,4,10,5,2709.5
21709,7236,29,4,0,3346.48
21710,7236,10,4,0,3390.4
21711,7236,18,7,5,3878.41
21712,7237,21,10,0,8089.7
21713,7238,15,11,0,6536.42
21714,7239,11,9,0,3337.74
21715,7240,5,9,0,3807.18
21716,7240,8,6,0,2323.98
21717,7240,12,11,0,4311.01
21718,7240,25,11,5,3819.16
21719,7240,21,1,15,687.62
21720,7241,2,6,0,213.18
21721,7241,21,9,0,7280.73
21722,7241,24,4,5,3051.1
21723,7242,27,2,5,659.28
21724,7243,24,1,5,762.77
21725,7243,9,3,0,730.44
21726,7244,1,1,0,648.15
21727,7245,7,11,0,6441.05
21728,7245,27,11,0,3816.89
21729,7246,17,10,15,712.22
21730,7246,24,7,0,5620.44
21731,7247,9,1,0,243.48
21732,7247,10,3,0,2542.8
21733,7247,17,1,0,83.79
21734,7247,18,11,5,6094.65
21735,7247,6,11,0,7241.19
21736,7248,13,11,10,1501.14
21737,7248,21,8,0,6471.76
21738,7248,1,9,0,5833.35
21739,7248,16,3,5,568.12
21740,7248,15,11,0,6536.42
21741,7249,7,10,10,5269.95
21742,7249,16,4,10,717.62
21743,7249,28,9,0,2195.73
21744,7249,13,5,5,720.24
21745,7249,17,5,0,418.95
21746,7250,4,7,0,1996.47
21747,7251,26,7,0,3837.19
21748,7251,20,4,0,972.68
21749,7251,23,12,0,4512.0
21750,7251,5,5,0,2115.1
21751,7252,1,9,5,5541.68
21752,7253,8,12,10,4183.16
21753,7253,22,2,0,282.26
21754,7253,26,3,10,1480.06
21755,7253,19,5,0,2807.6
21756,7253,10,3,0,2542.8
21757,7254,26,5,0,2740.85
21758,7254,14,8,0,5429.36
21759,7254,9,5,5,1156.53
21760,7254,22,3,10,381.05
21761,7255,20,5,0,1215.85
21762,7255,8,1,5,367.96
21763,7255,23,5,0,1880.0
21764,7256,27,4,0,1387.96
21765,7256,12,11,0,4311.01
21766,7256,1,3,0,1944.45
21767,7256,9,8,0,1947.84
21768,7256,21,10,15,6876.25
21769,7257,25,4,10,1315.69
21770,7257,15,8,5,4516.07
21771,7257,20,10,0,2431.7
21772,7257,23,11,5,3929.2
21773,7258,9,11,0,2678.28
21774,7259,22,8,0,1129.04
21775,7259,16,5,0,996.7
21776,7259,26,5,5,2603.81
21777,7259,12,10,0,3919.1
21778,7260,20,7,10,1531.97
21779,7260,1,9,0,5833.35
21780,7260,25,8,0,2923.76
21781,7261,3,5,0,167.35
21782,7261,11,7,15,2206.62
21783,7261,23,10,0,3760.0
21784,7262,26,12,10,5920.24
21785,7262,22,6,0,846.78
21786,7262,15,4,10,2139.19
21787,7262,4,2,0,570.42
21788,7262,20,6,15,1240.17
21789,7263,5,5,0,2115.1
21790,7263,17,11,5,875.61
21791,7263,23,3,0,1128.0
21792,7263,29,4,0,3346.48
21793,7264,15,11,10,5882.78
21794,7264,23,7,0,2632.0
21795,7265,18,9,10,4724.08
21796,7266,17,10,10,754.11
21797,7266,18,7,10,3674.29
21798,7266,16,7,10,1255.84
21799,7267,2,2,0,71.06
21800,7267,14,2,10,1221.61
21801,7267,3,11,15,312.94
21802,7267,12,9,5,3350.83
21803,7267,25,3,0,1096.41
21804,7268,7,3,5,1668.82
21805,7268,16,4,0,797.36
21806,7268,19,11,0,6176.72
21807,7268,18,11,0,6415.42
21808,7268,5,11,0,4653.22
21809,7269,16,7,10,1255.84
21810,7269,22,9,10,1143.15
21811,7269,13,8,0,1213.04
21812,7270,16,4,0,797.36
21813,7271,11,8,0,2966.88
21814,7271,13,12,0,1819.56
21815,7272,6,7,0,4608.03
21816,7273,28,4,10,878.29
21817,7274,3,5,5,158.98
21818,7274,16,12,0,2392.08
21819,7274,27,9,0,3122.91
21820,7274,11,6,0,2225.16
21821,7275,21,1,0,808.97
21822,7275,19,5,0,2807.6
21823,7276,28,10,0,2439.7
21824,7276,19,7,0,3930.64
21825,7276,5,11,0,4653.22
21826,7277,4,11,10,2823.58
21827,7277,20,7,0,1702.19
21828,7277,10,11,15,7925.06
21829,7277,13,11,5,1584.53
21830,7278,18,9,15,4461.63
21831,7278,21,7,0,5662.79
21832,7278,23,9,0,3384.0
21833,7278,20,11,0,2674.87
21834,7279,28,6,0,1463.82
21835,7279,18,2,0,1166.44
21836,7279,2,12,0,426.36
21837,7280,11,11,0,4079.46
21838,7280,24,7,0,5620.44
21839,7280,25,5,0,1827.35
21840,7280,10,11,0,9323.6
21841,7281,19,4,0,2246.08
21842,7281,10,7,0,5933.2
21843,7281,28,4,0,975.88
21844,7282,14,6,0,4072.02
21845,7283,25,7,0,2558.29
21846,7283,11,6,0,2225.16
21847,7283,13,4,0,606.52
21848,7284,7,1,0,585.55
21849,7284,23,1,10,338.4
21850,7285,23,11,0,4136.0
21851,7286,13,5,0,758.15
21852,7286,2,8,0,284.24
21853,7286,20,12,0,2918.04
21854,7286,29,2,5,1589.58
21855,7287,9,1,0,243.48
21856,7287,4,4,0,1140.84
21857,7288,13,2,0,303.26
21858,7288,5,10,0,4230.2
21859,7288,17,9,0,754.11
21860,7288,18,6,0,3499.32
21861,7288,24,11,5,8390.51
21862,7289,11,7,0,2596.02
21863,7289,26,6,0,3289.02
21864,7289,17,11,0,921.69
21865,7290,3,6,15,170.7
21866,7290,29,9,5,7153.1
21867,7291,21,2,0,1617.94
21868,7291,28,11,0,2683.67
21869,7291,2,5,0,177.65
21870,7291,7,4,0,2342.2
21871,7291,12,3,5,1116.94
21872,7292,6,9,0,5924.61
21873,7292,17,8,5,636.8
21874,7292,19,7,0,3930.64
21875,7292,16,7,0,1395.38
21876,7292,3,12,0,401.64
21877,7293,15,11,0,6536.42
21878,7293,25,10,0,3654.7
21879,7293,14,12,10,7329.64
21880,7293,24,12,5,9153.29
21881,7294,4,4,5,1083.8
21882,7294,9,4,0,973.92
21883,7295,27,7,0,2428.93
21884,7296,21,10,0,8089.7
21885,7296,5,2,0,846.04
21886,7296,13,12,10,1637.6
21887,7296,1,8,15,4407.42
21888,7296,12,1,0,391.91
21889,7297,9,3,0,730.44
21890,7297,6,10,0,6582.9
21891,7298,25,6,5,2083.18
21892,7298,29,8,0,6692.96
21893,7298,1,11,5,6773.17
21894,7299,20,7,0,1702.19
21895,7299,18,6,0,3499.32
21896,7299,24,10,10,7226.28
21897,7299,21,10,0,8089.7
21898,7299,23,1,10,338.4
21899,7300,2,1,10,31.98
21900,7300,28,12,0,2927.64
21901,7300,18,3,0,1749.66
21902,7300,26,6,0,3289.02
21903,7301,14,2,5,1289.47
21904,7301,12,2,0,783.82
21905,7301,24,5,10,3613.14
21906,7301,19,4,0,2246.08
21907,7302,17,1,0,83.79
21908,7302,7,5,0,2927.75
21909,7303,24,8,0,6423.36
21910,7303,5,12,0,5076.24
21911,7303,14,12,0,8144.04
21912,7303,15,12,5,6774.11
21913,7304,18,1,0,583.22
21914,7304,8,7,0,2711.31
21915,7305,18,3,0,1749.66
21916,7305,27,3,0,1040.97
21917,7305,10,2,0,1695.2
21918,7305,12,7,0,2743.37
21919,7305,6,9,0,5924.61
21920,7306,25,6,0,2192.82
21921,7306,13,4,10,545.87
21922,7306,3,8,0,267.76
21923,7307,15,4,0,2376.88
21924,7307,23,3,0,1128.0
21925,7307,14,1,0,678.67
21926,7307,18,5,10,2624.49
21927,7308,28,3,0,731.91
21928,7308,7,8,0,4684.4
21929,7308,12,5,0,1959.55
21930,7308,8,4,0,1549.32
21931,7308,22,2,0,282.26
21932,7309,11,7,0,2596.02
21933,7309,4,6,0,1711.26
21934,7309,17,7,0,586.53
21935,7309,26,1,0,548.17
21936,7310,24,7,0,5620.44
21937,7310,23,2,15,639.2
21938,7311,24,1,0,802.92
21939,7311,9,7,0,1704.36
21940,7311,25,3,10,986.77
21941,7311,21,5,0,4044.85
21942,7311,2,8,0,284.24
21943,7312,25,3,0,1096.41
21944,7312,18,7,0,4082.54
21945,7312,2,8,0,284.24
21946,7313,20,7,0,1702.19
21947,7313,17,11,15,783.44
21948,7314,6,3,5,1876.13
21949,7315,3,2,0,66.94
21950,7315,21,1,5,768.52
21951,7315,15,1,15,505.09
21952,7316,20,9,0,2188.53
21953,7316,24,8,5,6102.19
21954,7316,10,1,10,762.84
21955,7316,22,7,0,987.91
21956,7317,8,8,0,3098.64
21957,7317,1,2,0,1296.3
21958,7317,24,2,10,1445.26
21959,7318,19,2,0,1123.04
21960,7318,1,7,0,4537.05
21961,7318,12,8,10,2821.75
21962,7318,21,12,0,9707.64
21963,7318,8,10,0,3873.3
21964,7319,25,6,10,1973.54
21965,7319,8,4,0,1549.32
21966,7320,26,1,0,548.17
21967,7320,3,11,10,331.35
21968,7321,21,9,5,6916.69
21969,7321,14,5,0,3393.35
21970,7321,1,12,0,7777.8
21971,7322,5,2,10,761.44
21972,7322,18,7,10,3674.29
21973,7322,4,6,0,1711.26
21974,7323,20,10,0,2431.7
21975,7323,3,5,0,167.35
21976,7323,14,4,15,2307.48
21977,7323,24,3,0,2408.76
21978,7324,17,4,0,335.16
21979,7324,26,1,5,520.76
21980,7324,21,3,0,2426.91
21981,7324,5,5,10,1903.59
21982,7324,23,3,15,958.8
21983,7325,18,7,0,4082.54
21984,7325,14,12,0,8144.04
21985,7325,27,9,0,3122.91
21986,7326,23,12,0,4512.0
21987,7326,8,2,5,735.93
21988,7326,1,10,10,5833.35
21989,7327,22,5,0,705.65
21990,7328,17,6,0,502.74
21991,7329,19,9,0,5053.68
21992,7329,7,1,0,585.55
21993,7329,9,6,0,1460.88
21994,7329,3,2,10,60.25
21995,7329,13,1,5,144.05
21996,7330,2,5,0,177.65
21997,7330,11,7,0,2596.02
21998,7331,15,4,5,2258.04
21999,7331,1,7,0,4537.05
22000,7332,25,6,0,2192.82
22001,7333,10,12,5,9662.64
22002,7333,20,5,0,1215.85
22003,7333,14,4,0,2714.68
22004,7334,23,1,0,376.0
22005,7335,12,2,10,705.44
22006,7335,17,7,15,498.55
22007,7335,18,5,5,2770.3
22008,7336,10,1,0,847.6
22009,7336,18,11,0,6415.42
22010,7336,24,11,0,8832.12
22011,7336,5,3,0,1269.06
22012,7337,23,12,0,4512.0
22013,7338,19,2,0,1123.04
22014,7339,2,12,0,426.36
22015,7339,4,12,0,3422.52
22016,7339,27,10,0,3469.9
22017,7340,29,4,15,2844.51
22018,7340,22,11,0,1552.43
22019,7341,17,2,0,167.58
22020,7341,5,8,0,3384.16
22021,7341,6,11,15,6155.01
22022,7341,14,9,0,6108.03
22023,7342,12,2,0,783.82
22024,7342,11,8,0,2966.88
22025,7342,17,7,0,586.53
22026,7342,26,10,15,4659.44
22027,7342,21,8,0,6471.76
22028,7343,13,10,0,1516.3
22029,7343,19,2,0,1123.04
22030,7343,6,8,0,5266.32
22031,7344,4,4,0,1140.84
22032,7344,29,1,0,836.62
22033,7344,12,12,0,4702.92
22034,7344,16,2,10,358.81
22035,7344,22,1,0,141.13
22036,7345,7,10,0,5855.5
22037,7345,4,2,10,513.38
22038,7345,3,7,0,234.29
22039,7346,26,4,0,2192.68
22040,7346,14,12,0,8144.04
22041,7347,10,10,0,8476.0
22042,7347,6,4,15,2238.19
22043,7347,18,7,5,3878.41
22044,7347,9,5,0,1217.4
22045,7348,6,9,0,5924.61
22046,7349,16,12,0,2392.08
22047,7349,4,5,0,1426.05
22048,7349,23,1,0,376.0
22049,7350,27,6,15,1769.65
22050,7350,7,3,0,1756.65
22051,7350,4,12,15,2909.14
22052,7351,4,6,0,1711.26
22053,7351,17,8,10,603.29
22054,7352,6,7,0,4608.03
22055,7352,20,6,0,1459.02
22056,7352,26,1,10,493.35
22057,7352,17,10,10,754.11
22058,7353,2,1,15,30.2
22059,7353,14,8,0,5429.36
22060,7354,10,7,0,5933.2
22061,7354,8,3,5,1103.89
22062,7354,3,11,0,368.17
22063,7355,14,2,0,1357.34
22064,7355,2,10,0,355.3
22065,7355,25,11,0,4020.17
22066,7355,5,3,0,1269.06
22067,7356,18,11,0,6415.42
22068,7356,12,11,0,4311.01
22069,7357,4,2,0,570.42
22070,7358,13,1,0,151.63
22071,7358,27,12,15,3539.3
22072,7358,19,2,0,1123.04
22073,7358,3,1,0,33.47
22074,7358,6,10,0,6582.9
22075,7359,12,1,0,391.91
22076,7359,9,10,0,2434.8
22077,7359,3,11,0,368.17
22078,7359,28,2,0,487.94
22079,7360,18,1,0,583.22
22080,7360,29,9,0,7529.58
22081,7360,15,2,0,1188.44
22082,7360,10,11,0,9323.6
22083,7360,23,8,0,3008.0
22084,7361,7,3,0,1756.65
22085,7361,17,8,0,670.32
22086,7362,13,9,0,1364.67
22087,7362,25,1,0,365.47
22088,7363,15,8,10,4278.38
22089,7363,21,8,0,6471.76
22090,7363,28,8,0,1951.76
22091,7363,3,8,5,254.37
22092,7363,27,1,0,346.99
22093,7364,15,8,10,4278.38
22094,7364,25,3,0,1096.41
22095,7364,16,12,0,2392.08
22096,7364,22,7,15,839.72
22097,7364,20,9,0,2188.53
22098,7365,29,10,0,8366.2
22099,7366,12,7,0,2743.37
22100,7366,2,5,10,159.89
22101,7366,15,7,0,4159.54
22102,7366,7,1,0,585.55
22103,7366,14,8,0,5429.36
22104,7367,4,10,0,2852.1
22105,7367,1,6,0,3888.9
22106,7367,9,7,10,1533.92
22107,7368,4,10,10,2566.89
22108,7369,5,1,0,423.02
22109,7369,11,6,0,2225.16
22110,7370,13,6,0,909.78
22111,7370,20,7,0,1702.19
22112,7371,5,12,0,5076.24
22113,7371,7,11,0,6441.05
22114,7371,18,8,0,4665.76
22115,7371,23,5,0,1880.0
22116,7371,22,12,0,1693.56
22117,7372,22,3,10,381.05
22118,7372,18,6,0,3499.32
22119,7372,15,1,0,594.22
22120,7372,23,1,0,376.0
22121,7372,16,8,5,1514.98
22122,7373,15,8,0,4753.76
22123,7373,20,12,0,2918.04
22124,7373,13,5,0,758.15
22125,7373,25,12,10,3947.08
22126,7374,25,4,0,1461.88
22127,7374,19,6,0,3369.12
22128,7374,23,9,0,3384.0
22129,7374,2,2,10,63.95
22130,7375,6,8,0,5266.32
22131,7376,23,9,15,2876.4
22132,7376,27,8,15,2359.53
22133,7376,5,5,0,2115.1
22134,7377,19,4,0,2246.08
22135,7377,24,6,15,4094.89
22136,7377,22,10,0,1411.3
22137,7377,15,10,5,5645.09
22138,7377,13,11,10,1501.14
22139,7378,12,5,0,1959.55
22140,7378,24,4,0,3211.68
22141,7378,26,9,0,4933.53
22142,7378,6,4,0,2633.16
22143,7378,28,6,0,1463.82
22144,7379,5,10,0,4230.2
22145,7379,29,8,10,6023.66
22146,7379,25,2,0,730.94
22147,7379,26,3,0,1644.51
22148,7379,23,6,0,2256.0
22149,7380,20,10,0,2431.7
22150,7381,2,5,0,177.65
22151,7381,20,7,0,1702.19
22152,7381,28,11,0,2683.67
22153,7381,6,10,10,5924.61
22154,7382,5,8,0,3384.16
22155,7382,22,2,0,282.26
22156,7382,26,10,0,5481.7
22157,7382,10,2,5,1610.44
22158,7383,11,10,0,3708.6
22159,7383,27,4,10,1249.16
22160,7383,17,4,0,335.16
22161,7383,14,6,0,4072.02
22162,7383,8,4,0,1549.32
22163,7384,10,11,10,8391.24
22164,7384,15,2,0,1188.44
22165,7385,2,9,15,271.8
22166,7385,1,4,0,2592.6
22167,7385,27,1,0,346.99
22168,7385,6,6,0,3949.74
22169,7386,17,3,5,238.8
22170,7386,3,9,0,301.23
22171,7386,1,12,0,7777.8
22172,7386,22,12,0,1693.56
22173,7386,27,8,0,2775.92
22174,7387,9,6,0,1460.88
22175,7387,26,6,0,3289.02
22176,7388,10,1,0,847.6
22177,7388,4,3,5,812.85
22178,7389,19,9,15,4295.63
22179,7389,21,8,0,6471.76
22180,7389,3,5,0,167.35
22181,7390,26,2,0,1096.34
22182,7391,3,7,0,234.29
22183,7391,15,10,0,5942.2
22184,7392,5,4,0,1692.08
22185,7392,27,5,0,1734.95
22186,7392,12,12,0,4702.92
22187,7392,1,6,5,3694.45
22188,7392,9,2,0,486.96
22189,7393,9,3,0,730.44
22190,7393,6,3,0,1974.87
22191,7393,28,3,0,731.91
22192,7393,4,10,0,2852.1
22193,7393,16,4,0,797.36
22194,7394,4,9,0,2566.89
22195,7394,19,7,0,3930.64
22196,7394,27,6,10,1873.75
22197,7394,1,1,5,615.74
22198,7395,4,11,10,2823.58
22199,7395,6,5,5,3126.88
22200,7395,22,11,5,1474.81
22201,7395,17,12,0,1005.48
22202,7395,25,8,0,2923.76
22203,7396,8,6,0,2323.98
22204,7397,8,12,0,4647.96
22205,7397,11,8,0,2966.88
22206,7397,10,10,0,8476.0
22207,7397,20,2,0,486.34
22208,7398,19,2,0,1123.04
22209,7398,27,3,0,1040.97
22210,7399,1,5,0,3240.75
22211,7399,14,11,0,7465.37
22212,7400,7,4,0,2342.2
22213,7400,26,9,0,4933.53
22214,7400,23,12,0,4512.0
22215,7401,17,8,0,670.32
22216,7401,23,6,0,2256.0
22217,7401,1,1,0,648.15
22218,7402,20,8,0,1945.36
22219,7402,12,3,10,1058.16
22220,7403,23,9,15,2876.4
22221,7403,19,1,0,561.52
22222,7403,26,12,0,6578.04
22223,7404,9,10,0,2434.8
22224,7404,2,12,0,426.36
22225,7404,18,6,10,3149.39
22226,7404,8,8,0,3098.64
22227,7405,12,3,0,1175.73
22228,7405,15,10,0,5942.2
22229,7405,7,5,0,2927.75
22230,7405,29,4,10,3011.83
22231,7406,14,7,0,4750.69
22232,7407,2,1,10,31.98
22233,7407,28,9,5,2085.94
22234,7407,16,9,0,1794.06
22235,7407,29,6,0,5019.72
22236,7408,12,10,0,3919.1
22237,7408,8,5,0,1936.65
22238,7408,7,4,0,2342.2
22239,7408,11,10,0,3708.6
22240,7409,27,2,5,659.28
22241,7409,4,1,15,242.43
22242,7409,25,12,0,4385.64
22243,7410,4,3,0,855.63
22244,7410,8,8,0,3098.64
22245,7410,29,12,0,10039.44
22246,7411,21,10,0,8089.7
22247,7411,19,4,5,2133.78
22248,7411,7,6,0,3513.3
22249,7412,26,2,0,1096.34
22250,7412,24,1,0,802.92
22251,7413,19,9,0,5053.68
22252,7414,1,4,5,2462.97
22253,7415,14,4,5,2578.95
22254,7415,23,6,5,2143.2
22255,7415,4,8,0,2281.68
22256,7415,8,6,0,2323.98
22257,7415,1,4,0,2592.6
22258,7416,28,11,5,2549.49
22259,7416,3,2,0,66.94
22260,7416,6,2,0,1316.58
22261,7416,10,2,0,1695.2
22262,7416,15,6,0,3565.32
22263,7417,29,4,0,3346.48
22264,7418,5,7,0,2961.14
22265,7418,8,1,15,329.23
22266,7418,6,11,0,7241.19
22267,7419,4,11,0,3137.31
22268,7419,2,3,0,106.59
22269,7419,15,7,0,4159.54
22270,7420,1,5,0,3240.75
22271,7420,27,7,0,2428.93
22272,7420,8,3,0,1161.99
22273,7421,29,4,0,3346.48
22274,7422,2,7,15,211.4
22275,7422,8,10,0,3873.3
22276,7422,13,12,0,1819.56
22277,7423,26,11,0,6029.87
22278,7423,14,4,0,2714.68
22279,7424,21,8,0,6471.76
22280,7425,17,4,0,335.16
22281,7425,5,5,10,1903.59
22282,7425,8,7,0,2711.31
22283,7426,18,6,0,3499.32
22284,7426,22,5,5,670.37
22285,7426,25,8,0,2923.76
22286,7426,19,11,5,5867.88
22287,7426,17,1,0,83.79
22288,7427,2,7,5,236.27
22289,7428,27,9,0,3122.91
22290,7428,20,2,5,462.02
22291,7428,9,1,0,243.48
22292,7428,6,8,0,5266.32
22293,7428,18,10,0,5832.2
22294,7429,18,7,0,4082.54
22295,7430,10,2,0,1695.2
22296,7430,15,5,0,2971.1
22297,7431,27,12,0,4163.88
22298,7432,5,3,0,1269.06
22299,7432,9,5,0,1217.4
22300,7433,24,6,0,4817.52
22301,7433,20,7,0,1702.19
22302,7433,6,2,0,1316.58
22303,7433,23,7,0,2632.0
22304,7434,16,6,5,1136.24
22305,7434,3,7,0,234.29
22306,7434,27,5,0,1734.95
22307,7434,7,11,0,6441.05
22308,7434,6,2,0,1316.58
22309,7435,3,5,0,167.35
22310,7435,16,2,0,398.68
22311,7435,13,4,0,606.52
22312,7436,7,7,0,4098.85
22313,7436,13,7,0,1061.41
22314,7437,29,3,0,2509.86
22315,7438,8,2,0,774.66
22316,7438,26,6,10,2960.12
22317,7438,14,7,0,4750.69
22318,7438,10,12,0,10171.2
22319,7438,23,6,5,2143.2
22320,7439,8,11,0,4260.63
22321,7439,10,10,0,8476.0
22322,7439,12,2,0,783.82
22323,7439,17,11,15,783.44
22324,7440,26,9,5,4686.85
22325,7440,4,3,5,812.85
22326,7440,18,10,0,5832.2
22327,7440,3,1,0,33.47
22328,7441,17,12,0,1005.48
22329,7441,7,5,0,2927.75
22330,7442,19,2,0,1123.04
22331,7442,2,10,0,355.3
22332,7443,1,11,0,7129.65
22333,7444,14,10,0,6786.7
22334,7444,4,10,0,2852.1
22335,7444,18,5,0,2916.1
22336,7444,11,9,0,3337.74
22337,7444,25,2,0,730.94
22338,7445,17,1,0,83.79
22339,7445,8,2,0,774.66
22340,7445,13,4,5,576.19
22341,7446,21,12,0,9707.64
22342,7446,3,12,0,401.64
22343,7446,16,7,0,1395.38
22344,7447,6,10,0,6582.9
22345,7447,20,2,0,486.34
22346,7448,26,6,5,3124.57
22347,7448,1,3,0,1944.45
22348,7448,12,1,5,372.31
22349,7448,16,2,15,338.88
22350,7449,7,2,10,1053.99
22351,7450,26,3,0,1644.51
22352,7451,5,11,0,4653.22
22353,7451,12,5,0,1959.55
22354,7451,15,12,0,7130.64
22355,7451,22,5,0,705.65
22356,7451,13,7,10,955.27
22357,7452,7,9,5,5006.45
22358,7452,29,7,0,5856.34
22359,7452,11,7,0,2596.02
22360,7452,25,6,0,2192.82
22361,7452,8,10,0,3873.3
22362,7453,29,12,0,10039.44
22363,7454,22,3,0,423.39
22364,7454,12,10,0,3919.1
22365,7454,6,2,0,1316.58
22366,7454,23,4,0,1504.0
22367,7455,28,11,0,2683.67
22368,7455,4,6,0,1711.26
22369,7455,1,10,10,5833.35
22370,7455,25,2,0,730.94
22371,7456,27,12,0,4163.88
22372,7456,24,11,0,8832.12
22373,7456,22,10,0,1411.3
22374,7457,14,3,0,2036.01
22375,7457,18,12,0,6998.64
22376,7458,28,2,0,487.94
22377,7459,12,9,10,3174.47
22378,7460,14,2,0,1357.34
22379,7460,21,6,0,4853.82
22380,7461,3,4,0,133.88
22381,7461,28,5,10,1097.86
22382,7462,27,12,10,3747.49
22383,7462,10,1,5,805.22
22384,7462,29,12,0,10039.44
22385,7463,25,7,0,2558.29
22386,7463,5,3,0,1269.06
22387,7463,24,7,0,5620.44
22388,7464,13,3,0,454.89
22389,7464,29,1,0,836.62
22390,7465,15,5,0,2971.1
22391,7465,4,3,0,855.63
22392,7466,21,8,0,6471.76
22393,7466,14,1,0,678.67
22394,7466,5,8,0,3384.16
22395,7466,6,8,0,5266.32
22396,7467,22,3,0,423.39
22397,7467,23,10,5,3572.0
22398,7467,4,12,0,3422.52
22399,7468,4,9,0,2566.89
22400,7468,11,8,10,2670.19
22401,7468,24,11,0,8832.12
22402,7468,16,12,10,2152.87
22403,7468,18,7,0,4082.54
22404,7469,18,5,0,2916.1
22405,7469,17,1,0,83.79
22406,7469,5,9,0,3807.18
22407,7469,27,12,0,4163.88
22408,7470,2,1,0,35.53
22409,7471,23,3,0,1128.0
22410,7471,5,5,0,2115.1
22411,7471,12,12,15,3997.48
22412,7472,18,4,0,2332.88
22413,7472,23,12,0,4512.0
22414,7473,16,1,5,189.37
22415,7474,1,12,5,7388.91
22416,7474,17,8,0,670.32
22417,7474,26,3,10,1480.06
22418,7474,19,5,0,2807.6
22419,7474,5,8,0,3384.16
22420,7475,12,5,0,1959.55
22421,7475,3,3,0,100.41
22422,7475,6,7,0,4608.03
22423,7476,18,7,10,3674.29
22424,7477,8,10,0,3873.3
22425,7477,12,11,5,4095.46
22426,7477,21,4,0,3235.88
22427,7477,18,10,10,5248.98
22428,7477,20,3,0,729.51
22429,7478,22,10,15,1199.6
22430,7478,1,9,0,5833.35
22431,7479,3,4,0,133.88
22432,7479,28,9,5,2085.94
22433,7480,7,3,0,1756.65
22434,7480,5,9,10,3426.46
22435,7480,22,10,5,1340.74
22436,7480,28,4,0,975.88
22437,7480,2,7,0,248.71
22438,7481,25,8,0,2923.76
22439,7481,11,9,0,3337.74
22440,7482,28,1,0,243.97
22441,7482,17,8,0,670.32
22442,7482,21,12,0,9707.64
22443,7482,13,1,0,151.63
22444,7482,3,5,0,167.35
22445,7483,1,6,0,3888.9
22446,7483,5,8,0,3384.16
22447,7484,23,2,0,752.0
22448,7484,20,9,0,2188.53
22449,7485,27,10,0,3469.9
22450,7485,13,4,0,606.52
22451,7485,5,2,0,846.04
22452,7486,24,11,0,8832.12
22453,7486,19,10,0,5615.2
22454,7486,7,10,10,5269.95
22455,7486,17,3,0,251.37
22456,7487,1,6,0,3888.9
22457,7487,15,4,0,2376.88
22458,7488,1,12,0,7777.8
22459,7488,27,1,0,346.99
22460,7488,18,6,10,3149.39
22461,7488,21,1,5,768.52
22462,7489,5,8,0,3384.16
22463,7490,26,12,0,6578.04
22464,7491,5,10,0,4230.2
22465,7491,17,5,0,418.95
22466,7491,15,11,0,6536.42
22467,7492,3,7,10,210.86
22468,7492,19,4,0,2246.08
22469,7492,21,6,0,4853.82
22470,7492,27,8,0,2775.92
22471,7492,18,7,0,4082.54
22472,7493,26,3,0,1644.51
22473,7493,16,2,0,398.68
22474,7493,20,4,5,924.05
22475,7493,7,9,0,5269.95
22476,7494,3,6,0,200.82
22477,7494,9,2,0,486.96
22478,7494,20,10,0,2431.7
22479,7494,19,5,0,2807.6
22480,7494,27,9,0,3122.91
22481,7495,11,5,15,1576.16
22482,7495,9,12,0,2921.76
22483,7495,24,3,0,2408.76
22484,7496,21,6,0,4853.82
22485,7496,11,6,0,2225.16
22486,7496,28,2,0,487.94
22487,7496,27,4,0,1387.96
22488,7496,24,4,10,2890.51
22489,7497,18,10,0,5832.2
22490,7497,3,2,0,66.94
22491,7497,2,6,0,213.18
22492,7498,12,7,0,2743.37
22493,7498,22,4,0,564.52
22494,7498,25,11,15,3417.14
22495,7498,21,12,5,9222.26
22496,7498,17,6,15,427.33
22497,7499,9,1,0,243.48
22498,7500,3,5,0,167.35
22499,7500,16,6,10,1076.44
22500,7500,7,2,10,1053.99
22501,7500,10,11,0,9323.6
22502,7501,11,7,0,2596.02
22503,7501,24,6,0,4817.52
22504,7502,5,6,0,2538.12
22505,7503,18,2,0,1166.44
22506,7503,23,8,15,2556.8
22507,7503,3,4,0,133.88
22508,7504,20,4,10,875.41
22509,7504,1,5,5,3078.71
22510,7505,28,9,0,2195.73
22511,7505,1,8,0,5185.2
22512,7505,3,1,0,33.47
22513,7505,14,12,0,8144.04
22514,7506,5,4,0,1692.08
22515,7506,9,11,0,2678.28
22516,7507,5,3,0,1269.06
22517,7508,23,2,0,752.0
22518,7508,19,9,10,4548.31
22519,7508,10,10,0,8476.0
22520,7508,9,11,5,2544.37
22521,7509,28,6,0,1463.82
22522,7509,24,5,0,4014.6
22523,7510,2,3,0,106.59
22524,7510,8,2,0,774.66
22525,7510,24,2,5,1525.55
22526,7511,20,10,0,2431.7
22527,7511,18,7,0,4082.54
22528,7511,3,4,10,120.49
22529,7512,17,2,5,159.2
22530,7512,3,2,0,66.94
22531,7513,28,4,0,975.88
22532,7513,20,2,0,486.34
22533,7514,14,7,0,4750.69
22534,7514,22,3,0,423.39
22535,7514,17,4,0,335.16
22536,7514,25,1,15,310.65
22537,7514,21,7,0,5662.79
22538,7515,27,5,0,1734.95
22539,7515,25,11,0,4020.17
22540,7515,7,1,5,556.27
22541,7515,20,1,0,243.17
22542,7515,13,4,0,606.52
22543,7516,26,9,0,4933.53
22544,7517,1,12,0,7777.8
22545,7517,3,7,5,222.58
22546,7518,26,12,0,6578.04
22547,7518,20,2,10,437.71
22548,7518,8,11,0,4260.63
22549,7519,27,2,0,693.98
22550,7519,14,9,0,6108.03
22551,7520,16,12,5,2272.48
22552,7521,17,2,5,159.2
22553,7521,6,8,0,5266.32
22554,7521,10,1,0,847.6
22555,7521,27,3,0,1040.97
22556,7521,20,9,0,2188.53
22557,7522,10,7,0,5933.2
22558,7523,27,8,0,2775.92
22559,7523,6,11,15,6155.01
22560,7523,12,11,10,3879.91
22561,7523,9,4,0,973.92
22562,7523,10,3,0,2542.8
22563,7524,6,10,0,6582.9
22564,7524,8,10,0,3873.3
22565,7524,23,10,0,3760.0
22566,7525,24,11,5,8390.51
22567,7525,27,3,15,884.82
22568,7526,29,11,0,9202.82
22569,7526,14,5,0,3393.35
22570,7527,4,4,0,1140.84
22571,7527,13,12,0,1819.56
22572,7527,24,4,0,3211.68
22573,7528,15,2,0,1188.44
22574,7528,9,1,0,243.48
22575,7529,13,1,0,151.63
22576,7530,25,7,0,2558.29
22577,7530,19,1,0,561.52
22578,7530,14,2,15,1153.74
22579,7531,21,2,0,1617.94
22580,7531,13,4,0,606.52
22581,7531,28,2,0,487.94
22582,7532,29,6,0,5019.72
22583,7532,20,12,5,2772.14
22584,7532,7,8,0,4684.4
22585,7533,19,1,0,561.52
22586,7533,4,12,0,3422.52
22587,7534,14,11,0,7465.37
22588,7534,13,4,5,576.19
22589,7535,20,12,15,2480.33
22590,7535,29,8,0,6692.96
22591,7535,1,3,0,1944.45
22592,7535,4,11,0,3137.31
22593,7536,22,2,0,282.26
22594,7536,24,12,0,9635.04
22595,7536,26,9,0,4933.53
22596,7536,20,10,10,2188.53
22597,7537,27,9,0,3122.91
22598,7537,14,8,0,5429.36
22599,7537,23,12,0,4512.0
22600,7537,2,9,10,287.79
22601,7537,13,8,0,1213.04
22602,7538,3,12,15,341.39
22603,7538,12,8,0,3135.28
22604,7538,18,6,0,3499.32
22605,7538,21,2,0,1617.94
22606,7539,28,8,0,1951.76
22607,7539,14,11,0,7465.37
22608,7539,9,2,10,438.26
22609,7539,5,3,0,1269.06
22610,7540,10,9,0,7628.4
22611,7540,11,2,0,741.72
22612,7540,24,9,0,7226.28
22613,7540,9,10,0,2434.8
22614,7540,20,4,0,972.68
22615,7541,8,1,0,387.33
22616,7541,20,5,15,1033.47
22617,7542,25,1,5,347.2
22618,7542,2,5,0,177.65
22619,7543,23,5,0,1880.0
22620,7543,9,6,0,1460.88
22621,7543,11,6,0,2225.16
22622,7543,17,12,0,1005.48
22623,7543,18,9,0,5248.98
22624,7544,2,11,10,351.75
22625,7545,23,5,0,1880.0
22626,7545,2,2,0,71.06
22627,7546,21,8,0,6471.76
22628,7547,28,5,0,1219.85
22629,7547,8,12,10,4183.16
22630,7547,13,11,0,1667.93
22631,7547,4,1,5,270.95
22632,7548,19,6,0,3369.12
22633,7549,27,6,0,2081.94
22634,7549,20,10,0,2431.7
22635,7549,26,4,5,2083.05
22636,7549,14,10,0,6786.7
22637,7549,25,2,0,730.94
22638,7550,14,4,0,2714.68
22639,7550,7,11,5,6119.0
22640,7550,16,7,0,1395.38
22641,7551,3,6,0,200.82
22642,7552,21,4,0,3235.88
22643,7552,1,4,0,2592.6
22644,7552,9,10,0,2434.8
22645,7552,7,3,0,1756.65
22646,7552,3,8,0,267.76
22647,7553,14,6,0,4072.02
22648,7553,25,5,10,1644.62
22649,7553,24,1,0,802.92
22650,7553,28,7,10,1537.01
22651,7553,12,4,15,1332.49
22652,7554,18,8,0,4665.76
22653,7554,9,1,0,243.48
22654,7554,14,3,0,2036.01
22655,7554,6,1,0,658.29
22656,7555,1,6,0,3888.9
22657,7556,10,3,0,2542.8
22658,7556,15,1,5,564.51
22659,7556,12,11,0,4311.01
22660,7557,9,12,0,2921.76
22661,7557,26,6,0,3289.02
22662,7557,19,4,10,2021.47
22663,7558,17,5,0,418.95
22664,7558,11,1,10,333.77
22665,7558,18,8,0,4665.76
22666,7559,22,11,0,1552.43
22667,7559,29,7,0,5856.34
22668,7559,7,8,5,4450.18
22669,7559,18,8,5,4432.47
22670,7559,1,12,0,7777.8
22671,7560,25,10,0,3654.7
22672,7560,28,3,0,731.91
22673,7560,11,11,0,4079.46
22674,7560,18,12,0,6998.64
22675,7560,1,12,0,7777.8
22676,7561,14,12,0,8144.04
22677,7562,26,11,15,5125.39
22678,7562,28,11,5,2549.49
22679,7563,27,10,10,3122.91
22680,7564,16,2,5,378.75
22681,7565,8,7,0,2711.31
22682,7565,14,2,0,1357.34
22683,7565,16,12,0,2392.08
22684,7566,19,9,10,4548.31
22685,7566,23,12,0,4512.0
22686,7566,28,1,0,243.97
22687,7566,21,5,10,3640.36
22688,7567,19,9,15,4295.63
22689,7567,17,7,0,586.53
22690,7567,8,7,0,2711.31
22691,7568,3,7,0,234.29
22692,7568,27,5,0,1734.95
22693,7568,12,5,0,1959.55
22694,7568,28,3,10,658.72
22695,7568,23,7,0,2632.0
22696,7569,20,8,0,1945.36
22697,7569,15,1,5,564.51
22698,7569,10,12,0,10171.2
22699,7570,3,7,0,234.29
22700,7570,4,8,0,2281.68
22701,7570,20,2,0,486.34
22702,7570,23,2,0,752.0
22703,7570,6,1,0,658.29
22704,7571,26,1,0,548.17
22705,7571,23,4,0,1504.0
22706,7571,7,4,0,2342.2
22707,7571,20,3,0,729.51
22708,7572,15,12,15,6061.04
22709,7573,29,4,0,3346.48
22710,7573,4,1,0,285.21
22711,7573,18,8,0,4665.76
22712,7574,6,7,0,4608.03
22713,7574,19,11,0,6176.72
22714,7574,18,7,0,4082.54
22715,7575,9,10,0,2434.8
22716,7575,17,8,0,670.32
22717,7575,29,11,0,9202.82
22718,7575,10,5,0,4238.0
22719,7575,28,10,0,2439.7
22720,7576,4,4,5,1083.8
22721,7577,20,4,0,972.68
22722,7577,19,9,0,5053.68
22723,7577,1,2,5,1231.48
22724,7578,6,10,0,6582.9
22725,7578,10,10,0,8476.0
22726,7578,27,12,0,4163.88
22727,7578,23,9,0,3384.0
22728,7579,21,5,15,3438.12
22729,7579,22,7,0,987.91
22730,7580,9,5,0,1217.4
22731,7580,27,8,0,2775.92
22732,7581,20,2,0,486.34
22733,7581,29,2,0,1673.24
22734,7581,2,11,0,390.83
22735,7581,3,4,10,120.49
22736,7581,21,1,0,808.97
22737,7582,3,5,0,167.35
22738,7582,2,4,0,142.12
22739,7582,16,3,0,598.02
22740,7582,7,4,0,2342.2
22741,7583,15,12,0,7130.64
22742,7583,7,7,0,4098.85
22743,7583,11,6,15,1891.39
22744,7584,19,3,0,1684.56
22745,7585,12,2,0,783.82
22746,7585,26,8,0,4385.36
22747,7585,17,1,15,71.22
22748,7585,29,1,0,836.62
22749,7585,8,4,0,1549.32
22750,7586,16,5,15,847.2
22751,7586,23,4,0,1504.0
22752,7586,14,12,0,8144.04
22753,7586,22,3,0,423.39
22754,7587,28,5,0,1219.85
22755,7587,16,1,0,199.34
22756,7587,19,12,10,6064.42
22757,7587,21,6,0,4853.82
22758,7588,26,6,0,3289.02
22759,7588,11,2,5,704.63
22760,7589,4,4,0,1140.84
22761,7589,19,2,0,1123.04
22762,7590,23,2,0,752.0
22763,7590,10,11,0,9323.6
22764,7590,4,2,0,570.42
22765,7591,16,1,0,199.34
22766,7591,20,7,0,1702.19
22767,7592,26,4,0,2192.68
22768,7593,22,4,0,564.52
22769,7593,18,1,0,583.22
22770,7593,16,1,0,199.34
22771,7593,29,6,0,5019.72
22772,7593,11,3,0,1112.58
22773,7594,1,5,0,3240.75
22774,7594,24,3,10,2167.88
22775,7594,18,11,0,6415.42
22776,7595,4,11,0,3137.31
22777,7595,2,4,0,142.12
22778,7595,22,12,0,1693.56
22779,7595,23,6,10,2030.4
22780,7596,19,5,0,2807.6
22781,7596,5,11,10,4187.9
22782,7596,17,3,0,251.37
22783,7596,6,6,0,3949.74
22784,7596,25,7,0,2558.29
22785,7597,15,2,0,1188.44
22786,7597,9,11,0,2678.28
22787,7597,18,6,10,3149.39
22788,7597,3,11,0,368.17
22789,7598,7,7,0,4098.85
22790,7598,4,12,5,3251.39
22791,7599,10,6,0,5085.6
22792,7599,28,6,15,1244.25
22793,7599,5,4,10,1522.87
22794,7600,4,3,0,855.63
22795,7600,9,7,0,1704.36
22796,7600,26,9,0,4933.53
22797,7600,10,3,0,2542.8
22798,7600,28,12,0,2927.64
22799,7601,18,1,5,554.06
22800,7601,25,9,0,3289.23
22801,7601,23,2,0,752.0
22802,7602,16,11,0,2192.74
22803,7602,19,5,0,2807.6
22804,7602,2,1,0,35.53
22805,7602,22,3,5,402.22
22806,7602,15,4,0,2376.88
22807,7603,28,9,15,1866.37
22808,7603,18,6,0,3499.32
22809,7603,20,10,0,2431.7
22810,7604,3,1,0,33.47
22811,7604,14,12,0,8144.04
22812,7604,10,4,0,3390.4
22813,7604,2,11,5,371.29
22814,7604,17,12,0,1005.48
22815,7605,25,9,0,3289.23
22816,7605,2,9,0,319.77
22817,7606,2,8,0,284.24
22818,7607,9,12,0,2921.76
22819,7607,6,11,5,6879.13
22820,7607,22,9,10,1143.15
22821,7607,4,2,0,570.42
22822,7608,2,4,0,142.12
22823,7608,9,6,0,1460.88
22824,7608,25,5,0,1827.35
22825,7608,3,5,10,150.62
22826,7609,23,5,0,1880.0
22827,7609,6,12,0,7899.48
22828,7610,12,8,10,2821.75
22829,7610,11,8,0,2966.88
22830,7610,3,5,0,167.35
22831,7610,22,5,0,705.65
22832,7611,27,7,0,2428.93
22833,7611,17,5,0,418.95
22834,7611,11,10,10,3337.74
22835,7611,18,4,0,2332.88
22836,7611,25,1,5,347.2
22837,7612,5,1,0,423.02
22838,7612,14,1,0,678.67
22839,7612,11,7,0,2596.02
22840,7613,9,9,0,2191.32
22841,7613,13,9,0,1364.67
22842,7613,5,3,0,1269.06
22843,7613,25,7,0,2558.29
22844,7613,14,5,0,3393.35
22845,7614,28,12,0,2927.64
22846,7614,17,11,0,921.69
22847,7615,24,4,0,3211.68
22848,7615,15,8,10,4278.38
22849,7615,6,8,0,5266.32
22850,7616,6,6,0,3949.74
22851,7616,17,11,0,921.69
22852,7616,12,5,0,1959.55
22853,7616,27,11,0,3816.89
22854,7616,22,7,0,987.91
22855,7617,9,3,0,730.44
22856,7618,3,1,10,30.12
22857,7618,20,8,15,1653.56
22858,7618,5,3,0,1269.06
22859,7619,26,6,0,3289.02
22860,7619,3,12,0,401.64
22861,7619,25,4,0,1461.88
22862,7620,2,2,0,71.06
22863,7621,28,10,0,2439.7
22864,7622,19,3,0,1684.56
22865,7622,17,11,0,921.69
22866,7623,8,1,0,387.33
22867,7623,11,8,0,2966.88
22868,7623,20,10,0,2431.7
22869,7623,23,3,0,1128.0
22870,7624,5,11,0,4653.22
22871,7624,2,2,0,71.06
22872,7624,4,12,15,2909.14
22873,7625,25,2,0,730.94
22874,7625,5,11,10,4187.9
22875,7626,23,3,0,1128.0
22876,7626,18,6,0,3499.32
22877,7627,28,12,0,2927.64
22878,7627,25,11,15,3417.14
22879,7628,27,4,0,1387.96
22880,7628,26,11,10,5426.88
22881,7628,13,11,15,1417.74
22882,7629,6,5,0,3291.45
22883,7629,24,5,0,4014.6
22884,7629,1,3,0,1944.45
22885,7629,27,8,0,2775.92
22886,7629,10,9,5,7246.98
22887,7630,23,11,0,4136.0
22888,7630,25,4,0,1461.88
22889,7631,19,10,0,5615.2
22890,7631,3,5,10,150.62
22891,7631,17,10,0,837.9
22892,7631,2,7,0,248.71
22893,7632,20,5,0,1215.85
22894,7632,11,10,0,3708.6
22895,7632,4,12,0,3422.52
22896,7633,21,6,0,4853.82
22897,7633,20,8,0,1945.36
22898,7633,11,12,0,4450.32
22899,7633,23,9,0,3384.0
22900,7633,9,2,5,462.61
22901,7634,26,12,0,6578.04
22902,7634,23,2,0,752.0
22903,7635,18,11,0,6415.42
22904,7635,9,12,0,2921.76
22905,7635,10,11,0,9323.6
22906,7636,29,12,0,10039.44
22907,7636,14,2,0,1357.34
22908,7636,4,9,5,2438.55
22909,7636,19,4,0,2246.08
22910,7637,9,1,10,219.13
22911,7637,3,3,0,100.41
22912,7637,25,4,0,1461.88
22913,7638,6,11,5,6879.13
22914,7638,10,3,0,2542.8
22915,7638,3,8,0,267.76
22916,7638,23,7,0,2632.0
22917,7639,1,5,5,3078.71
22918,7639,18,12,0,6998.64
22919,7639,20,1,0,243.17
22920,7639,15,11,10,5882.78
22921,7640,3,12,0,401.64
22922,7640,9,7,0,1704.36
22923,7640,19,6,0,3369.12
22924,7641,20,2,0,486.34
22925,7642,9,4,0,973.92
22926,7642,14,9,0,6108.03
22927,7642,1,2,0,1296.3
22928,7642,11,2,15,630.46
22929,7643,10,3,0,2542.8
22930,7644,18,12,0,6998.64
22931,7644,10,10,0,8476.0
22932,7644,9,3,0,730.44
22933,7644,20,1,0,243.17
22934,7644,21,8,0,6471.76
22935,7645,7,11,0,6441.05
22936,7645,3,11,0,368.17
22937,7645,19,6,0,3369.12
22938,7646,7,9,0,5269.95
22939,7646,29,12,0,10039.44
22940,7647,7,8,0,4684.4
22941,7647,11,8,0,2966.88
22942,7647,27,5,10,1561.46
22943,7647,2,3,0,106.59
22944,7648,13,6,15,773.31
22945,7648,17,12,0,1005.48
22946,7649,6,11,0,7241.19
22947,7649,25,8,0,2923.76
22948,7650,24,9,0,7226.28
22949,7650,10,4,5,3220.88
22950,7650,28,10,0,2439.7
22951,7650,3,7,0,234.29
22952,7651,2,3,0,106.59
22953,7651,8,2,0,774.66
22954,7651,16,6,0,1196.04
22955,7651,29,2,5,1589.58
22956,7651,9,1,10,219.13
22957,7652,14,1,10,610.8
22958,7652,23,8,0,3008.0
22959,7652,24,8,10,5781.02
22960,7652,7,3,0,1756.65
22961,7653,8,11,5,4047.6
22962,7653,25,11,0,4020.17
22963,7654,21,10,0,8089.7
22964,7654,28,11,0,2683.67
22965,7654,27,7,15,2064.59
22966,7654,12,6,5,2233.89
22967,7655,2,6,0,213.18
22968,7656,12,2,5,744.63
22969,7656,2,1,0,35.53
22970,7657,5,9,0,3807.18
22971,7658,29,2,0,1673.24
22972,7658,6,9,0,5924.61
22973,7659,19,11,0,6176.72
22974,7660,15,1,0,594.22
22975,7660,27,8,0,2775.92
22976,7660,22,10,0,1411.3
22977,7661,21,8,0,6471.76
22978,7661,1,4,10,2333.34
22979,7661,13,2,0,303.26
22980,7661,5,3,15,1078.7
22981,7662,8,5,5,1839.82
22982,7662,26,2,0,1096.34
22983,7663,25,3,0,1096.41
22984,7664,29,11,15,7822.4
22985,7664,15,6,0,3565.32
22986,7664,27,10,0,3469.9
22987,7664,2,11,0,390.83
22988,7665,24,9,0,7226.28
22989,7666,3,1,0,33.47
22990,7667,22,3,0,423.39
22991,7667,28,3,0,731.91
22992,7667,5,1,0,423.02
22993,7667,17,9,0,754.11
22994,7668,18,2,0,1166.44
22995,7668,25,3,0,1096.41
22996,7668,20,2,0,486.34
22997,7668,17,9,5,716.4
22998,7669,28,3,0,731.91
22999,7669,14,4,0,2714.68
23000,7669,26,10,5,5207.62
23001,7670,23,10,5,3572.0
23002,7670,18,7,0,4082.54
23003,7670,10,1,10,762.84
23004,7671,21,2,10,1456.15
23005,7671,27,6,10,1873.75
23006,7672,13,9,10,1228.2
23007,7672,11,12,0,4450.32
23008,7672,12,8,10,2821.75
23009,7672,10,6,0,5085.6
23010,7672,5,2,0,846.04
23011,7673,12,10,0,3919.1
23012,7673,14,1,0,678.67
23013,7673,3,4,0,133.88
23014,7673,6,3,15,1678.64
23015,7674,2,9,10,287.79
23016,7674,14,9,0,6108.03
23017,7674,27,1,15,294.94
23018,7674,9,7,0,1704.36
23019,7674,8,1,0,387.33
23020,7675,16,8,0,1594.72
23021,7676,12,12,15,3997.48
23022,7676,11,5,0,1854.3
23023,7677,19,1,0,561.52
23024,7678,18,7,0,4082.54
23025,7678,21,8,10,5824.58
23026,7678,4,11,0,3137.31
23027,7678,10,6,0,5085.6
23028,7678,6,9,10,5332.15
23029,7679,5,6,0,2538.12
23030,7679,7,11,0,6441.05
23031,7679,4,9,0,2566.89
23032,7680,22,6,0,846.78
23033,7680,20,10,0,2431.7
23034,7680,16,2,0,398.68
23035,7680,4,5,0,1426.05
23036,7680,5,6,0,2538.12
23037,7681,1,8,10,4666.68
23038,7681,20,3,5,693.03
23039,7681,19,4,0,2246.08
23040,7681,10,7,0,5933.2
23041,7681,3,7,0,234.29
23042,7682,6,3,10,1777.38
23043,7682,17,8,0,670.32
23044,7682,11,3,0,1112.58
23045,7682,2,9,0,319.77
23046,7683,22,9,5,1206.66
23047,7684,23,1,0,376.0
23048,7684,14,5,0,3393.35
23049,7685,25,5,10,1644.62
23050,7685,5,11,0,4653.22
23051,7685,14,6,0,4072.02
23052,7685,15,1,10,534.8
23053,7685,16,11,0,2192.74
23054,7686,22,3,0,423.39
23055,7686,17,2,10,150.82
23056,7686,16,8,0,1594.72
23057,7686,15,7,10,3743.59
23058,7687,23,5,0,1880.0
23059,7687,26,10,0,5481.7
23060,7688,17,5,0,418.95
23061,7688,12,2,0,783.82
23062,7688,21,7,0,5662.79
23063,7688,2,12,10,383.72
23064,7688,29,7,0,5856.34
23065,7689,25,8,0,2923.76
23066,7690,1,11,0,7129.65
23067,7690,7,12,0,7026.6
23068,7690,29,7,0,5856.34
23069,7690,20,10,0,2431.7
23070,7690,9,9,15,1862.62
23071,7691,7,9,5,5006.45
23072,7691,2,6,15,181.2
23073,7691,26,8,10,3946.82
23074,7692,3,2,0,66.94
23075,7693,13,8,5,1152.39
23076,7693,20,11,0,2674.87
23077,7693,21,3,0,2426.91
23078,7693,9,7,0,1704.36
23079,7694,4,8,0,2281.68
23080,7694,14,10,0,6786.7
23081,7694,11,4,0,1483.44
23082,7694,19,11,0,6176.72
23083,7694,13,10,0,1516.3
23084,7695,11,6,5,2113.9
23085,7695,28,4,15,829.5
23086,7695,18,8,0,4665.76
23087,7695,21,8,0,6471.76
23088,7695,9,1,0,243.48
23089,7696,5,10,0,4230.2
23090,7696,25,4,10,1315.69
23091,7696,2,2,0,71.06
23092,7697,26,6,0,3289.02
23093,7697,21,11,0,8898.67
23094,7697,4,11,0,3137.31
23095,7698,18,5,0,2916.1
23096,7698,27,4,5,1318.56
23097,7699,7,5,0,2927.75
23098,7700,8,1,15,329.23
23099,7700,10,8,0,6780.8
23100,7700,6,11,0,7241.19
23101,7701,26,6,0,3289.02
23102,7701,22,2,0,282.26
23103,7701,21,9,0,7280.73
23104,7701,29,8,0,6692.96
23105,7702,26,3,0,1644.51
23106,7702,8,7,0,2711.31
23107,7702,20,12,0,2918.04
23108,7702,6,10,0,6582.9
23109,7702,24,3,0,2408.76
23110,7703,6,11,5,6879.13
23111,7703,7,12,10,6323.94
23112,7704,18,6,0,3499.32
23113,7704,6,8,5,5003.0
23114,7705,9,7,0,1704.36
23115,7705,22,8,0,1129.04
23116,7705,1,3,0,1944.45
23117,7706,22,1,5,134.07
23118,7706,17,1,0,83.79
23119,7707,22,10,0,1411.3
23120,7707,10,6,0,5085.6
23121,7707,2,10,0,355.3
23122,7707,27,2,0,693.98
23123,7707,26,6,0,3289.02
23124,7708,26,3,0,1644.51
23125,7708,19,6,5,3200.66
23126,7708,27,7,0,2428.93
23127,7709,25,10,0,3654.7
23128,7710,14,6,0,4072.02
23129,7711,10,7,0,5933.2
23130,7711,20,11,0,2674.87
23131,7712,22,1,0,141.13
23132,7712,14,4,0,2714.68
23133,7713,4,11,0,3137.31
23134,7713,3,7,0,234.29
23135,7714,19,3,0,1684.56
23136,7714,4,10,5,2709.5
23137,7715,10,12,5,9662.64
23138,7715,28,9,0,2195.73
23139,7715,14,5,5,3223.68
23140,7715,15,10,10,5347.98
23141,7716,19,12,10,6064.42
23142,7716,14,8,0,5429.36
23143,7716,12,1,0,391.91
23144,7716,5,12,0,5076.24
23145,7717,18,1,0,583.22
23146,7717,19,1,15,477.29
23147,7717,2,8,0,284.24
23148,7717,3,5,0,167.35
23149,7718,19,4,5,2133.78
23150,7718,20,4,5,924.05
23151,7718,18,8,0,4665.76
23152,7719,22,12,0,1693.56
23153,7719,20,10,0,2431.7
23154,7719,10,2,0,1695.2
23155,7720,17,5,0,418.95
23156,7720,1,5,0,3240.75
23157,7720,2,4,0,142.12
23158,7720,21,7,0,5662.79
23159,7721,10,11,0,9323.6
23160,7722,1,7,0,4537.05
23161,7722,5,3,0,1269.06
23162,7722,8,2,0,774.66
23163,7722,27,6,0,2081.94
23164,7723,25,5,0,1827.35
23165,7723,26,1,0,548.17
23166,7723,28,12,5,2781.26
23167,7723,2,6,0,213.18
23168,7724,18,7,0,4082.54
23169,7724,14,7,0,4750.69
23170,7724,13,2,0,303.26
23171,7724,26,9,10,4440.18
23172,7724,4,3,0,855.63
23173,7725,3,5,0,167.35
23174,7725,21,2,5,1537.04
23175,7725,25,5,0,1827.35
23176,7725,19,3,0,1684.56
23177,7726,20,4,0,972.68
23178,7726,28,11,0,2683.67
23179,7726,6,2,15,1119.09
23180,7727,7,9,0,5269.95
23181,7727,21,9,15,6188.62
23182,7727,13,8,5,1152.39
23183,7727,25,3,0,1096.41
23184,7727,26,7,0,3837.19
23185,7728,8,11,0,4260.63
23186,7728,18,10,0,5832.2
23187,7728,1,3,0,1944.45
23188,7729,29,3,0,2509.86
23189,7729,5,4,0,1692.08
23190,7730,19,10,0,5615.2
23191,7730,13,9,5,1296.44
23192,7730,24,3,5,2288.32
23193,7730,21,2,0,1617.94
23194,7730,4,6,0,1711.26
23195,7731,8,8,0,3098.64
23196,7732,15,3,0,1782.66
23197,7732,2,11,15,332.21
